{
  "type": "FeatureCollection",
  "features": [
    {
      "id": "799",
      "type": "Feature",
      "properties": {
        "zone_id": "Grid-25-24",
        "name": "Grid-25-24",
        "flood_km2": 0.7052,
        "flood_pct": 70.52,
        "zone_area_km2": 1.0,
        "population": 1060.0095,
        "people_affected": 747.5187,
        "facilities_hit": 0,
        "facilities_by_type": {},
        "road_cut_km": 0.0,
        "confidence": "Low",
        "confidence_score": 0.373,
        "reason": "Flagged for on-ground verification: High impact (P1) with Low detection confidence",
        "conf_detail": {
          "agreement_ratio": 0.0,
          "terrain_penalty": 0.0,
          "time_penalty": 0.375,
          "margin_score": 0.741,
          "method_penalty": 0.15
        },
        "breakdown": {
          "severity": 0.3,
          "people": 0.2899,
          "facilities": 0.0,
          "roads": 0.0
        },
        "score": 0.5899,
        "rank": 1,
        "tier": "VERIFY"
      },
      "geometry": {
        "type": "Polygon",
        "coordinates": [
          [
            [
              91.19939936055351,
              26.134675387166496
            ],
            [
              91.1992608714661,
              26.143700595477284
            ],
            [
              91.18926142426758,
              26.143575223363932
            ],
            [
              91.1894006813591,
              26.134550064767435
            ],
            [
              91.19939936055351,
              26.134675387166496
            ]
          ]
        ]
      }
    },
    {
      "id": "164",
      "type": "Feature",
      "properties": {
        "zone_id": "Grid-5-9",
        "name": "Grid-5-9",
        "flood_km2": 0.4932,
        "flood_pct": 49.32,
        "zone_area_km2": 1.0,
        "population": 1390.2573,
        "people_affected": 685.6749,
        "facilities_hit": 0,
        "facilities_by_type": {},
        "road_cut_km": 0.0,
        "confidence": "Low",
        "confidence_score": 0.342,
        "reason": "Flagged for on-ground verification: High impact (P1) with Low detection confidence",
        "conf_detail": {
          "agreement_ratio": 0.0,
          "terrain_penalty": 0.0,
          "time_penalty": 0.375,
          "margin_score": 0.584,
          "method_penalty": 0.15
        },
        "breakdown": {
          "severity": 0.2098,
          "people": 0.2659,
          "facilities": 0.0,
          "roads": 0.0
        },
        "score": 0.4757,
        "rank": 2,
        "tier": "VERIFY"
      },
      "geometry": {
        "type": "Polygon",
        "coordinates": [
          [
            [
              91.04641258375372,
              26.313209145008997
            ],
            [
              91.04626114797125,
              26.32223333601006
            ],
            [
              91.03624730101542,
              26.322096485359666
            ],
            [
              91.03639951176598,
              26.313072348357
            ],
            [
              91.04641258375372,
              26.313209145008997
            ]
          ]
        ]
      }
    },
    {
      "id": "701",
      "type": "Feature",
      "properties": {
        "zone_id": "Grid-22-19",
        "name": "Grid-22-19",
        "flood_km2": 0.3792,
        "flood_pct": 37.92,
        "zone_area_km2": 1.0,
        "population": 2039.9056,
        "people_affected": 773.5322,
        "facilities_hit": 0,
        "facilities_by_type": {},
        "road_cut_km": 0.0,
        "confidence": "Low",
        "confidence_score": 0.369,
        "reason": "Flagged for on-ground verification: High impact (P1) with Low detection confidence",
        "conf_detail": {
          "agreement_ratio": 0.0,
          "terrain_penalty": 0.0,
          "time_penalty": 0.375,
          "margin_score": 0.722,
          "method_penalty": 0.15
        },
        "breakdown": {
          "severity": 0.1613,
          "people": 0.3,
          "facilities": 0.0,
          "roads": 0.0
        },
        "score": 0.4613,
        "rank": 3,
        "tier": "VERIFY"
      },
      "geometry": {
        "type": "Polygon",
        "coordinates": [
          [
            [
              91.14897943981127,
              26.161116678306577
            ],
            [
              91.14883690811536,
              26.170141599202342
            ],
            [
              91.13883548931156,
              26.170012606618187
            ],
            [
              91.1389787899936,
              26.16098773683396
            ],
            [
              91.14897943981127,
              26.161116678306577
            ]
          ]
        ]
      }
    },
    {
      "id": "853",
      "type": "Feature",
      "properties": {
        "zone_id": "Grid-27-16",
        "name": "Grid-27-16",
        "flood_km2": 0.5448,
        "flood_pct": 54.48,
        "zone_area_km2": 1.0,
        "population": 1021.9391,
        "people_affected": 556.7524,
        "facilities_hit": 0,
        "facilities_by_type": {},
        "road_cut_km": 0.0,
        "confidence": "Low",
        "confidence_score": 0.342,
        "reason": "Flagged for on-ground verification: High impact (P1) with Low detection confidence",
        "conf_detail": {
          "agreement_ratio": 0.0,
          "terrain_penalty": 0.0,
          "time_penalty": 0.375,
          "margin_score": 0.583,
          "method_penalty": 0.15
        },
        "breakdown": {
          "severity": 0.2318,
          "people": 0.2159,
          "facilities": 0.0,
          "roads": 0.0
        },
        "score": 0.4477,
        "rank": 4,
        "tier": "VERIFY"
      },
      "geometry": {
        "type": "Polygon",
        "coordinates": [
          [
            [
              91.11970085728963,
              26.1156037576376
            ],
            [
              91.11955636207213,
              26.124628584631576
            ],
            [
              91.10955898934567,
              26.1244977690981
            ],
            [
              91.10970425165925,
              26.115472994001685
            ],
            [
              91.11970085728963,
              26.1156037576376
            ]
          ]
        ]
      }
    },
    {
      "id": "194",
      "type": "Feature",
      "properties": {
        "zone_id": "Grid-6-8",
        "name": "Grid-6-8",
        "flood_km2": 0.5024,
        "flood_pct": 50.24,
        "zone_area_km2": 1.0,
        "population": 1189.8516,
        "people_affected": 597.7814,
        "facilities_hit": 0,
        "facilities_by_type": {},
        "road_cut_km": 0.0,
        "confidence": "Low",
        "confidence_score": 0.337,
        "reason": "Flagged for on-ground verification: High impact (P1) with Low detection confidence",
        "conf_detail": {
          "agreement_ratio": 0.0,
          "terrain_penalty": 0.0,
          "time_penalty": 0.375,
          "margin_score": 0.56,
          "method_penalty": 0.15
        },
        "breakdown": {
          "severity": 0.2137,
          "people": 0.2318,
          "facilities": 0.0,
          "roads": 0.0
        },
        "score": 0.4456,
        "rank": 5,
        "tier": "VERIFY"
      },
      "geometry": {
        "type": "Polygon",
        "coordinates": [
          [
            [
              91.03655165047242,
              26.30404819917929
            ],
            [
              91.03639951176598,
              26.313072348357
            ],
            [
              91.02638651182235,
              26.31293485328518
            ],
            [
              91.02653942510617,
              26.303910758373267
            ],
            [
              91.03655165047242,
              26.30404819917929
            ]
          ]
        ]
      }
    },
    {
      "id": "256",
      "type": "Feature",
      "properties": {
        "zone_id": "Grid-8-8",
        "name": "Grid-8-8",
        "flood_km2": 0.2956,
        "flood_pct": 29.56,
        "zone_area_km2": 1.0,
        "population": 1121.2544,
        "people_affected": 331.4428,
        "facilities_hit": 0,
        "facilities_by_type": {},
        "road_cut_km": 0.011,
        "confidence": "Low",
        "confidence_score": 0.348,
        "reason": "Flagged for on-ground verification: High impact (P1) with Low detection confidence",
        "conf_detail": {
          "agreement_ratio": 0.0,
          "terrain_penalty": 0.0,
          "time_penalty": 0.375,
          "margin_score": 0.614,
          "method_penalty": 0.15
        },
        "breakdown": {
          "severity": 0.1258,
          "people": 0.1285,
          "facilities": 0.0,
          "roads": 0.1467
        },
        "score": 0.401,
        "rank": 6,
        "tier": "VERIFY"
      },
      "geometry": {
        "type": "Polygon",
        "coordinates": [
          [
            [
              91.03685571184954,
              26.285999864311364
            ],
            [
              91.03670371715889,
              26.295024037829684
            ],
            [
              91.02669226600364,
              26.294886651281285
            ],
            [
              91.02684503453904,
              26.285862532012413
            ],
            [
              91.03685571184954,
              26.285999864311364
            ]
          ]
        ]
      }
    },
    {
      "id": "318",
      "type": "Feature",
      "properties": {
        "zone_id": "Grid-10-8",
        "name": "Grid-10-8",
        "flood_km2": 0.4276,
        "flood_pct": 42.76,
        "zone_area_km2": 1.0,
        "population": 1199.3889,
        "people_affected": 512.8587,
        "facilities_hit": 0,
        "facilities_by_type": {},
        "road_cut_km": 0.0,
        "confidence": "Low",
        "confidence_score": 0.338,
        "reason": "Flagged for on-ground verification: High impact (P1) with Low detection confidence",
        "conf_detail": {
          "agreement_ratio": 0.0,
          "terrain_penalty": 0.0,
          "time_penalty": 0.375,
          "margin_score": 0.567,
          "method_penalty": 0.15
        },
        "breakdown": {
          "severity": 0.1819,
          "people": 0.1989,
          "facilities": 0.0,
          "roads": 0.0
        },
        "score": 0.3808,
        "rank": 7,
        "tier": "VERIFY"
      },
      "geometry": {
        "type": "Polygon",
        "coordinates": [
          [
            [
              91.03715948533988,
              26.267951480781214
            ],
            [
              91.0370076345685,
              26.276975678627487
            ],
            [
              91.02699773073658,
              26.27683840056982
            ],
            [
              91.02715035462055,
              26.267814256956672
            ],
            [
              91.03715948533988,
              26.267951480781214
            ]
          ]
        ]
      }
    },
    {
      "id": "828",
      "type": "Feature",
      "properties": {
        "zone_id": "Grid-26-22",
        "name": "Grid-26-22",
        "flood_km2": 0.466,
        "flood_pct": 46.6,
        "zone_area_km2": 1.0,
        "population": 999.7313,
        "people_affected": 465.8748,
        "facilities_hit": 0,
        "facilities_by_type": {},
        "road_cut_km": 0.0,
        "confidence": "Low",
        "confidence_score": 0.383,
        "reason": "Flagged for on-ground verification: High impact (P1) with Low detection confidence",
        "conf_detail": {
          "agreement_ratio": 0.0,
          "terrain_penalty": 0.0,
          "time_penalty": 0.375,
          "margin_score": 0.79,
          "method_penalty": 0.15
        },
        "breakdown": {
          "severity": 0.1982,
          "people": 0.1807,
          "facilities": 0.0,
          "roads": 0.0
        },
        "score": 0.3789,
        "rank": 8,
        "tier": "VERIFY"
      },
      "geometry": {
        "type": "Polygon",
        "coordinates": [
          [
            [
              91.17954202687397,
              26.125398928565854
            ],
            [
              91.17940206826573,
              26.13442404917586
            ],
            [
              91.16940352163766,
              26.13429734040945
            ],
            [
              91.16954424784153,
              26.12527227005597
            ],
            [
              91.17954202687397,
              26.125398928565854
            ]
          ]
        ]
      }
    },
    {
      "id": "703",
      "type": "Feature",
      "properties": {
        "zone_id": "Grid-22-21",
        "name": "Grid-22-21",
        "flood_km2": 0.312,
        "flood_pct": 31.2,
        "zone_area_km2": 1.0,
        "population": 1920.6497,
        "people_affected": 599.2427,
        "facilities_hit": 0,
        "facilities_by_type": {},
        "road_cut_km": 0.0,
        "confidence": "Low",
        "confidence_score": 0.377,
        "reason": "Flagged for on-ground verification: High impact (P1) with Low detection confidence",
        "conf_detail": {
          "agreement_ratio": 0.0,
          "terrain_penalty": 0.0,
          "time_penalty": 0.375,
          "margin_score": 0.758,
          "method_penalty": 0.15
        },
        "breakdown": {
          "severity": 0.1327,
          "people": 0.2324,
          "facilities": 0.0,
          "roads": 0.0
        },
        "score": 0.3651,
        "rank": 9,
        "tier": "VERIFY"
      },
      "geometry": {
        "type": "Polygon",
        "coordinates": [
          [
            [
              91.16898094195928,
              26.16137247939618
            ],
            [
              91.16883994830322,
              26.170397501690104
            ],
            [
              91.15883839456748,
              26.170269897565642
            ],
            [
              91.1589801572547,
              26.161244925833312
            ],
            [
              91.16898094195928,
              26.16137247939618
            ]
          ]
        ]
      }
    },
    {
      "id": "854",
      "type": "Feature",
      "properties": {
        "zone_id": "Grid-27-17",
        "name": "Grid-27-17",
        "flood_km2": 0.4468,
        "flood_pct": 44.68,
        "zone_area_km2": 1.0,
        "population": 953.3394,
        "people_affected": 425.952,
        "facilities_hit": 0,
        "facilities_by_type": {},
        "road_cut_km": 0.0,
        "confidence": "Low",
        "confidence_score": 0.35,
        "reason": "Flagged for on-ground verification: High impact (P1) with Low detection confidence",
        "conf_detail": {
          "agreement_ratio": 0.0,
          "terrain_penalty": 0.0,
          "time_penalty": 0.375,
          "margin_score": 0.626,
          "method_penalty": 0.15
        },
        "breakdown": {
          "severity": 0.1901,
          "people": 0.1652,
          "facilities": 0.0,
          "roads": 0.0
        },
        "score": 0.3553,
        "rank": 10,
        "tier": "VERIFY"
      },
      "geometry": {
        "type": "Polygon",
        "coordinates": [
          [
            [
              91.12969753152508,
              26.115733828756298
            ],
            [
              91.12955380342655,
              26.12475870737309
            ],
            [
              91.11955636207213,
              26.124628584631576
            ],
            [
              91.11970085728963,
              26.1156037576376
            ],
            [
              91.12969753152508,
              26.115733828756298
            ]
          ]
        ]
      }
    },
    {
      "id": "132",
      "type": "Feature",
      "properties": {
        "zone_id": "Grid-4-8",
        "name": "Grid-4-8",
        "flood_km2": 0.2776,
        "flood_pct": 27.76,
        "zone_area_km2": 1.0,
        "population": 2188.3022,
        "people_affected": 607.4727,
        "facilities_hit": 0,
        "facilities_by_type": {},
        "road_cut_km": 0.0,
        "confidence": "Low",
        "confidence_score": 0.349,
        "reason": "Flagged for on-ground verification: High impact (P1) with Low detection confidence",
        "conf_detail": {
          "agreement_ratio": 0.0,
          "terrain_penalty": 0.0,
          "time_penalty": 0.375,
          "margin_score": 0.62,
          "method_penalty": 0.15
        },
        "breakdown": {
          "severity": 0.1181,
          "people": 0.2356,
          "facilities": 0.0,
          "roads": 0.0
        },
        "score": 0.3537,
        "rank": 11,
        "tier": "VERIFY"
      },
      "geometry": {
        "type": "Polygon",
        "coordinates": [
          [
            [
              91.03624730101542,
              26.322096485359666
            ],
            [
              91.03609501819659,
              26.33112061018411
            ],
            [
              91.02608046799853,
              26.33098300655617
            ],
            [
              91.02623352612791,
              26.321958936013868
            ],
            [
              91.03624730101542,
              26.322096485359666
            ]
          ]
        ]
      }
    },
    {
      "id": "0",
      "type": "Feature",
      "properties": {
        "zone_id": "Grid-0-0",
        "name": "Grid-0-0",
        "flood_km2": 0.358,
        "flood_pct": 35.8,
        "zone_area_km2": 1.0,
        "population": 1368.6851,
        "people_affected": 489.9893,
        "facilities_hit": 0,
        "facilities_by_type": {},
        "road_cut_km": 0.0,
        "confidence": "Low",
        "confidence_score": 0.37,
        "reason": "Flagged for on-ground verification: High impact (P1) with Low detection confidence",
        "conf_detail": {
          "agreement_ratio": 0.0,
          "terrain_penalty": 0.0,
          "time_penalty": 0.375,
          "margin_score": 0.724,
          "method_penalty": 0.15
        },
        "breakdown": {
          "severity": 0.1523,
          "people": 0.19,
          "facilities": 0.0,
          "roads": 0.0
        },
        "score": 0.3423,
        "rank": 12,
        "tier": "VERIFY"
      },
      "geometry": {
        "type": "Polygon",
        "coordinates": [
          [
            [
              90.95550476190311,
              26.357071186661727
            ],
            [
              90.95534597703214,
              26.366094820501466
            ],
            [
              90.94532891265779,
              26.365951399778154
            ],
            [
              90.94548847410863,
              26.356927822459173
            ],
            [
              90.95550476190311,
              26.357071186661727
            ]
          ]
        ]
      }
    },
    {
      "id": "125",
      "type": "Feature",
      "properties": {
        "zone_id": "Grid-4-1",
        "name": "Grid-4-1",
        "flood_km2": 0.3836,
        "flood_pct": 38.36,
        "zone_area_km2": 1.0,
        "population": 1200.6331,
        "people_affected": 460.5628,
        "facilities_hit": 0,
        "facilities_by_type": {},
        "road_cut_km": 0.0,
        "confidence": "Low",
        "confidence_score": 0.348,
        "reason": "Flagged for on-ground verification: High impact (P1) with Low detection confidence",
        "conf_detail": {
          "agreement_ratio": 0.0,
          "terrain_penalty": 0.0,
          "time_penalty": 0.375,
          "margin_score": 0.614,
          "method_penalty": 0.15
        },
        "breakdown": {
          "severity": 0.1632,
          "people": 0.1786,
          "facilities": 0.0,
          "roads": 0.0
        },
        "score": 0.3418,
        "rank": 13,
        "tier": "VERIFY"
      },
      "geometry": {
        "type": "Polygon",
        "coordinates": [
          [
            [
              90.96615241076705,
              26.32111896842532
            ],
            [
              90.96599470128932,
              26.330142707487493
            ],
            [
              90.95598066600685,
              26.330000211609583
            ],
            [
              90.95613915062236,
              26.320976528758546
            ],
            [
              90.96615241076705,
              26.32111896842532
            ]
          ]
        ]
      }
    },
    {
      "id": "702",
      "type": "Feature",
      "properties": {
        "zone_id": "Grid-22-20",
        "name": "Grid-22-20",
        "flood_km2": 0.274,
        "flood_pct": 27.4,
        "zone_area_km2": 1.0,
        "population": 2077.8521,
        "people_affected": 569.3315,
        "facilities_hit": 0,
        "facilities_by_type": {},
        "road_cut_km": 0.0,
        "confidence": "Low",
        "confidence_score": 0.384,
        "reason": "Flagged for on-ground verification: High impact (P1) with Low detection confidence",
        "conf_detail": {
          "agreement_ratio": 0.0,
          "terrain_penalty": 0.0,
          "time_penalty": 0.375,
          "margin_score": 0.796,
          "method_penalty": 0.15
        },
        "breakdown": {
          "severity": 0.1166,
          "people": 0.2208,
          "facilities": 0.0,
          "roads": 0.0
        },
        "score": 0.3374,
        "rank": 14,
        "tier": "VERIFY"
      },
      "geometry": {
        "type": "Polygon",
        "coordinates": [
          [
            [
              91.1589801572547,
              26.161244925833312
            ],
            [
              91.15883839456748,
              26.170269897565642
            ],
            [
              91.14883690811536,
              26.170141599202342
            ],
            [
              91.14897943981127,
              26.161116678306577
            ],
            [
              91.1589801572547,
              26.161244925833312
            ]
          ]
        ]
      }
    },
    {
      "id": "31",
      "type": "Feature",
      "properties": {
        "zone_id": "Grid-1-0",
        "name": "Grid-1-0",
        "flood_km2": 0.3696,
        "flood_pct": 36.96,
        "zone_area_km2": 1.0,
        "population": 1222.1791,
        "people_affected": 451.7174,
        "facilities_hit": 0,
        "facilities_by_type": {},
        "road_cut_km": 0.0,
        "confidence": "Low",
        "confidence_score": 0.361,
        "reason": "Flagged for on-ground verification: High impact (P1) with Low detection confidence",
        "conf_detail": {
          "agreement_ratio": 0.0,
          "terrain_penalty": 0.0,
          "time_penalty": 0.375,
          "margin_score": 0.679,
          "method_penalty": 0.15
        },
        "breakdown": {
          "severity": 0.1572,
          "people": 0.1752,
          "facilities": 0.0,
          "roads": 0.0
        },
        "score": 0.3324,
        "rank": 15,
        "tier": "VERIFY"
      },
      "geometry": {
        "type": "Polygon",
        "coordinates": [
          [
            [
              90.95566347167242,
              26.34804754056437
            ],
            [
              90.95550476190311,
              26.357071186661727
            ],
            [
              90.94548847410863,
              26.356927822459173
            ],
            [
              90.9456479600908,
              26.347904232874054
            ],
            [
              90.95566347167242,
              26.34804754056437
            ]
          ]
        ]
      }
    },
    {
      "id": "93",
      "type": "Feature",
      "properties": {
        "zone_id": "Grid-3-0",
        "name": "Grid-3-0",
        "flood_km2": 0.344,
        "flood_pct": 34.4,
        "zone_area_km2": 1.0,
        "population": 1335.2189,
        "people_affected": 459.3153,
        "facilities_hit": 0,
        "facilities_by_type": {},
        "road_cut_km": 0.0,
        "confidence": "Low",
        "confidence_score": 0.348,
        "reason": "Flagged for on-ground verification: High impact (P1) with Low detection confidence",
        "conf_detail": {
          "agreement_ratio": 0.0,
          "terrain_penalty": 0.0,
          "time_penalty": 0.375,
          "margin_score": 0.615,
          "method_penalty": 0.15
        },
        "breakdown": {
          "severity": 0.1463,
          "people": 0.1781,
          "facilities": 0.0,
          "roads": 0.0
        },
        "score": 0.3245,
        "rank": 16,
        "tier": "VERIFY"
      },
      "geometry": {
        "type": "Polygon",
        "coordinates": [
          [
            [
              90.95598066600685,
              26.330000211609583
            ],
            [
              90.95582210636526,
              26.33902388221259
            ],
            [
              90.94580737062962,
              26.338880631025976
            ],
            [
              90.94596670575045,
              26.32985701691815
            ],
            [
              90.95598066600685,
              26.330000211609583
            ]
          ]
        ]
      }
    },
    {
      "id": "63",
      "type": "Feature",
      "properties": {
        "zone_id": "Grid-2-1",
        "name": "Grid-2-1",
        "flood_km2": 0.344,
        "flood_pct": 34.4,
        "zone_area_km2": 1.0,
        "population": 1328.3496,
        "people_affected": 456.9523,
        "facilities_hit": 0,
        "facilities_by_type": {},
        "road_cut_km": 0.0,
        "confidence": "Low",
        "confidence_score": 0.354,
        "reason": "Flagged for on-ground verification: High impact (P1) with Low detection confidence",
        "conf_detail": {
          "agreement_ratio": 0.0,
          "terrain_penalty": 0.0,
          "time_penalty": 0.375,
          "margin_score": 0.644,
          "method_penalty": 0.15
        },
        "breakdown": {
          "severity": 0.1463,
          "people": 0.1772,
          "facilities": 0.0,
          "roads": 0.0
        },
        "score": 0.3236,
        "rank": 17,
        "tier": "VERIFY"
      },
      "geometry": {
        "type": "Polygon",
        "coordinates": [
          [
            [
              90.96583691715216,
              26.3391664343101
            ],
            [
              90.96567905833051,
              26.34819014888997
            ],
            [
              90.95566347167242,
              26.34804754056437
            ],
            [
              90.95582210636526,
              26.33902388221259
            ],
            [
              90.96583691715216,
              26.3391664343101
            ]
          ]
        ]
      }
    },
    {
      "id": "883",
      "type": "Feature",
      "properties": {
        "zone_id": "Grid-28-15",
        "name": "Grid-28-15",
        "flood_km2": 0.4068,
        "flood_pct": 40.68,
        "zone_area_km2": 1.0,
        "population": 908.9867,
        "people_affected": 369.7758,
        "facilities_hit": 0,
        "facilities_by_type": {},
        "road_cut_km": 0.0,
        "confidence": "Low",
        "confidence_score": 0.347,
        "reason": "Flagged for on-ground verification: High impact (P1) with Low detection confidence",
        "conf_detail": {
          "agreement_ratio": 0.0,
          "terrain_penalty": 0.0,
          "time_penalty": 0.375,
          "margin_score": 0.611,
          "method_penalty": 0.15
        },
        "breakdown": {
          "severity": 0.1731,
          "people": 0.1434,
          "facilities": 0.0,
          "roads": 0.0
        },
        "score": 0.3165,
        "rank": 18,
        "tier": "VERIFY"
      },
      "geometry": {
        "type": "Polygon",
        "coordinates": [
          [
            [
              91.1098494450038,
              26.10644820685542
            ],
            [
              91.10970425165925,
              26.115472994001685
            ],
            [
              91.0997077149979,
              26.11534153786687
            ],
            [
              91.09985367505165,
              26.10631680288509
            ],
            [
              91.1098494450038,
              26.10644820685542
            ]
          ]
        ]
      }
    },
    {
      "id": "913",
      "type": "Feature",
      "properties": {
        "zone_id": "Grid-29-14",
        "name": "Grid-29-14",
        "flood_km2": 0.2064,
        "flood_pct": 44.8696,
        "zone_area_km2": 0.47237621329026297,
        "population": 653.6108,
        "people_affected": 293.2723,
        "facilities_hit": 0,
        "facilities_by_type": {},
        "road_cut_km": 0.0,
        "confidence": "Low",
        "confidence_score": 0.339,
        "reason": "Flagged for on-ground verification: High impact (P1) with Low detection confidence",
        "conf_detail": {
          "agreement_ratio": 0.0,
          "terrain_penalty": 0.0,
          "time_penalty": 0.375,
          "margin_score": 0.571,
          "method_penalty": 0.15
        },
        "breakdown": {
          "severity": 0.1909,
          "people": 0.1137,
          "facilities": 0.0,
          "roads": 0.0
        },
        "score": 0.3046,
        "rank": 19,
        "tier": "VERIFY"
      },
      "geometry": {
        "type": "Polygon",
        "coordinates": [
          [
            [
              91.09992259900466,
              26.102053728556218
            ],
            [
              91.09985367505165,
              26.10631680288509
            ],
            [
              91.08985797440937,
              26.106184706708977
            ],
            [
              91.08992726040013,
              26.1019216571484
            ],
            [
              91.09992259900466,
              26.102053728556218
            ]
          ]
        ]
      }
    },
    {
      "id": "292",
      "type": "Feature",
      "properties": {
        "zone_id": "Grid-9-13",
        "name": "Grid-9-13",
        "flood_km2": 0.11,
        "flood_pct": 11.0,
        "zone_area_km2": 1.0,
        "population": 1144.6743,
        "people_affected": 125.9142,
        "facilities_hit": 0,
        "facilities_by_type": {},
        "road_cut_km": 0.015,
        "confidence": "Low",
        "confidence_score": 0.338,
        "reason": "Flagged for on-ground verification: High impact (P1) with Low detection confidence",
        "conf_detail": {
          "agreement_ratio": 0.0,
          "terrain_penalty": 0.0,
          "time_penalty": 0.375,
          "margin_score": 0.566,
          "method_penalty": 0.15
        },
        "breakdown": {
          "severity": 0.0468,
          "people": 0.0488,
          "facilities": 0.0,
          "roads": 0.2
        },
        "score": 0.2956,
        "rank": 20,
        "tier": "VERIFY"
      },
      "geometry": {
        "type": "Polygon",
        "coordinates": [
          [
            [
              91.08705822562085,
              26.277651608763914
            ],
            [
              91.08691017065404,
              26.28667606152305
            ],
            [
              91.07689913714682,
              26.286542217381946
            ],
            [
              91.07704796571154,
              26.277517817487016
            ],
            [
              91.08705822562085,
              26.277651608763914
            ]
          ]
        ]
      }
    },
    {
      "id": "884",
      "type": "Feature",
      "properties": {
        "zone_id": "Grid-28-16",
        "name": "Grid-28-16",
        "flood_km2": 0.3292,
        "flood_pct": 32.92,
        "zone_area_km2": 1.0,
        "population": 1070.3981,
        "people_affected": 352.375,
        "facilities_hit": 0,
        "facilities_by_type": {},
        "road_cut_km": 0.0,
        "confidence": "Low",
        "confidence_score": 0.348,
        "reason": "Flagged for on-ground verification: High impact (P1) with Low detection confidence",
        "conf_detail": {
          "agreement_ratio": 0.0,
          "terrain_penalty": 0.0,
          "time_penalty": 0.375,
          "margin_score": 0.613,
          "method_penalty": 0.15
        },
        "breakdown": {
          "severity": 0.14,
          "people": 0.1367,
          "facilities": 0.0,
          "roads": 0.0
        },
        "score": 0.2767,
        "rank": 21,
        "tier": "VERIFY"
      },
      "geometry": {
        "type": "Polygon",
        "coordinates": [
          [
            [
              91.11984528390204,
              26.10657891860153
            ],
            [
              91.11970085728963,
              26.1156037576376
            ],
            [
              91.10970425165925,
              26.115472994001685
            ],
            [
              91.1098494450038,
              26.10644820685542
            ],
            [
              91.11984528390204,
              26.10657891860153
            ]
          ]
        ]
      }
    },
    {
      "id": "316",
      "type": "Feature",
      "properties": {
        "zone_id": "Grid-10-6",
        "name": "Grid-10-6",
        "flood_km2": 0.3756,
        "flood_pct": 37.56,
        "zone_area_km2": 1.0,
        "population": 769.4584,
        "people_affected": 289.0086,
        "facilities_hit": 0,
        "facilities_by_type": {},
        "road_cut_km": 0.0,
        "confidence": "Low",
        "confidence_score": 0.341,
        "reason": "Flagged for on-ground verification: High impact (P1) with Low detection confidence",
        "conf_detail": {
          "agreement_ratio": 0.0,
          "terrain_penalty": 0.0,
          "time_penalty": 0.375,
          "margin_score": 0.58,
          "method_penalty": 0.15
        },
        "breakdown": {
          "severity": 0.1598,
          "people": 0.1121,
          "facilities": 0.0,
          "roads": 0.0
        },
        "score": 0.2719,
        "rank": 22,
        "tier": "VERIFY"
      },
      "geometry": {
        "type": "Polygon",
        "coordinates": [
          [
            [
              91.01714129619057,
              26.267676336108785
            ],
            [
              91.01698789921826,
              26.276700425213466
            ],
            [
              91.00697814037956,
              26.27656175257779
            ],
            [
              91.00713231041587,
              26.26753771825693
            ],
            [
              91.01714129619057,
              26.267676336108785
            ]
          ]
        ]
      }
    },
    {
      "id": "285",
      "type": "Feature",
      "properties": {
        "zone_id": "Grid-9-6",
        "name": "Grid-9-6",
        "flood_km2": 0.3896,
        "flood_pct": 38.96,
        "zone_area_km2": 1.0,
        "population": 673.896,
        "people_affected": 262.5499,
        "facilities_hit": 0,
        "facilities_by_type": {},
        "road_cut_km": 0.0,
        "confidence": "Low",
        "confidence_score": 0.346,
        "reason": "Flagged for on-ground verification: High impact (P1) with Low detection confidence",
        "conf_detail": {
          "agreement_ratio": 0.0,
          "terrain_penalty": 0.0,
          "time_penalty": 0.375,
          "margin_score": 0.605,
          "method_penalty": 0.15
        },
        "breakdown": {
          "severity": 0.1657,
          "people": 0.1018,
          "facilities": 0.0,
          "roads": 0.0
        },
        "score": 0.2676,
        "rank": 23,
        "tier": "VERIFY"
      },
      "geometry": {
        "type": "Polygon",
        "coordinates": [
          [
            [
              91.01698789921826,
              26.276700425213466
            ],
            [
              91.01683442956634,
              26.285724502139374
            ],
            [
              91.00682389729764,
              26.285585774711645
            ],
            [
              91.00697814037956,
              26.27656175257779
            ],
            [
              91.01698789921826,
              26.276700425213466
            ]
          ]
        ]
      }
    },
    {
      "id": "743",
      "type": "Feature",
      "properties": {
        "zone_id": "Grid-23-30",
        "name": "Grid-23-30",
        "flood_km2": 0.2312,
        "flood_pct": 55.0476,
        "zone_area_km2": 0.41200812744302673,
        "population": 154.7553,
        "people_affected": 85.1891,
        "facilities_hit": 0,
        "facilities_by_type": {},
        "road_cut_km": 0.0,
        "confidence": "Low",
        "confidence_score": 0.382,
        "reason": "Flagged for on-ground verification: High impact (P1) with Low detection confidence",
        "conf_detail": {
          "agreement_ratio": 0.0,
          "terrain_penalty": 0.0,
          "time_penalty": 0.375,
          "margin_score": 0.787,
          "method_penalty": 0.15
        },
        "breakdown": {
          "severity": 0.2342,
          "people": 0.033,
          "facilities": 0.0,
          "roads": 0.0
        },
        "score": 0.2672,
        "rank": 24,
        "tier": "VERIFY"
      },
      "geometry": {
        "type": "Polygon",
        "coordinates": [
          [
            [
              91.25324469659519,
              26.15339253797083
            ],
            [
              91.25311023673605,
              26.162417986660206
            ],
            [
              91.24898959723777,
              26.16236792307243
            ],
            [
              91.24912437387214,
              26.153342494225395
            ],
            [
              91.25324469659519,
              26.15339253797083
            ]
          ]
        ]
      }
    },
    {
      "id": "234",
      "type": "Feature",
      "properties": {
        "zone_id": "Grid-7-17",
        "name": "Grid-7-17",
        "flood_km2": 0.2736,
        "flood_pct": 27.36,
        "zone_area_km2": 1.0,
        "population": 1388.5125,
        "people_affected": 379.897,
        "facilities_hit": 0,
        "facilities_by_type": {},
        "road_cut_km": 0.0,
        "confidence": "Low",
        "confidence_score": 0.348,
        "reason": "Flagged for on-ground verification: High impact (P1) with Low detection confidence",
        "conf_detail": {
          "agreement_ratio": 0.0,
          "terrain_penalty": 0.0,
          "time_penalty": 0.375,
          "margin_score": 0.615,
          "method_penalty": 0.15
        },
        "breakdown": {
          "severity": 0.1164,
          "people": 0.1473,
          "facilities": 0.0,
          "roads": 0.0
        },
        "score": 0.2637,
        "rank": 25,
        "tier": "VERIFY"
      },
      "geometry": {
        "type": "Polygon",
        "coordinates": [
          [
            [
              91.12680997341079,
              26.29622911038452
            ],
            [
              91.12666487569496,
              26.30525374765487
            ],
            [
              91.11665201534093,
              26.30512259083103
            ],
            [
              91.11679788748063,
              26.29609800533862
            ],
            [
              91.12680997341079,
              26.29622911038452
            ]
          ]
        ]
      }
    },
    {
      "id": "288",
      "type": "Feature",
      "properties": {
        "zone_id": "Grid-9-9",
        "name": "Grid-9-9",
        "flood_km2": 0.3036,
        "flood_pct": 30.36,
        "zone_area_km2": 1.0,
        "population": 1088.9349,
        "people_affected": 330.6006,
        "facilities_hit": 0,
        "facilities_by_type": {},
        "road_cut_km": 0.0,
        "confidence": "Low",
        "confidence_score": 0.342,
        "reason": "Flagged for on-ground verification: High impact (P1) with Low detection confidence",
        "conf_detail": {
          "agreement_ratio": 0.0,
          "terrain_penalty": 0.0,
          "time_penalty": 0.375,
          "margin_score": 0.586,
          "method_penalty": 0.15
        },
        "breakdown": {
          "severity": 0.1292,
          "people": 0.1282,
          "facilities": 0.0,
          "roads": 0.0
        },
        "score": 0.2574,
        "rank": 26,
        "tier": "VERIFY"
      },
      "geometry": {
        "type": "Polygon",
        "coordinates": [
          [
            [
              91.04701761034801,
              26.277112259367183
            ],
            [
              91.04686646113174,
              26.28613649901694
            ],
            [
              91.03685571184954,
              26.285999864311364
            ],
            [
              91.0370076345685,
              26.276975678627487
            ],
            [
              91.04701761034801,
              26.277112259367183
            ]
          ]
        ]
      }
    },
    {
      "id": "32",
      "type": "Feature",
      "properties": {
        "zone_id": "Grid-1-1",
        "name": "Grid-1-1",
        "flood_km2": 0.2772,
        "flood_pct": 27.72,
        "zone_area_km2": 1.0,
        "population": 1295.821,
        "people_affected": 359.2016,
        "facilities_hit": 0,
        "facilities_by_type": {},
        "road_cut_km": 0.0,
        "confidence": "Low",
        "confidence_score": 0.354,
        "reason": "Flagged for on-ground verification: High impact (P1) with Low detection confidence",
        "conf_detail": {
          "agreement_ratio": 0.0,
          "terrain_penalty": 0.0,
          "time_penalty": 0.375,
          "margin_score": 0.644,
          "method_penalty": 0.15
        },
        "breakdown": {
          "severity": 0.1179,
          "people": 0.1393,
          "facilities": 0.0,
          "roads": 0.0
        },
        "score": 0.2572,
        "rank": 27,
        "tier": "VERIFY"
      },
      "geometry": {
        "type": "Polygon",
        "coordinates": [
          [
            [
              90.96567905833051,
              26.34819014888997
            ],
            [
              90.96552112479928,
              26.357213851223904
            ],
            [
              90.95550476190311,
              26.357071186661727
            ],
            [
              90.95566347167242,
              26.34804754056437
            ],
            [
              90.96567905833051,
              26.34819014888997
            ]
          ]
        ]
      }
    },
    {
      "id": "767",
      "type": "Feature",
      "properties": {
        "zone_id": "Grid-24-23",
        "name": "Grid-24-23",
        "flood_km2": 0.36,
        "flood_pct": 36.0,
        "zone_area_km2": 1.0,
        "population": 682.7714,
        "people_affected": 245.7977,
        "facilities_hit": 0,
        "facilities_by_type": {},
        "road_cut_km": 0.0,
        "confidence": "Low",
        "confidence_score": 0.383,
        "reason": "Flagged for on-ground verification: High impact (P1) with Low detection confidence",
        "conf_detail": {
          "agreement_ratio": 0.0,
          "terrain_penalty": 0.0,
          "time_penalty": 0.375,
          "margin_score": 0.789,
          "method_penalty": 0.15
        },
        "breakdown": {
          "severity": 0.1531,
          "people": 0.0953,
          "facilities": 0.0,
          "roads": 0.0
        },
        "score": 0.2485,
        "rank": 28,
        "tier": "VERIFY"
      },
      "geometry": {
        "type": "Polygon",
        "coordinates": [
          [
            [
              91.18926142426758,
              26.143575223363932
            ],
            [
              91.18912210105299,
              26.15260036996209
            ],
            [
              91.17912195163109,
              26.152474254384693
            ],
            [
              91.17926204319215,
              26.143449157783184
            ],
            [
              91.18926142426758,
              26.143575223363932
            ]
          ]
        ]
      }
    },
    {
      "id": "852",
      "type": "Feature",
      "properties": {
        "zone_id": "Grid-27-15",
        "name": "Grid-27-15",
        "flood_km2": 0.2804,
        "flood_pct": 28.04,
        "zone_area_km2": 1.0,
        "population": 1055.9749,
        "people_affected": 296.0953,
        "facilities_hit": 0,
        "facilities_by_type": {},
        "road_cut_km": 0.0,
        "confidence": "Low",
        "confidence_score": 0.356,
        "reason": "Flagged for on-ground verification: High impact (P1) with Low detection confidence",
        "conf_detail": {
          "agreement_ratio": 0.0,
          "terrain_penalty": 0.0,
          "time_penalty": 0.375,
          "margin_score": 0.657,
          "method_penalty": 0.15
        },
        "breakdown": {
          "severity": 0.1193,
          "people": 0.1148,
          "facilities": 0.0,
          "roads": 0.0
        },
        "score": 0.2341,
        "rank": 29,
        "tier": "VERIFY"
      },
      "geometry": {
        "type": "Polygon",
        "coordinates": [
          [
            [
              91.10970425165925,
              26.115472994001685
            ],
            [
              91.10955898934567,
              26.1244977690981
            ],
            [
              91.0995616856112,
              26.124366260791
            ],
            [
              91.0997077149979,
              26.11534153786687
            ],
            [
              91.10970425165925,
              26.115472994001685
            ]
          ]
        ]
      }
    },
    {
      "id": "287",
      "type": "Feature",
      "properties": {
        "zone_id": "Grid-9-8",
        "name": "Grid-9-8",
        "flood_km2": 0.2548,
        "flood_pct": 25.48,
        "zone_area_km2": 1.0,
        "population": 1195.3545,
        "people_affected": 304.5763,
        "facilities_hit": 0,
        "facilities_by_type": {},
        "road_cut_km": 0.0,
        "confidence": "Low",
        "confidence_score": 0.34,
        "reason": "Flagged for on-ground verification: High impact (P1) with Low detection confidence",
        "conf_detail": {
          "agreement_ratio": 0.0,
          "terrain_penalty": 0.0,
          "time_penalty": 0.375,
          "margin_score": 0.573,
          "method_penalty": 0.15
        },
        "breakdown": {
          "severity": 0.1084,
          "people": 0.1181,
          "facilities": 0.0,
          "roads": 0.0
        },
        "score": 0.2265,
        "rank": 30,
        "tier": "VERIFY"
      },
      "geometry": {
        "type": "Polygon",
        "coordinates": [
          [
            [
              91.0370076345685,
              26.276975678627487
            ],
            [
              91.03685571184954,
              26.285999864311364
            ],
            [
              91.02684503453904,
              26.285862532012413
            ],
            [
              91.02699773073658,
              26.27683840056982
            ],
            [
              91.0370076345685,
              26.276975678627487
            ]
          ]
        ]
      }
    },
    {
      "id": "372",
      "type": "Feature",
      "properties": {
        "zone_id": "Grid-12-0",
        "name": "Grid-12-0",
        "flood_km2": 0.292,
        "flood_pct": 29.2,
        "zone_area_km2": 1.0,
        "population": 902.6498,
        "people_affected": 263.5738,
        "facilities_hit": 0,
        "facilities_by_type": {},
        "road_cut_km": 0.0,
        "confidence": "Low",
        "confidence_score": 0.339,
        "reason": "Flagged for on-ground verification: High impact (P1) with Low detection confidence",
        "conf_detail": {
          "agreement_ratio": 0.0,
          "terrain_penalty": 0.0,
          "time_penalty": 0.375,
          "margin_score": 0.572,
          "method_penalty": 0.15
        },
        "breakdown": {
          "severity": 0.1242,
          "people": 0.1022,
          "facilities": 0.0,
          "roads": 0.0
        },
        "score": 0.2264,
        "rank": 31,
        "tier": "VERIFY"
      },
      "geometry": {
        "type": "Polygon",
        "coordinates": [
          [
            [
              90.95740432962468,
              26.248786625405135
            ],
            [
              90.95724644431303,
              26.257810406125206
            ],
            [
              90.94723867470223,
              26.257667663088927
            ],
            [
              90.94739733219788,
              26.248643938787534
            ],
            [
              90.95740432962468,
              26.248786625405135
            ]
          ]
        ]
      }
    },
    {
      "id": "226",
      "type": "Feature",
      "properties": {
        "zone_id": "Grid-7-9",
        "name": "Grid-7-9",
        "flood_km2": 0.2564,
        "flood_pct": 25.64,
        "zone_area_km2": 1.0,
        "population": 1158.5551,
        "people_affected": 297.0535,
        "facilities_hit": 0,
        "facilities_by_type": {},
        "road_cut_km": 0.0,
        "confidence": "Low",
        "confidence_score": 0.351,
        "reason": "Flagged for on-ground verification: High impact (P1) with Low detection confidence",
        "conf_detail": {
          "agreement_ratio": 0.0,
          "terrain_penalty": 0.0,
          "time_penalty": 0.375,
          "margin_score": 0.631,
          "method_penalty": 0.15
        },
        "breakdown": {
          "severity": 0.1091,
          "people": 0.1152,
          "facilities": 0.0,
          "roads": 0.0
        },
        "score": 0.2243,
        "rank": 32,
        "tier": "VERIFY"
      },
      "geometry": {
        "type": "Polygon",
        "coordinates": [
          [
            [
              91.04671524030995,
              26.295160726509273
            ],
            [
              91.04656394785862,
              26.304184941841015
            ],
            [
              91.03655165047242,
              26.30404819917929
            ],
            [
              91.03670371715889,
              26.295024037829684
            ],
            [
              91.04671524030995,
              26.295160726509273
            ]
          ]
        ]
      }
    },
    {
      "id": "259",
      "type": "Feature",
      "properties": {
        "zone_id": "Grid-8-11",
        "name": "Grid-8-11",
        "flood_km2": 0.3236,
        "flood_pct": 32.36,
        "zone_area_km2": 1.0,
        "population": 685.5994,
        "people_affected": 221.86,
        "facilities_hit": 0,
        "facilities_by_type": {},
        "road_cut_km": 0.0,
        "confidence": "Low",
        "confidence_score": 0.337,
        "reason": "Flagged for on-ground verification: High impact (P1) with Low detection confidence",
        "conf_detail": {
          "agreement_ratio": 0.0,
          "terrain_penalty": 0.0,
          "time_penalty": 0.375,
          "margin_score": 0.56,
          "method_penalty": 0.15
        },
        "breakdown": {
          "severity": 0.1377,
          "people": 0.086,
          "facilities": 0.0,
          "roads": 0.0
        },
        "score": 0.2237,
        "rank": 33,
        "tier": "VERIFY"
      },
      "geometry": {
        "type": "Polygon",
        "coordinates": [
          [
            [
              91.06688817414657,
              26.28640767557128
            ],
            [
              91.06673850113438,
              26.295432010185273
            ],
            [
              91.05672683509054,
              26.295296717300836
            ],
            [
              91.05687728201949,
              26.28627243610995
            ],
            [
              91.06688817414657,
              26.28640767557128
            ]
          ]
        ]
      }
    },
    {
      "id": "906",
      "type": "Feature",
      "properties": {
        "zone_id": "Grid-29-7",
        "name": "Grid-29-7",
        "flood_km2": 0.1784,
        "flood_pct": 38.7826,
        "zone_area_km2": 0.47237621329026297,
        "population": 377.7573,
        "people_affected": 146.5041,
        "facilities_hit": 0,
        "facilities_by_type": {},
        "road_cut_km": 0.0,
        "confidence": "Low",
        "confidence_score": 0.341,
        "reason": "Flagged for on-ground verification: High impact (P1) with Low detection confidence",
        "conf_detail": {
          "agreement_ratio": 0.0,
          "terrain_penalty": 0.0,
          "time_penalty": 0.375,
          "margin_score": 0.578,
          "method_penalty": 0.15
        },
        "breakdown": {
          "severity": 0.165,
          "people": 0.0568,
          "facilities": 0.0,
          "roads": 0.0
        },
        "score": 0.2218,
        "rank": 34,
        "tier": "VERIFY"
      },
      "geometry": {
        "type": "Polygon",
        "coordinates": [
          [
            [
              91.02995670442031,
              26.101114696148258
            ],
            [
              91.02988524643517,
              26.105377594374882
            ],
            [
              91.0198900411477,
              26.10524065328233
            ],
            [
              91.0199618610927,
              26.10097778073202
            ],
            [
              91.02995670442031,
              26.101114696148258
            ]
          ]
        ]
      }
    },
    {
      "id": "228",
      "type": "Feature",
      "properties": {
        "zone_id": "Grid-7-11",
        "name": "Grid-7-11",
        "flood_km2": 0.2792,
        "flood_pct": 27.92,
        "zone_area_km2": 1.0,
        "population": 916.9847,
        "people_affected": 256.0221,
        "facilities_hit": 0,
        "facilities_by_type": {},
        "road_cut_km": 0.0,
        "confidence": "Low",
        "confidence_score": 0.338,
        "reason": "Flagged for on-ground verification: High impact (P1) with Low detection confidence",
        "conf_detail": {
          "agreement_ratio": 0.0,
          "terrain_penalty": 0.0,
          "time_penalty": 0.375,
          "margin_score": 0.567,
          "method_penalty": 0.15
        },
        "breakdown": {
          "severity": 0.1188,
          "people": 0.0993,
          "facilities": 0.0,
          "roads": 0.0
        },
        "score": 0.2181,
        "rank": 35,
        "tier": "VERIFY"
      },
      "geometry": {
        "type": "Polygon",
        "coordinates": [
          [
            [
              91.06673850113438,
              26.295432010185273
            ],
            [
              91.06658875722525,
              26.304456332654805
            ],
            [
              91.05657631689836,
              26.304320986339224
            ],
            [
              91.05672683509054,
              26.295296717300836
            ],
            [
              91.06673850113438,
              26.295432010185273
            ]
          ]
        ]
      }
    },
    {
      "id": "39",
      "type": "Feature",
      "properties": {
        "zone_id": "Grid-1-8",
        "name": "Grid-1-8",
        "flood_km2": 0.2264,
        "flood_pct": 22.64,
        "zone_area_km2": 1.0,
        "population": 1381.0297,
        "people_affected": 312.6651,
        "facilities_hit": 0,
        "facilities_by_type": {},
        "road_cut_km": 0.0,
        "confidence": "Low",
        "confidence_score": 0.342,
        "reason": "Flagged for on-ground verification: High impact (P1) with Low detection confidence",
        "conf_detail": {
          "agreement_ratio": 0.0,
          "terrain_penalty": 0.0,
          "time_penalty": 0.375,
          "margin_score": 0.584,
          "method_penalty": 0.15
        },
        "breakdown": {
          "severity": 0.0963,
          "people": 0.1213,
          "facilities": 0.0,
          "roads": 0.0
        },
        "score": 0.2176,
        "rank": 36,
        "tier": "VERIFY"
      },
      "geometry": {
        "type": "Polygon",
        "coordinates": [
          [
            [
              91.03579023625728,
              26.34916882328574
            ],
            [
              91.0356377370884,
              26.358192911556593
            ],
            [
              91.0256208587577,
              26.358055145033045
            ],
            [
              91.02577413433777,
              26.34903111106892
            ],
            [
              91.03579023625728,
              26.34916882328574
            ]
          ]
        ]
      }
    },
    {
      "id": "168",
      "type": "Feature",
      "properties": {
        "zone_id": "Grid-5-13",
        "name": "Grid-5-13",
        "flood_km2": 0.2532,
        "flood_pct": 25.32,
        "zone_area_km2": 1.0,
        "population": 1113.9082,
        "people_affected": 282.0416,
        "facilities_hit": 0,
        "facilities_by_type": {},
        "road_cut_km": 0.0,
        "confidence": "Low",
        "confidence_score": 0.344,
        "reason": "Flagged for on-ground verification: High impact (P1) with Low detection confidence",
        "conf_detail": {
          "agreement_ratio": 0.0,
          "terrain_penalty": 0.0,
          "time_penalty": 0.375,
          "margin_score": 0.596,
          "method_penalty": 0.15
        },
        "breakdown": {
          "severity": 0.1077,
          "people": 0.1094,
          "facilities": 0.0,
          "roads": 0.0
        },
        "score": 0.2171,
        "rank": 37,
        "tier": "VERIFY"
      },
      "geometry": {
        "type": "Polygon",
        "coordinates": [
          [
            [
              91.08646558481507,
              26.313749347035735
            ],
            [
              91.08631724914414,
              26.322773751274585
            ],
            [
              91.07630311758183,
              26.322639695597093
            ],
            [
              91.0764522283163,
              26.313615344254288
            ],
            [
              91.08646558481507,
              26.313749347035735
            ]
          ]
        ]
      }
    },
    {
      "id": "650",
      "type": "Feature",
      "properties": {
        "zone_id": "Grid-20-30",
        "name": "Grid-20-30",
        "flood_km2": 0.1804,
        "flood_pct": 42.9524,
        "zone_area_km2": 0.41200812744302673,
        "population": 188.7991,
        "people_affected": 81.0937,
        "facilities_hit": 0,
        "facilities_by_type": {},
        "road_cut_km": 0.0,
        "confidence": "Low",
        "confidence_score": 0.346,
        "reason": "Flagged for on-ground verification: High impact (P1) with Low detection confidence",
        "conf_detail": {
          "agreement_ratio": 0.0,
          "terrain_penalty": 0.0,
          "time_penalty": 0.375,
          "margin_score": 0.607,
          "method_penalty": 0.15
        },
        "breakdown": {
          "severity": 0.1827,
          "people": 0.0315,
          "facilities": 0.0,
          "roads": 0.0
        },
        "score": 0.2142,
        "rank": 38,
        "tier": "VERIFY"
      },
      "geometry": {
        "type": "Polygon",
        "coordinates": [
          [
            [
              91.25284112551056,
              26.180468848163283
            ],
            [
              91.25270647410159,
              26.1894942609708
            ],
            [
              91.24858488337577,
              26.189444137838155
            ],
            [
              91.24871985201095,
              26.180418744881898
            ],
            [
              91.25284112551056,
              26.180468848163283
            ]
          ]
        ]
      }
    },
    {
      "id": "321",
      "type": "Feature",
      "properties": {
        "zone_id": "Grid-10-11",
        "name": "Grid-10-11",
        "flood_km2": 0.24,
        "flood_pct": 24.0,
        "zone_area_km2": 1.0,
        "population": 1190.988,
        "people_affected": 285.8371,
        "facilities_hit": 0,
        "facilities_by_type": {},
        "road_cut_km": 0.0,
        "confidence": "Low",
        "confidence_score": 0.345,
        "reason": "Flagged for on-ground verification: High impact (P1) with Low detection confidence",
        "conf_detail": {
          "agreement_ratio": 0.0,
          "terrain_penalty": 0.0,
          "time_penalty": 0.375,
          "margin_score": 0.599,
          "method_penalty": 0.15
        },
        "breakdown": {
          "severity": 0.1021,
          "people": 0.1109,
          "facilities": 0.0,
          "roads": 0.0
        },
        "score": 0.213,
        "rank": 39,
        "tier": "VERIFY"
      },
      "geometry": {
        "type": "Polygon",
        "coordinates": [
          [
            [
              91.0671873075752,
              26.268358969922513
            ],
            [
              91.06703777628559,
              26.27738332881598
            ],
            [
              91.05702765770906,
              26.2772481427697
            ],
            [
              91.05717796218313,
              26.26822383728326
            ],
            [
              91.0671873075752,
              26.268358969922513
            ]
          ]
        ]
      }
    },
    {
      "id": "898",
      "type": "Feature",
      "properties": {
        "zone_id": "Grid-28-30",
        "name": "Grid-28-30",
        "flood_km2": 0.1192,
        "flood_pct": 28.381,
        "zone_area_km2": 0.41200812744302673,
        "population": 813.0652,
        "people_affected": 230.7557,
        "facilities_hit": 0,
        "facilities_by_type": {},
        "road_cut_km": 0.0,
        "confidence": "Low",
        "confidence_score": 0.37,
        "reason": "Flagged for on-ground verification: High impact (P1) with Low detection confidence",
        "conf_detail": {
          "agreement_ratio": 0.0,
          "terrain_penalty": 0.0,
          "time_penalty": 0.375,
          "margin_score": 0.725,
          "method_penalty": 0.15
        },
        "breakdown": {
          "severity": 0.1207,
          "people": 0.0895,
          "facilities": 0.0,
          "roads": 0.0
        },
        "score": 0.2102,
        "rank": 40,
        "tier": "VERIFY"
      },
      "geometry": {
        "type": "Polygon",
        "coordinates": [
          [
            [
              91.2539160392061,
              26.108265115269003
            ],
            [
              91.25378189817103,
              26.117290623699727
            ],
            [
              91.249662841047,
              26.117240659293998
            ],
            [
              91.2497972981066,
              26.108215170690794
            ],
            [
              91.2539160392061,
              26.108265115269003
            ]
          ]
        ]
      }
    },
    {
      "id": "200",
      "type": "Feature",
      "properties": {
        "zone_id": "Grid-6-14",
        "name": "Grid-6-14",
        "flood_km2": 0.2436,
        "flood_pct": 24.36,
        "zone_area_km2": 1.0,
        "population": 1125.6665,
        "people_affected": 274.2124,
        "facilities_hit": 0,
        "facilities_by_type": {},
        "road_cut_km": 0.0,
        "confidence": "Low",
        "confidence_score": 0.343,
        "reason": "Flagged for on-ground verification: High impact (P1) with Low detection confidence",
        "conf_detail": {
          "agreement_ratio": 0.0,
          "terrain_penalty": 0.0,
          "time_penalty": 0.375,
          "margin_score": 0.592,
          "method_penalty": 0.15
        },
        "breakdown": {
          "severity": 0.1036,
          "people": 0.1063,
          "facilities": 0.0,
          "roads": 0.0
        },
        "score": 0.21,
        "rank": 41,
        "tier": "VERIFY"
      },
      "geometry": {
        "type": "Polygon",
        "coordinates": [
          [
            [
              91.09662650226429,
              26.304858182316067
            ],
            [
              91.09647901152518,
              26.313882651302208
            ],
            [
              91.08646558481507,
              26.313749347035735
            ],
            [
              91.08661385027467,
              26.304724930662097
            ],
            [
              91.09662650226429,
              26.304858182316067
            ]
          ]
        ]
      }
    },
    {
      "id": "257",
      "type": "Feature",
      "properties": {
        "zone_id": "Grid-8-9",
        "name": "Grid-8-9",
        "flood_km2": 0.2256,
        "flood_pct": 22.56,
        "zone_area_km2": 1.0,
        "population": 1297.6213,
        "people_affected": 292.7434,
        "facilities_hit": 0,
        "facilities_by_type": {},
        "road_cut_km": 0.0,
        "confidence": "Low",
        "confidence_score": 0.338,
        "reason": "Flagged for on-ground verification: High impact (P1) with Low detection confidence",
        "conf_detail": {
          "agreement_ratio": 0.0,
          "terrain_penalty": 0.0,
          "time_penalty": 0.375,
          "margin_score": 0.564,
          "method_penalty": 0.15
        },
        "breakdown": {
          "severity": 0.096,
          "people": 0.1135,
          "facilities": 0.0,
          "roads": 0.0
        },
        "score": 0.2095,
        "rank": 42,
        "tier": "VERIFY"
      },
      "geometry": {
        "type": "Polygon",
        "coordinates": [
          [
            [
              91.04686646113174,
              26.28613649901694
            ],
            [
              91.04671524030995,
              26.295160726509273
            ],
            [
              91.03670371715889,
              26.295024037829684
            ],
            [
              91.03685571184954,
              26.285999864311364
            ],
            [
              91.04686646113174,
              26.28613649901694
            ]
          ]
        ]
      }
    },
    {
      "id": "255",
      "type": "Feature",
      "properties": {
        "zone_id": "Grid-8-7",
        "name": "Grid-8-7",
        "flood_km2": 0.2908,
        "flood_pct": 29.08,
        "zone_area_km2": 1.0,
        "population": 759.1171,
        "people_affected": 220.7512,
        "facilities_hit": 0,
        "facilities_by_type": {},
        "road_cut_km": 0.0,
        "confidence": "Low",
        "confidence_score": 0.34,
        "reason": "Flagged for on-ground verification: High impact (P1) with Low detection confidence",
        "conf_detail": {
          "agreement_ratio": 0.0,
          "terrain_penalty": 0.0,
          "time_penalty": 0.375,
          "margin_score": 0.576,
          "method_penalty": 0.15
        },
        "breakdown": {
          "severity": 0.1237,
          "people": 0.0856,
          "facilities": 0.0,
          "roads": 0.0
        },
        "score": 0.2093,
        "rank": 43,
        "tier": "VERIFY"
      },
      "geometry": {
        "type": "Polygon",
        "coordinates": [
          [
            [
              91.02684503453904,
              26.285862532012413
            ],
            [
              91.02669226600364,
              26.294886651281285
            ],
            [
              91.01668088721047,
              26.294748566883364
            ],
            [
              91.01683442956634,
              26.285724502139374
            ],
            [
              91.02684503453904,
              26.285862532012413
            ]
          ]
        ]
      }
    },
    {
      "id": "169",
      "type": "Feature",
      "properties": {
        "zone_id": "Grid-5-14",
        "name": "Grid-5-14",
        "flood_km2": 0.226,
        "flood_pct": 22.6,
        "zone_area_km2": 1.0,
        "population": 1276.9255,
        "people_affected": 288.5852,
        "facilities_hit": 0,
        "facilities_by_type": {},
        "road_cut_km": 0.0,
        "confidence": "Low",
        "confidence_score": 0.339,
        "reason": "Flagged for on-ground verification: High impact (P1) with Low detection confidence",
        "conf_detail": {
          "agreement_ratio": 0.0,
          "terrain_penalty": 0.0,
          "time_penalty": 0.375,
          "margin_score": 0.57,
          "method_penalty": 0.15
        },
        "breakdown": {
          "severity": 0.0961,
          "people": 0.1119,
          "facilities": 0.0,
          "roads": 0.0
        },
        "score": 0.2081,
        "rank": 44,
        "tier": "VERIFY"
      },
      "geometry": {
        "type": "Polygon",
        "coordinates": [
          [
            [
              91.09647901152518,
              26.313882651302208
            ],
            [
              91.09633145094134,
              26.322907108161512
            ],
            [
              91.08631724914414,
              26.322773751274585
            ],
            [
              91.08646558481507,
              26.313749347035735
            ],
            [
              91.09647901152518,
              26.313882651302208
            ]
          ]
        ]
      }
    },
    {
      "id": "38",
      "type": "Feature",
      "properties": {
        "zone_id": "Grid-1-7",
        "name": "Grid-1-7",
        "flood_km2": 0.2348,
        "flood_pct": 23.48,
        "zone_area_km2": 1.0,
        "population": 1156.1222,
        "people_affected": 271.4575,
        "facilities_hit": 0,
        "facilities_by_type": {},
        "road_cut_km": 0.0,
        "confidence": "Low",
        "confidence_score": 0.368,
        "reason": "Flagged for on-ground verification: High impact (P1) with Low detection confidence",
        "conf_detail": {
          "agreement_ratio": 0.0,
          "terrain_penalty": 0.0,
          "time_penalty": 0.375,
          "margin_score": 0.717,
          "method_penalty": 0.15
        },
        "breakdown": {
          "severity": 0.0999,
          "people": 0.1053,
          "facilities": 0.0,
          "roads": 0.0
        },
        "score": 0.2052,
        "rank": 45,
        "tier": "VERIFY"
      },
      "geometry": {
        "type": "Polygon",
        "coordinates": [
          [
            [
              91.02577413433777,
              26.34903111106892
            ],
            [
              91.0256208587577,
              26.358055145033045
            ],
            [
              91.01560405295929,
              26.357916678730795
            ],
            [
              91.01575810492616,
              26.348892699349122
            ],
            [
              91.02577413433777,
              26.34903111106892
            ]
          ]
        ]
      }
    },
    {
      "id": "203",
      "type": "Feature",
      "properties": {
        "zone_id": "Grid-6-17",
        "name": "Grid-6-17",
        "flood_km2": 0.2016,
        "flood_pct": 20.16,
        "zone_area_km2": 1.0,
        "population": 1484.364,
        "people_affected": 299.2478,
        "facilities_hit": 0,
        "facilities_by_type": {},
        "road_cut_km": 0.0,
        "confidence": "Low",
        "confidence_score": 0.345,
        "reason": "Flagged for on-ground verification: High impact (P1) with Low detection confidence",
        "conf_detail": {
          "agreement_ratio": 0.0,
          "terrain_penalty": 0.0,
          "time_penalty": 0.375,
          "margin_score": 0.602,
          "method_penalty": 0.15
        },
        "breakdown": {
          "severity": 0.0858,
          "people": 0.1161,
          "facilities": 0.0,
          "roads": 0.0
        },
        "score": 0.2018,
        "rank": 46,
        "tier": "VERIFY"
      },
      "geometry": {
        "type": "Polygon",
        "coordinates": [
          [
            [
              91.12666487569496,
              26.30525374765487
            ],
            [
              91.12651970925734,
              26.31427837282503
            ],
            [
              91.11650607411293,
              26.314147164215445
            ],
            [
              91.11665201534093,
              26.30512259083103
            ],
            [
              91.12666487569496,
              26.30525374765487
            ]
          ]
        ]
      }
    },
    {
      "id": "227",
      "type": "Feature",
      "properties": {
        "zone_id": "Grid-7-10",
        "name": "Grid-7-10",
        "flood_km2": 0.2284,
        "flood_pct": 22.84,
        "zone_area_km2": 1.0,
        "population": 1140.4116,
        "people_affected": 260.47,
        "facilities_hit": 0,
        "facilities_by_type": {},
        "road_cut_km": 0.0,
        "confidence": "Low",
        "confidence_score": 0.342,
        "reason": "Flagged for on-ground verification: High impact (P1) with Low detection confidence",
        "conf_detail": {
          "agreement_ratio": 0.0,
          "terrain_penalty": 0.0,
          "time_penalty": 0.375,
          "margin_score": 0.587,
          "method_penalty": 0.15
        },
        "breakdown": {
          "severity": 0.0972,
          "people": 0.101,
          "facilities": 0.0,
          "roads": 0.0
        },
        "score": 0.1982,
        "rank": 47,
        "tier": "VERIFY"
      },
      "geometry": {
        "type": "Polygon",
        "coordinates": [
          [
            [
              91.05672683509054,
              26.295296717300836
            ],
            [
              91.05657631689836,
              26.304320986339224
            ],
            [
              91.04656394785862,
              26.304184941841015
            ],
            [
              91.04671524030995,
              26.295160726509273
            ],
            [
              91.05672683509054,
              26.295296717300836
            ]
          ]
        ]
      }
    },
    {
      "id": "700",
      "type": "Feature",
      "properties": {
        "zone_id": "Grid-22-18",
        "name": "Grid-22-18",
        "flood_km2": 0.1772,
        "flood_pct": 17.72,
        "zone_area_km2": 1.0,
        "population": 1772.7504,
        "people_affected": 314.1314,
        "facilities_hit": 0,
        "facilities_by_type": {},
        "road_cut_km": 0.0,
        "confidence": "Low",
        "confidence_score": 0.354,
        "reason": "Flagged for on-ground verification: High impact (P1) with Low detection confidence",
        "conf_detail": {
          "agreement_ratio": 0.0,
          "terrain_penalty": 0.0,
          "time_penalty": 0.375,
          "margin_score": 0.644,
          "method_penalty": 0.15
        },
        "breakdown": {
          "severity": 0.0754,
          "people": 0.1218,
          "facilities": 0.0,
          "roads": 0.0
        },
        "score": 0.1972,
        "rank": 48,
        "tier": "VERIFY"
      },
      "geometry": {
        "type": "Polygon",
        "coordinates": [
          [
            [
              91.1389787899936,
              26.16098773683396
            ],
            [
              91.13883548931156,
              26.170012606618187
            ],
            [
              91.12883413852082,
              26.169882919831295
            ],
            [
              91.1289782081663,
              26.160858101433558
            ],
            [
              91.1389787899936,
              26.16098773683396
            ]
          ]
        ]
      }
    },
    {
      "id": "7",
      "type": "Feature",
      "properties": {
        "zone_id": "Grid-0-7",
        "name": "Grid-0-7",
        "flood_km2": 0.2144,
        "flood_pct": 21.44,
        "zone_area_km2": 1.0,
        "population": 1267.1169,
        "people_affected": 271.6699,
        "facilities_hit": 0,
        "facilities_by_type": {},
        "road_cut_km": 0.0,
        "confidence": "Low",
        "confidence_score": 0.346,
        "reason": "Flagged for on-ground verification: High impact (P1) with Low detection confidence",
        "conf_detail": {
          "agreement_ratio": 0.0,
          "terrain_penalty": 0.0,
          "time_penalty": 0.375,
          "margin_score": 0.605,
          "method_penalty": 0.15
        },
        "breakdown": {
          "severity": 0.0912,
          "people": 0.1054,
          "facilities": 0.0,
          "roads": 0.0
        },
        "score": 0.1966,
        "rank": 49,
        "tier": "VERIFY"
      },
      "geometry": {
        "type": "Polygon",
        "coordinates": [
          [
            [
              91.0256208587577,
              26.358055145033045
            ],
            [
              91.0254675106454,
              26.367079166798128
            ],
            [
              91.01544992809305,
              26.36694064590518
            ],
            [
              91.01560405295929,
              26.357916678730795
            ],
            [
              91.0256208587577,
              26.358055145033045
            ]
          ]
        ]
      }
    },
    {
      "id": "167",
      "type": "Feature",
      "properties": {
        "zone_id": "Grid-5-12",
        "name": "Grid-5-12",
        "flood_km2": 0.2468,
        "flood_pct": 24.68,
        "zone_area_km2": 1.0,
        "population": 956.0732,
        "people_affected": 235.9589,
        "facilities_hit": 0,
        "facilities_by_type": {},
        "road_cut_km": 0.0,
        "confidence": "Low",
        "confidence_score": 0.349,
        "reason": "Flagged for on-ground verification: High impact (P1) with Low detection confidence",
        "conf_detail": {
          "agreement_ratio": 0.0,
          "terrain_penalty": 0.0,
          "time_penalty": 0.375,
          "margin_score": 0.622,
          "method_penalty": 0.15
        },
        "breakdown": {
          "severity": 0.105,
          "people": 0.0915,
          "facilities": 0.0,
          "roads": 0.0
        },
        "score": 0.1965,
        "rank": 50,
        "tier": "VERIFY"
      },
      "geometry": {
        "type": "Polygon",
        "coordinates": [
          [
            [
              91.0764522283163,
              26.313615344254288
            ],
            [
              91.07630311758183,
              26.322639695597093
            ],
            [
              91.06628905662112,
              26.322504941147866
            ],
            [
              91.06643894239544,
              26.313480642976714
            ],
            [
              91.0764522283163,
              26.313615344254288
            ]
          ]
        ]
      }
    },
    {
      "id": "220",
      "type": "Feature",
      "properties": {
        "zone_id": "Grid-7-3",
        "name": "Grid-7-3",
        "flood_km2": 0.2232,
        "flood_pct": 22.32,
        "zone_area_km2": 1.0,
        "population": 1171.9434,
        "people_affected": 261.5778,
        "facilities_hit": 0,
        "facilities_by_type": {},
        "road_cut_km": 0.0,
        "confidence": "Low",
        "confidence_score": 0.339,
        "reason": "Flagged for on-ground verification: High impact (P1) with Low detection confidence",
        "conf_detail": {
          "agreement_ratio": 0.0,
          "terrain_penalty": 0.0,
          "time_penalty": 0.375,
          "margin_score": 0.568,
          "method_penalty": 0.15
        },
        "breakdown": {
          "severity": 0.095,
          "people": 0.1014,
          "facilities": 0.0,
          "roads": 0.0
        },
        "score": 0.1964,
        "rank": 51,
        "tier": "VERIFY"
      },
      "geometry": {
        "type": "Polygon",
        "coordinates": [
          [
            [
              90.98664718866588,
              26.294330126787003
            ],
            [
              90.98649125116827,
              26.303354014093863
            ],
            [
              90.97647939139732,
              26.303213082857965
            ],
            [
              90.97663610298338,
              26.29418925118599
            ],
            [
              90.98664718866588,
              26.294330126787003
            ]
          ]
        ]
      }
    },
    {
      "id": "1",
      "type": "Feature",
      "properties": {
        "zone_id": "Grid-0-1",
        "name": "Grid-0-1",
        "flood_km2": 0.2024,
        "flood_pct": 20.24,
        "zone_area_km2": 1.0,
        "population": 1392.0732,
        "people_affected": 281.7556,
        "facilities_hit": 0,
        "facilities_by_type": {},
        "road_cut_km": 0.0,
        "confidence": "Low",
        "confidence_score": 0.365,
        "reason": "Flagged for on-ground verification: High impact (P1) with Low detection confidence",
        "conf_detail": {
          "agreement_ratio": 0.0,
          "terrain_penalty": 0.0,
          "time_penalty": 0.375,
          "margin_score": 0.701,
          "method_penalty": 0.15
        },
        "breakdown": {
          "severity": 0.0861,
          "people": 0.1093,
          "facilities": 0.0,
          "roads": 0.0
        },
        "score": 0.1954,
        "rank": 52,
        "tier": "VERIFY"
      },
      "geometry": {
        "type": "Polygon",
        "coordinates": [
          [
            [
              90.96552112479928,
              26.357213851223904
            ],
            [
              90.96536311653337,
              26.36623754130871
            ],
            [
              90.95534597703214,
              26.366094820501466
            ],
            [
              90.95550476190311,
              26.357071186661727
            ],
            [
              90.96552112479928,
              26.357213851223904
            ]
          ]
        ]
      }
    },
    {
      "id": "290",
      "type": "Feature",
      "properties": {
        "zone_id": "Grid-9-11",
        "name": "Grid-9-11",
        "flood_km2": 0.2484,
        "flood_pct": 24.84,
        "zone_area_km2": 1.0,
        "population": 892.0684,
        "people_affected": 221.5898,
        "facilities_hit": 0,
        "facilities_by_type": {},
        "road_cut_km": 0.0,
        "confidence": "Low",
        "confidence_score": 0.341,
        "reason": "Flagged for on-ground verification: High impact (P1) with Low detection confidence",
        "conf_detail": {
          "agreement_ratio": 0.0,
          "terrain_penalty": 0.0,
          "time_penalty": 0.375,
          "margin_score": 0.58,
          "method_penalty": 0.15
        },
        "breakdown": {
          "severity": 0.1057,
          "people": 0.0859,
          "facilities": 0.0,
          "roads": 0.0
        },
        "score": 0.1916,
        "rank": 53,
        "tier": "VERIFY"
      },
      "geometry": {
        "type": "Polygon",
        "coordinates": [
          [
            [
              91.06703777628559,
              26.27738332881598
            ],
            [
              91.06688817414657,
              26.28640767557128
            ],
            [
              91.05687728201949,
              26.28627243610995
            ],
            [
              91.05702765770906,
              26.2772481427697
            ],
            [
              91.06703777628559,
              26.27738332881598
            ]
          ]
        ]
      }
    },
    {
      "id": "188",
      "type": "Feature",
      "properties": {
        "zone_id": "Grid-6-2",
        "name": "Grid-6-2",
        "flood_km2": 0.2756,
        "flood_pct": 27.56,
        "zone_area_km2": 1.0,
        "population": 666.7524,
        "people_affected": 183.757,
        "facilities_hit": 0,
        "facilities_by_type": {},
        "road_cut_km": 0.0,
        "confidence": "Low",
        "confidence_score": 0.331,
        "reason": "Flagged for on-ground verification: High impact (P1) with Low detection confidence",
        "conf_detail": {
          "agreement_ratio": 0.0,
          "terrain_penalty": 0.0,
          "time_penalty": 0.375,
          "margin_score": 0.532,
          "method_penalty": 0.15
        },
        "breakdown": {
          "severity": 0.1172,
          "people": 0.0713,
          "facilities": 0.0,
          "roads": 0.0
        },
        "score": 0.1885,
        "rank": 54,
        "tier": "VERIFY"
      },
      "geometry": {
        "type": "Polygon",
        "coordinates": [
          [
            [
              90.97647939139732,
              26.303213082857965
            ],
            [
              90.9763226055932,
              26.312236902308385
            ],
            [
              90.9663100456104,
              26.312095217126796
            ],
            [
              90.9664676058444,
              26.30307145359511
            ],
            [
              90.97647939139732,
              26.303213082857965
            ]
          ]
        ]
      }
    },
    {
      "id": "195",
      "type": "Feature",
      "properties": {
        "zone_id": "Grid-6-9",
        "name": "Grid-6-9",
        "flood_km2": 0.204,
        "flood_pct": 20.4,
        "zone_area_km2": 1.0,
        "population": 1266.9294,
        "people_affected": 258.4536,
        "facilities_hit": 0,
        "facilities_by_type": {},
        "road_cut_km": 0.0,
        "confidence": "Low",
        "confidence_score": 0.344,
        "reason": "Flagged for on-ground verification: High impact (P1) with Low detection confidence",
        "conf_detail": {
          "agreement_ratio": 0.0,
          "terrain_penalty": 0.0,
          "time_penalty": 0.375,
          "margin_score": 0.595,
          "method_penalty": 0.15
        },
        "breakdown": {
          "severity": 0.0868,
          "people": 0.1002,
          "facilities": 0.0,
          "roads": 0.0
        },
        "score": 0.187,
        "rank": 55,
        "tier": "VERIFY"
      },
      "geometry": {
        "type": "Polygon",
        "coordinates": [
          [
            [
              91.04656394785862,
              26.304184941841015
            ],
            [
              91.04641258375372,
              26.313209145008997
            ],
            [
              91.03639951176598,
              26.313072348357
            ],
            [
              91.03655165047242,
              26.30404819917929
            ],
            [
              91.04656394785862,
              26.304184941841015
            ]
          ]
        ]
      }
    },
    {
      "id": "33",
      "type": "Feature",
      "properties": {
        "zone_id": "Grid-1-2",
        "name": "Grid-1-2",
        "flood_km2": 0.2028,
        "flood_pct": 20.28,
        "zone_area_km2": 1.0,
        "population": 1262.4473,
        "people_affected": 256.0243,
        "facilities_hit": 0,
        "facilities_by_type": {},
        "road_cut_km": 0.0,
        "confidence": "Low",
        "confidence_score": 0.344,
        "reason": "Flagged for on-ground verification: High impact (P1) with Low detection confidence",
        "conf_detail": {
          "agreement_ratio": 0.0,
          "terrain_penalty": 0.0,
          "time_penalty": 0.375,
          "margin_score": 0.595,
          "method_penalty": 0.15
        },
        "breakdown": {
          "severity": 0.0863,
          "people": 0.0993,
          "facilities": 0.0,
          "roads": 0.0
        },
        "score": 0.1856,
        "rank": 56,
        "tier": "VERIFY"
      },
      "geometry": {
        "type": "Polygon",
        "coordinates": [
          [
            [
              90.97569471969817,
              26.348332057830813
            ],
            [
              90.9755375624301,
              26.35735581612566
            ],
            [
              90.96552112479928,
              26.357213851223904
            ],
            [
              90.96567905833051,
              26.34819014888997
            ],
            [
              90.97569471969817,
              26.348332057830813
            ]
          ]
        ]
      }
    },
    {
      "id": "133",
      "type": "Feature",
      "properties": {
        "zone_id": "Grid-4-9",
        "name": "Grid-4-9",
        "flood_km2": 0.21,
        "flood_pct": 21.0,
        "zone_area_km2": 1.0,
        "population": 1176.1062,
        "people_affected": 246.9823,
        "facilities_hit": 0,
        "facilities_by_type": {},
        "road_cut_km": 0.0,
        "confidence": "Low",
        "confidence_score": 0.344,
        "reason": "Flagged for on-ground verification: High impact (P1) with Low detection confidence",
        "conf_detail": {
          "agreement_ratio": 0.0,
          "terrain_penalty": 0.0,
          "time_penalty": 0.375,
          "margin_score": 0.595,
          "method_penalty": 0.15
        },
        "breakdown": {
          "severity": 0.0893,
          "people": 0.0958,
          "facilities": 0.0,
          "roads": 0.0
        },
        "score": 0.1851,
        "rank": 57,
        "tier": "VERIFY"
      },
      "geometry": {
        "type": "Polygon",
        "coordinates": [
          [
            [
              91.04626114797125,
              26.32223333601006
            ],
            [
              91.04610964048712,
              26.331257514841063
            ],
            [
              91.03609501819659,
              26.33112061018411
            ],
            [
              91.03624730101542,
              26.322096485359666
            ],
            [
              91.04626114797125,
              26.32223333601006
            ]
          ]
        ]
      }
    },
    {
      "id": "860",
      "type": "Feature",
      "properties": {
        "zone_id": "Grid-27-23",
        "name": "Grid-27-23",
        "flood_km2": 0.2372,
        "flood_pct": 23.72,
        "zone_area_km2": 1.0,
        "population": 907.6244,
        "people_affected": 215.2885,
        "facilities_hit": 0,
        "facilities_by_type": {},
        "road_cut_km": 0.0,
        "confidence": "Low",
        "confidence_score": 0.378,
        "reason": "Flagged for on-ground verification: High impact (P1) with Low detection confidence",
        "conf_detail": {
          "agreement_ratio": 0.0,
          "terrain_penalty": 0.0,
          "time_penalty": 0.375,
          "margin_score": 0.767,
          "method_penalty": 0.15
        },
        "breakdown": {
          "severity": 0.1009,
          "people": 0.0835,
          "facilities": 0.0,
          "roads": 0.0
        },
        "score": 0.1844,
        "rank": 58,
        "tier": "VERIFY"
      },
      "geometry": {
        "type": "Polygon",
        "coordinates": [
          [
            [
              91.18967899726108,
              26.116499711591924
            ],
            [
              91.1895398723496,
              26.125524894175733
            ],
            [
              91.17954202687397,
              26.125398928565854
            ],
            [
              91.17968191903904,
              26.116373795956278
            ],
            [
              91.18967899726108,
              26.116499711591924
            ]
          ]
        ]
      }
    },
    {
      "id": "235",
      "type": "Feature",
      "properties": {
        "zone_id": "Grid-7-18",
        "name": "Grid-7-18",
        "flood_km2": 0.1792,
        "flood_pct": 17.92,
        "zone_area_km2": 1.0,
        "population": 1551.5604,
        "people_affected": 278.0396,
        "facilities_hit": 0,
        "facilities_by_type": {},
        "road_cut_km": 0.0,
        "confidence": "Low",
        "confidence_score": 0.347,
        "reason": "Flagged for on-ground verification: High impact (P1) with Low detection confidence",
        "conf_detail": {
          "agreement_ratio": 0.0,
          "terrain_penalty": 0.0,
          "time_penalty": 0.375,
          "margin_score": 0.609,
          "method_penalty": 0.15
        },
        "breakdown": {
          "severity": 0.0762,
          "people": 0.1078,
          "facilities": 0.0,
          "roads": 0.0
        },
        "score": 0.1841,
        "rank": 59,
        "tier": "VERIFY"
      },
      "geometry": {
        "type": "Polygon",
        "coordinates": [
          [
            [
              91.13682212803968,
              26.29635951739228
            ],
            [
              91.13667780477073,
              26.30538420616501
            ],
            [
              91.12666487569496,
              26.30525374765487
            ],
            [
              91.12680997341079,
              26.29622911038452
            ],
            [
              91.13682212803968,
              26.29635951739228
            ]
          ]
        ]
      }
    },
    {
      "id": "831",
      "type": "Feature",
      "properties": {
        "zone_id": "Grid-26-25",
        "name": "Grid-26-25",
        "flood_km2": 0.1676,
        "flood_pct": 16.76,
        "zone_area_km2": 1.0,
        "population": 1707.1224,
        "people_affected": 286.1137,
        "facilities_hit": 0,
        "facilities_by_type": {},
        "road_cut_km": 0.0,
        "confidence": "Low",
        "confidence_score": 0.368,
        "reason": "Flagged for on-ground verification: High impact (P1) with Low detection confidence",
        "conf_detail": {
          "agreement_ratio": 0.0,
          "terrain_penalty": 0.0,
          "time_penalty": 0.375,
          "margin_score": 0.716,
          "method_penalty": 0.15
        },
        "breakdown": {
          "severity": 0.0713,
          "people": 0.111,
          "facilities": 0.0,
          "roads": 0.0
        },
        "score": 0.1823,
        "rank": 60,
        "tier": "VERIFY"
      },
      "geometry": {
        "type": "Polygon",
        "coordinates": [
          [
            [
              91.20953576117364,
              26.125774746624877
            ],
            [
              91.20939810548462,
              26.13480001635546
            ],
            [
              91.19939936055351,
              26.134675387166496
            ],
            [
              91.19953778390422,
              26.125650166867928
            ],
            [
              91.20953576117364,
              26.125774746624877
            ]
          ]
        ]
      }
    },
    {
      "id": "881",
      "type": "Feature",
      "properties": {
        "zone_id": "Grid-28-13",
        "name": "Grid-28-13",
        "flood_km2": 0.1864,
        "flood_pct": 18.64,
        "zone_area_km2": 1.0,
        "population": 1422.8254,
        "people_affected": 265.2147,
        "facilities_hit": 0,
        "facilities_by_type": {},
        "road_cut_km": 0.0,
        "confidence": "Low",
        "confidence_score": 0.338,
        "reason": "Flagged for on-ground verification: High impact (P1) with Low detection confidence",
        "conf_detail": {
          "agreement_ratio": 0.0,
          "terrain_penalty": 0.0,
          "time_penalty": 0.375,
          "margin_score": 0.564,
          "method_penalty": 0.15
        },
        "breakdown": {
          "severity": 0.0793,
          "people": 0.1029,
          "facilities": 0.0,
          "roads": 0.0
        },
        "score": 0.1822,
        "rank": 61,
        "tier": "VERIFY"
      },
      "geometry": {
        "type": "Polygon",
        "coordinates": [
          [
            [
              91.08985797440937,
              26.106184706708977
            ],
            [
              91.08971124766956,
              26.115209389251593
            ],
            [
              91.07971485003807,
              26.115076548174393
            ],
            [
              91.07986234344077,
              26.10605191834561
            ],
            [
              91.08985797440937,
              26.106184706708977
            ]
          ]
        ]
      }
    },
    {
      "id": "317",
      "type": "Feature",
      "properties": {
        "zone_id": "Grid-10-7",
        "name": "Grid-10-7",
        "flood_km2": 0.254,
        "flood_pct": 25.4,
        "zone_area_km2": 1.0,
        "population": 730.5585,
        "people_affected": 185.5619,
        "facilities_hit": 0,
        "facilities_by_type": {},
        "road_cut_km": 0.0,
        "confidence": "Low",
        "confidence_score": 0.343,
        "reason": "Flagged for on-ground verification: High impact (P1) with Low detection confidence",
        "conf_detail": {
          "agreement_ratio": 0.0,
          "terrain_penalty": 0.0,
          "time_penalty": 0.375,
          "margin_score": 0.592,
          "method_penalty": 0.15
        },
        "breakdown": {
          "severity": 0.1081,
          "people": 0.072,
          "facilities": 0.0,
          "roads": 0.0
        },
        "score": 0.18,
        "rank": 62,
        "tier": "VERIFY"
      },
      "geometry": {
        "type": "Polygon",
        "coordinates": [
          [
            [
              91.02715035462055,
              26.267814256956672
            ],
            [
              91.02699773073658,
              26.27683840056982
            ],
            [
              91.01698789921826,
              26.276700425213466
            ],
            [
              91.01714129619057,
              26.267676336108785
            ],
            [
              91.02715035462055,
              26.267814256956672
            ]
          ]
        ]
      }
    },
    {
      "id": "254",
      "type": "Feature",
      "properties": {
        "zone_id": "Grid-8-6",
        "name": "Grid-8-6",
        "flood_km2": 0.252,
        "flood_pct": 25.2,
        "zone_area_km2": 1.0,
        "population": 673.78,
        "people_affected": 169.7926,
        "facilities_hit": 0,
        "facilities_by_type": {},
        "road_cut_km": 0.0,
        "confidence": "Low",
        "confidence_score": 0.34,
        "reason": "Flagged for on-ground verification: High impact (P1) with Low detection confidence",
        "conf_detail": {
          "agreement_ratio": 0.0,
          "terrain_penalty": 0.0,
          "time_penalty": 0.375,
          "margin_score": 0.574,
          "method_penalty": 0.15
        },
        "breakdown": {
          "severity": 0.1072,
          "people": 0.0659,
          "facilities": 0.0,
          "roads": 0.0
        },
        "score": 0.1731,
        "rank": 63,
        "tier": "VERIFY"
      },
      "geometry": {
        "type": "Polygon",
        "coordinates": [
          [
            [
              91.01683442956634,
              26.285724502139374
            ],
            [
              91.01668088721047,
              26.294748566883364
            ],
            [
              91.00666958114564,
              26.29460978465533
            ],
            [
              91.00682389729764,
              26.285585774711645
            ],
            [
              91.01683442956634,
              26.285724502139374
            ]
          ]
        ]
      }
    },
    {
      "id": "217",
      "type": "Feature",
      "properties": {
        "zone_id": "Grid-7-0",
        "name": "Grid-7-0",
        "flood_km2": 0.2504,
        "flood_pct": 25.04,
        "zone_area_km2": 1.0,
        "population": 676.3659,
        "people_affected": 169.362,
        "facilities_hit": 0,
        "facilities_by_type": {},
        "road_cut_km": 0.0,
        "confidence": "Low",
        "confidence_score": 0.341,
        "reason": "Flagged for on-ground verification: High impact (P1) with Low detection confidence",
        "conf_detail": {
          "agreement_ratio": 0.0,
          "terrain_penalty": 0.0,
          "time_penalty": 0.375,
          "margin_score": 0.58,
          "method_penalty": 0.15
        },
        "breakdown": {
          "severity": 0.1065,
          "people": 0.0657,
          "facilities": 0.0,
          "roads": 0.0
        },
        "score": 0.1722,
        "rank": 64,
        "tier": "VERIFY"
      },
      "geometry": {
        "type": "Polygon",
        "coordinates": [
          [
            [
              90.95661415456405,
              26.293905406749246
            ],
            [
              90.95645589487582,
              26.302929126325182
            ],
            [
              90.94644425885784,
              26.30278610106819
            ],
            [
              90.94660329255954,
              26.293762437953387
            ],
            [
              90.95661415456405,
              26.293905406749246
            ]
          ]
        ]
      }
    },
    {
      "id": "315",
      "type": "Feature",
      "properties": {
        "zone_id": "Grid-10-5",
        "name": "Grid-10-5",
        "flood_km2": 0.2384,
        "flood_pct": 23.84,
        "zone_area_km2": 1.0,
        "population": 749.5639,
        "people_affected": 178.696,
        "facilities_hit": 0,
        "facilities_by_type": {},
        "road_cut_km": 0.0,
        "confidence": "Low",
        "confidence_score": 0.331,
        "reason": "Flagged for on-ground verification: High impact (P1) with Low detection confidence",
        "conf_detail": {
          "agreement_ratio": 0.0,
          "terrain_penalty": 0.0,
          "time_penalty": 0.375,
          "margin_score": 0.531,
          "method_penalty": 0.15
        },
        "breakdown": {
          "severity": 0.1014,
          "people": 0.0693,
          "facilities": 0.0,
          "roads": 0.0
        },
        "score": 0.1707,
        "rank": 65,
        "tier": "VERIFY"
      },
      "geometry": {
        "type": "Polygon",
        "coordinates": [
          [
            [
              91.00713231041587,
              26.26753771825693
            ],
            [
              91.00697814037956,
              26.27656175257779
            ],
            [
              90.99696845458644,
              26.276422382682277
            ],
            [
              90.99712339766232,
              26.267398403420565
            ],
            [
              91.00713231041587,
              26.26753771825693
            ]
          ]
        ]
      }
    },
    {
      "id": "843",
      "type": "Feature",
      "properties": {
        "zone_id": "Grid-27-6",
        "name": "Grid-27-6",
        "flood_km2": 0.0348,
        "flood_pct": 3.48,
        "zone_area_km2": 1.0,
        "population": 613.4307,
        "people_affected": 21.3474,
        "facilities_hit": 0,
        "facilities_by_type": {},
        "road_cut_km": 0.011,
        "confidence": "Low",
        "confidence_score": 0.359,
        "reason": "Flagged for on-ground verification: High impact (P1) with Low detection confidence",
        "conf_detail": {
          "agreement_ratio": 0.0,
          "terrain_penalty": 0.0,
          "time_penalty": 0.375,
          "margin_score": 0.668,
          "method_penalty": 0.15
        },
        "breakdown": {
          "severity": 0.0148,
          "people": 0.0083,
          "facilities": 0.0,
          "roads": 0.1467
        },
        "score": 0.1698,
        "rank": 66,
        "tier": "VERIFY"
      },
      "geometry": {
        "type": "Polygon",
        "coordinates": [
          [
            [
              91.01973794826189,
              26.11426496106067
            ],
            [
              91.0195857831321,
              26.123289256717555
            ],
            [
              91.00958911670665,
              26.123151514289486
            ],
            [
              91.00974204869728,
              26.11412727327699
            ],
            [
              91.01973794826189,
              26.11426496106067
            ]
          ]
        ]
      }
    },
    {
      "id": "338",
      "type": "Feature",
      "properties": {
        "zone_id": "Grid-10-28",
        "name": "Grid-10-28",
        "flood_km2": 0.2092,
        "flood_pct": 20.92,
        "zone_area_km2": 1.0,
        "population": 981.6785,
        "people_affected": 205.3671,
        "facilities_hit": 0,
        "facilities_by_type": {},
        "road_cut_km": 0.0,
        "confidence": "Low",
        "confidence_score": 0.344,
        "reason": "Flagged for on-ground verification: High impact (P1) with Low detection confidence",
        "conf_detail": {
          "agreement_ratio": 0.0,
          "terrain_penalty": 0.0,
          "time_penalty": 0.375,
          "margin_score": 0.593,
          "method_penalty": 0.15
        },
        "breakdown": {
          "severity": 0.089,
          "people": 0.0796,
          "facilities": 0.0,
          "roads": 0.0
        },
        "score": 0.1686,
        "rank": 67,
        "tier": "VERIFY"
      },
      "geometry": {
        "type": "Polygon",
        "coordinates": [
          [
            [
              91.2373567169016,
              26.270549553402493
            ],
            [
              91.23722033327864,
              26.279574778073705
            ],
            [
              91.22720906005945,
              26.27945144990943
            ],
            [
              91.2273462172536,
              26.270426273962432
            ],
            [
              91.2373567169016,
              26.270549553402493
            ]
          ]
        ]
      }
    },
    {
      "id": "905",
      "type": "Feature",
      "properties": {
        "zone_id": "Grid-29-6",
        "name": "Grid-29-6",
        "flood_km2": 0.1408,
        "flood_pct": 30.6087,
        "zone_area_km2": 0.47237621329026297,
        "population": 321.4506,
        "people_affected": 98.3918,
        "facilities_hit": 0,
        "facilities_by_type": {},
        "road_cut_km": 0.0,
        "confidence": "Low",
        "confidence_score": 0.339,
        "reason": "Flagged for on-ground verification: High impact (P1) with Low detection confidence",
        "conf_detail": {
          "agreement_ratio": 0.0,
          "terrain_penalty": 0.0,
          "time_penalty": 0.375,
          "margin_score": 0.571,
          "method_penalty": 0.15
        },
        "breakdown": {
          "severity": 0.1302,
          "people": 0.0382,
          "facilities": 0.0,
          "roads": 0.0
        },
        "score": 0.1684,
        "rank": 68,
        "tier": "VERIFY"
      },
      "geometry": {
        "type": "Polygon",
        "coordinates": [
          [
            [
              91.0199618610927,
              26.10097778073202
            ],
            [
              91.0198900411477,
              26.10524065328233
            ],
            [
              91.00989490808016,
              26.10510302013488
            ],
            [
              91.00996708997363,
              26.100840173390598
            ],
            [
              91.0199618610927,
              26.10097778073202
            ]
          ]
        ]
      }
    },
    {
      "id": "9",
      "type": "Feature",
      "properties": {
        "zone_id": "Grid-0-9",
        "name": "Grid-0-9",
        "flood_km2": 0.164,
        "flood_pct": 16.4,
        "zone_area_km2": 1.0,
        "population": 1541.9045,
        "people_affected": 252.8723,
        "facilities_hit": 0,
        "facilities_by_type": {},
        "road_cut_km": 0.0,
        "confidence": "Low",
        "confidence_score": 0.348,
        "reason": "Flagged for on-ground verification: High impact (P1) with Low detection confidence",
        "conf_detail": {
          "agreement_ratio": 0.0,
          "terrain_penalty": 0.0,
          "time_penalty": 0.375,
          "margin_score": 0.617,
          "method_penalty": 0.15
        },
        "breakdown": {
          "severity": 0.0698,
          "people": 0.0981,
          "facilities": 0.0,
          "roads": 0.0
        },
        "score": 0.1678,
        "rank": 69,
        "tier": "VERIFY"
      },
      "geometry": {
        "type": "Polygon",
        "coordinates": [
          [
            [
              91.04565468758419,
              26.35832997828209
            ],
            [
              91.0455028930527,
              26.367354108401262
            ],
            [
              91.03548516575437,
              26.367216987636606
            ],
            [
              91.0356377370884,
              26.358192911556593
            ],
            [
              91.04565468758419,
              26.35832997828209
            ]
          ]
        ]
      }
    },
    {
      "id": "198",
      "type": "Feature",
      "properties": {
        "zone_id": "Grid-6-12",
        "name": "Grid-6-12",
        "flood_km2": 0.2168,
        "flood_pct": 21.68,
        "zone_area_km2": 1.0,
        "population": 897.0111,
        "people_affected": 194.472,
        "facilities_hit": 0,
        "facilities_by_type": {},
        "road_cut_km": 0.0,
        "confidence": "Low",
        "confidence_score": 0.354,
        "reason": "Flagged for on-ground verification: High impact (P1) with Low detection confidence",
        "conf_detail": {
          "agreement_ratio": 0.0,
          "terrain_penalty": 0.0,
          "time_penalty": 0.375,
          "margin_score": 0.646,
          "method_penalty": 0.15
        },
        "breakdown": {
          "severity": 0.0922,
          "people": 0.0754,
          "facilities": 0.0,
          "roads": 0.0
        },
        "score": 0.1677,
        "rank": 70,
        "tier": "VERIFY"
      },
      "geometry": {
        "type": "Polygon",
        "coordinates": [
          [
            [
              91.07660126847284,
              26.304590980768737
            ],
            [
              91.0764522283163,
              26.313615344254288
            ],
            [
              91.06643894239544,
              26.313480642976714
            ],
            [
              91.06658875722525,
              26.304456332654805
            ],
            [
              91.07660126847284,
              26.304590980768737
            ]
          ]
        ]
      }
    },
    {
      "id": "586",
      "type": "Feature",
      "properties": {
        "zone_id": "Grid-18-28",
        "name": "Grid-18-28",
        "flood_km2": 0.2724,
        "flood_pct": 27.24,
        "zone_area_km2": 1.0,
        "population": 486.7904,
        "people_affected": 132.6017,
        "facilities_hit": 0,
        "facilities_by_type": {},
        "road_cut_km": 0.0,
        "confidence": "Low",
        "confidence_score": 0.355,
        "reason": "Flagged for on-ground verification: High impact (P1) with Low detection confidence",
        "conf_detail": {
          "agreement_ratio": 0.0,
          "terrain_penalty": 0.0,
          "time_penalty": 0.375,
          "margin_score": 0.65,
          "method_penalty": 0.15
        },
        "breakdown": {
          "severity": 0.1159,
          "people": 0.0514,
          "facilities": 0.0,
          "roads": 0.0
        },
        "score": 0.1673,
        "rank": 71,
        "tier": "VERIFY"
      },
      "geometry": {
        "type": "Polygon",
        "coordinates": [
          [
            [
              91.2384454620167,
              26.198347324119503
            ],
            [
              91.23830959460744,
              26.207372644742662
            ],
            [
              91.22830449971121,
              26.207249706167083
            ],
            [
              91.2284411377655,
              26.198224434209607
            ],
            [
              91.2384454620167,
              26.198347324119503
            ]
          ]
        ]
      }
    },
    {
      "id": "260",
      "type": "Feature",
      "properties": {
        "zone_id": "Grid-8-12",
        "name": "Grid-8-12",
        "flood_km2": 0.2192,
        "flood_pct": 21.92,
        "zone_area_km2": 1.0,
        "population": 837.0074,
        "people_affected": 183.472,
        "facilities_hit": 0,
        "facilities_by_type": {},
        "road_cut_km": 0.0,
        "confidence": "Low",
        "confidence_score": 0.339,
        "reason": "Flagged for on-ground verification: High impact (P1) with Low detection confidence",
        "conf_detail": {
          "agreement_ratio": 0.0,
          "terrain_penalty": 0.0,
          "time_penalty": 0.375,
          "margin_score": 0.572,
          "method_penalty": 0.15
        },
        "breakdown": {
          "severity": 0.0933,
          "people": 0.0712,
          "facilities": 0.0,
          "roads": 0.0
        },
        "score": 0.1644,
        "rank": 72,
        "tier": "VERIFY"
      },
      "geometry": {
        "type": "Polygon",
        "coordinates": [
          [
            [
              91.07689913714682,
              26.286542217381946
            ],
            [
              91.07675023807514,
              26.29556660514357
            ],
            [
              91.06673850113438,
              26.295432010185273
            ],
            [
              91.06688817414657,
              26.28640767557128
            ],
            [
              91.07689913714682,
              26.286542217381946
            ]
          ]
        ]
      }
    },
    {
      "id": "319",
      "type": "Feature",
      "properties": {
        "zone_id": "Grid-10-9",
        "name": "Grid-10-9",
        "flood_km2": 0.1876,
        "flood_pct": 18.76,
        "zone_area_km2": 1.0,
        "population": 1143.0862,
        "people_affected": 214.443,
        "facilities_hit": 0,
        "facilities_by_type": {},
        "road_cut_km": 0.0,
        "confidence": "Low",
        "confidence_score": 0.343,
        "reason": "Flagged for on-ground verification: High impact (P1) with Low detection confidence",
        "conf_detail": {
          "agreement_ratio": 0.0,
          "terrain_penalty": 0.0,
          "time_penalty": 0.375,
          "margin_score": 0.591,
          "method_penalty": 0.15
        },
        "breakdown": {
          "severity": 0.0798,
          "people": 0.0832,
          "facilities": 0.0,
          "roads": 0.0
        },
        "score": 0.163,
        "rank": 73,
        "tier": "VERIFY"
      },
      "geometry": {
        "type": "Polygon",
        "coordinates": [
          [
            [
              91.04716868798272,
              26.268088007563133
            ],
            [
              91.04701761034801,
              26.277112259367183
            ],
            [
              91.0370076345685,
              26.276975678627487
            ],
            [
              91.03715948533988,
              26.267951480781214
            ],
            [
              91.04716868798272,
              26.268088007563133
            ]
          ]
        ]
      }
    },
    {
      "id": "383",
      "type": "Feature",
      "properties": {
        "zone_id": "Grid-12-11",
        "name": "Grid-12-11",
        "flood_km2": 0.23,
        "flood_pct": 23.0,
        "zone_area_km2": 1.0,
        "population": 709.7139,
        "people_affected": 163.2342,
        "facilities_hit": 0,
        "facilities_by_type": {},
        "road_cut_km": 0.0,
        "confidence": "Low",
        "confidence_score": 0.346,
        "reason": "Flagged for on-ground verification: High impact (P1) with Low detection confidence",
        "conf_detail": {
          "agreement_ratio": 0.0,
          "terrain_penalty": 0.0,
          "time_penalty": 0.375,
          "margin_score": 0.606,
          "method_penalty": 0.15
        },
        "breakdown": {
          "severity": 0.0978,
          "people": 0.0633,
          "facilities": 0.0,
          "roads": 0.0
        },
        "score": 0.1612,
        "rank": 74,
        "tier": "VERIFY"
      },
      "geometry": {
        "type": "Polygon",
        "coordinates": [
          [
            [
              91.06748615770098,
              26.250310215733716
            ],
            [
              91.06733676803908,
              26.25933459889404
            ],
            [
              91.05732819546557,
              26.259199519653777
            ],
            [
              91.05747835758018,
              26.25017518988442
            ],
            [
              91.06748615770098,
              26.250310215733716
            ]
          ]
        ]
      }
    },
    {
      "id": "314",
      "type": "Feature",
      "properties": {
        "zone_id": "Grid-10-4",
        "name": "Grid-10-4",
        "flood_km2": 0.2136,
        "flood_pct": 21.36,
        "zone_area_km2": 1.0,
        "population": 822.2394,
        "people_affected": 175.6303,
        "facilities_hit": 0,
        "facilities_by_type": {},
        "road_cut_km": 0.0,
        "confidence": "Low",
        "confidence_score": 0.342,
        "reason": "Flagged for on-ground verification: High impact (P1) with Low detection confidence",
        "conf_detail": {
          "agreement_ratio": 0.0,
          "terrain_penalty": 0.0,
          "time_penalty": 0.375,
          "margin_score": 0.586,
          "method_penalty": 0.15
        },
        "breakdown": {
          "severity": 0.0909,
          "people": 0.0681,
          "facilities": 0.0,
          "roads": 0.0
        },
        "score": 0.159,
        "rank": 75,
        "tier": "VERIFY"
      },
      "geometry": {
        "type": "Polygon",
        "coordinates": [
          [
            [
              90.99712339766232,
              26.267398403420565
            ],
            [
              90.99696845458644,
              26.276422382682277
            ],
            [
              90.9869588422049,
              26.276282315546514
            ],
            [
              90.98711455829574,
              26.26725839161926
            ],
            [
              90.99712339766232,
              26.267398403420565
            ]
          ]
        ]
      }
    },
    {
      "id": "349",
      "type": "Feature",
      "properties": {
        "zone_id": "Grid-11-8",
        "name": "Grid-11-8",
        "flood_km2": 0.2084,
        "flood_pct": 20.84,
        "zone_area_km2": 1.0,
        "population": 851.3124,
        "people_affected": 177.4135,
        "facilities_hit": 0,
        "facilities_by_type": {},
        "road_cut_km": 0.0,
        "confidence": "Low",
        "confidence_score": 0.343,
        "reason": "Flagged for on-ground verification: High impact (P1) with Low detection confidence",
        "conf_detail": {
          "agreement_ratio": 0.0,
          "terrain_penalty": 0.0,
          "time_penalty": 0.375,
          "margin_score": 0.592,
          "method_penalty": 0.15
        },
        "breakdown": {
          "severity": 0.0887,
          "people": 0.0688,
          "facilities": 0.0,
          "roads": 0.0
        },
        "score": 0.1575,
        "rank": 76,
        "tier": "VERIFY"
      },
      "geometry": {
        "type": "Polygon",
        "coordinates": [
          [
            [
              91.03731126418778,
              26.25892727077571
            ],
            [
              91.03715948533988,
              26.267951480781214
            ],
            [
              91.02715035462055,
              26.267814256956672
            ],
            [
              91.0273029062151,
              26.258790101176146
            ],
            [
              91.03731126418778,
              26.25892727077571
            ]
          ]
        ]
      }
    },
    {
      "id": "322",
      "type": "Feature",
      "properties": {
        "zone_id": "Grid-10-12",
        "name": "Grid-10-12",
        "flood_km2": 0.1712,
        "flood_pct": 17.12,
        "zone_area_km2": 1.0,
        "population": 1243.991,
        "people_affected": 212.9713,
        "facilities_hit": 0,
        "facilities_by_type": {},
        "road_cut_km": 0.0,
        "confidence": "Low",
        "confidence_score": 0.341,
        "reason": "Flagged for on-ground verification: High impact (P1) with Low detection confidence",
        "conf_detail": {
          "agreement_ratio": 0.0,
          "terrain_penalty": 0.0,
          "time_penalty": 0.375,
          "margin_score": 0.579,
          "method_penalty": 0.15
        },
        "breakdown": {
          "severity": 0.0728,
          "people": 0.0826,
          "facilities": 0.0,
          "roads": 0.0
        },
        "score": 0.1554,
        "rank": 77,
        "tier": "VERIFY"
      },
      "geometry": {
        "type": "Polygon",
        "coordinates": [
          [
            [
              91.07719672379294,
              26.26849340546191
            ],
            [
              91.07704796571154,
              26.277517817487016
            ],
            [
              91.06703777628559,
              26.27738332881598
            ],
            [
              91.0671873075752,
              26.268358969922513
            ],
            [
              91.07719672379294,
              26.26849340546191
            ]
          ]
        ]
      }
    },
    {
      "id": "900",
      "type": "Feature",
      "properties": {
        "zone_id": "Grid-29-1",
        "name": "Grid-29-1",
        "flood_km2": 0.15,
        "flood_pct": 32.6087,
        "zone_area_km2": 0.47237621329026297,
        "population": 127.7141,
        "people_affected": 41.6459,
        "facilities_hit": 0,
        "facilities_by_type": {},
        "road_cut_km": 0.0,
        "confidence": "Low",
        "confidence_score": 0.329,
        "reason": "Flagged for on-ground verification: High impact (P1) with Low detection confidence",
        "conf_detail": {
          "agreement_ratio": 0.0,
          "terrain_penalty": 0.0,
          "time_penalty": 0.375,
          "margin_score": 0.521,
          "method_penalty": 0.15
        },
        "breakdown": {
          "severity": 0.1387,
          "people": 0.0162,
          "facilities": 0.0,
          "roads": 0.0
        },
        "score": 0.1549,
        "rank": 78,
        "tier": "VERIFY"
      },
      "geometry": {
        "type": "Polygon",
        "coordinates": [
          [
            [
              90.9699887348548,
              26.100282825160196
            ],
            [
              90.9699151052821,
              26.104545567383493
            ],
            [
              90.95992033876882,
              26.104404474252938
            ],
            [
              90.95999433023239,
              26.100141758484096
            ],
            [
              90.9699887348548,
              26.100282825160196
            ]
          ]
        ]
      }
    },
    {
      "id": "302",
      "type": "Feature",
      "properties": {
        "zone_id": "Grid-9-23",
        "name": "Grid-9-23",
        "flood_km2": 0.1496,
        "flood_pct": 14.96,
        "zone_area_km2": 1.0,
        "population": 1564.6128,
        "people_affected": 234.0661,
        "facilities_hit": 0,
        "facilities_by_type": {},
        "road_cut_km": 0.0,
        "confidence": "Low",
        "confidence_score": 0.344,
        "reason": "Flagged for on-ground verification: High impact (P1) with Low detection confidence",
        "conf_detail": {
          "agreement_ratio": 0.0,
          "terrain_penalty": 0.0,
          "time_penalty": 0.375,
          "margin_score": 0.597,
          "method_penalty": 0.15
        },
        "breakdown": {
          "severity": 0.0636,
          "people": 0.0908,
          "facilities": 0.0,
          "roads": 0.0
        },
        "score": 0.1544,
        "rank": 79,
        "tier": "VERIFY"
      },
      "geometry": {
        "type": "Polygon",
        "coordinates": [
          [
            [
              91.18716462074858,
              26.278951160769175
            ],
            [
              91.18702430303307,
              26.28797612701916
            ],
            [
              91.17701258460087,
              26.287849260591855
            ],
            [
              91.17715367614376,
              26.278824344451184
            ],
            [
              91.18716462074858,
              26.278951160769175
            ]
          ]
        ]
      }
    },
    {
      "id": "230",
      "type": "Feature",
      "properties": {
        "zone_id": "Grid-7-13",
        "name": "Grid-7-13",
        "flood_km2": 0.2068,
        "flood_pct": 20.68,
        "zone_area_km2": 1.0,
        "population": 821.4033,
        "people_affected": 169.8662,
        "facilities_hit": 0,
        "facilities_by_type": {},
        "road_cut_km": 0.0,
        "confidence": "Low",
        "confidence_score": 0.352,
        "reason": "Flagged for on-ground verification: High impact (P1) with Low detection confidence",
        "conf_detail": {
          "agreement_ratio": 0.0,
          "terrain_penalty": 0.0,
          "time_penalty": 0.375,
          "margin_score": 0.633,
          "method_penalty": 0.15
        },
        "breakdown": {
          "severity": 0.088,
          "people": 0.0659,
          "facilities": 0.0,
          "roads": 0.0
        },
        "score": 0.1539,
        "rank": 80,
        "tier": "VERIFY"
      },
      "geometry": {
        "type": "Polygon",
        "coordinates": [
          [
            [
              91.0867620455465,
              26.29570050215682
            ],
            [
              91.08661385027467,
              26.304724930662097
            ],
            [
              91.07660126847284,
              26.304590980768737
            ],
            [
              91.07675023807514,
              26.29556660514357
            ],
            [
              91.0867620455465,
              26.29570050215682
            ]
          ]
        ]
      }
    },
    {
      "id": "224",
      "type": "Feature",
      "properties": {
        "zone_id": "Grid-7-7",
        "name": "Grid-7-7",
        "flood_km2": 0.2024,
        "flood_pct": 20.24,
        "zone_area_km2": 1.0,
        "population": 855.3391,
        "people_affected": 173.1206,
        "facilities_hit": 0,
        "facilities_by_type": {},
        "road_cut_km": 0.0,
        "confidence": "Low",
        "confidence_score": 0.338,
        "reason": "Flagged for on-ground verification: High impact (P1) with Low detection confidence",
        "conf_detail": {
          "agreement_ratio": 0.0,
          "terrain_penalty": 0.0,
          "time_penalty": 0.375,
          "margin_score": 0.563,
          "method_penalty": 0.15
        },
        "breakdown": {
          "severity": 0.0861,
          "people": 0.0671,
          "facilities": 0.0,
          "roads": 0.0
        },
        "score": 0.1532,
        "rank": 81,
        "tier": "VERIFY"
      },
      "geometry": {
        "type": "Polygon",
        "coordinates": [
          [
            [
              91.02669226600364,
              26.294886651281285
            ],
            [
              91.02653942510617,
              26.303910758373267
            ],
            [
              91.01652727212627,
              26.30377261944225
            ],
            [
              91.01668088721047,
              26.294748566883364
            ],
            [
              91.02669226600364,
              26.294886651281285
            ]
          ]
        ]
      }
    },
    {
      "id": "734",
      "type": "Feature",
      "properties": {
        "zone_id": "Grid-23-21",
        "name": "Grid-23-21",
        "flood_km2": 0.1852,
        "flood_pct": 18.52,
        "zone_area_km2": 1.0,
        "population": 1030.5107,
        "people_affected": 190.8506,
        "facilities_hit": 0,
        "facilities_by_type": {},
        "road_cut_km": 0.0,
        "confidence": "Low",
        "confidence_score": 0.352,
        "reason": "Flagged for on-ground verification: High impact (P1) with Low detection confidence",
        "conf_detail": {
          "agreement_ratio": 0.0,
          "terrain_penalty": 0.0,
          "time_penalty": 0.375,
          "margin_score": 0.637,
          "method_penalty": 0.15
        },
        "breakdown": {
          "severity": 0.0788,
          "people": 0.074,
          "facilities": 0.0,
          "roads": 0.0
        },
        "score": 0.1528,
        "rank": 82,
        "tier": "VERIFY"
      },
      "geometry": {
        "type": "Polygon",
        "coordinates": [
          [
            [
              91.16912186871883,
              26.152347445082675
            ],
            [
              91.16898094195928,
              26.16137247939618
            ],
            [
              91.1589801572547,
              26.161244925833312
            ],
            [
              91.15912185268077,
              26.15221994207384
            ],
            [
              91.16912186871883,
              26.152347445082675
            ]
          ]
        ]
      }
    },
    {
      "id": "136",
      "type": "Feature",
      "properties": {
        "zone_id": "Grid-4-12",
        "name": "Grid-4-12",
        "flood_km2": 0.1792,
        "flood_pct": 17.92,
        "zone_area_km2": 1.0,
        "population": 1095.8984,
        "people_affected": 196.385,
        "facilities_hit": 0,
        "facilities_by_type": {},
        "road_cut_km": 0.0,
        "confidence": "Low",
        "confidence_score": 0.337,
        "reason": "Flagged for on-ground verification: High impact (P1) with Low detection confidence",
        "conf_detail": {
          "agreement_ratio": 0.0,
          "terrain_penalty": 0.0,
          "time_penalty": 0.375,
          "margin_score": 0.562,
          "method_penalty": 0.15
        },
        "breakdown": {
          "severity": 0.0762,
          "people": 0.0762,
          "facilities": 0.0,
          "roads": 0.0
        },
        "score": 0.1524,
        "rank": 83,
        "tier": "VERIFY"
      },
      "geometry": {
        "type": "Polygon",
        "coordinates": [
          [
            [
              91.07630311758183,
              26.322639695597093
            ],
            [
              91.07615393624577,
              26.33166403479401
            ],
            [
              91.06613909987851,
              26.33152922716511
            ],
            [
              91.06628905662112,
              26.322504941147866
            ],
            [
              91.07630311758183,
              26.322639695597093
            ]
          ]
        ]
      }
    },
    {
      "id": "320",
      "type": "Feature",
      "properties": {
        "zone_id": "Grid-10-10",
        "name": "Grid-10-10",
        "flood_km2": 0.1828,
        "flood_pct": 18.28,
        "zone_area_km2": 1.0,
        "population": 1041.8848,
        "people_affected": 190.4565,
        "facilities_hit": 0,
        "facilities_by_type": {},
        "road_cut_km": 0.0,
        "confidence": "Low",
        "confidence_score": 0.352,
        "reason": "Flagged for on-ground verification: High impact (P1) with Low detection confidence",
        "conf_detail": {
          "agreement_ratio": 0.0,
          "terrain_penalty": 0.0,
          "time_penalty": 0.375,
          "margin_score": 0.637,
          "method_penalty": 0.15
        },
        "breakdown": {
          "severity": 0.0778,
          "people": 0.0739,
          "facilities": 0.0,
          "roads": 0.0
        },
        "score": 0.1516,
        "rank": 84,
        "tier": "VERIFY"
      },
      "geometry": {
        "type": "Polygon",
        "coordinates": [
          [
            [
              91.05717796218313,
              26.26822383728326
            ],
            [
              91.05702765770906,
              26.2772481427697
            ],
            [
              91.04701761034801,
              26.277112259367183
            ],
            [
              91.04716868798272,
              26.268088007563133
            ],
            [
              91.05717796218313,
              26.26822383728326
            ]
          ]
        ]
      }
    },
    {
      "id": "163",
      "type": "Feature",
      "properties": {
        "zone_id": "Grid-5-8",
        "name": "Grid-5-8",
        "flood_km2": 0.098,
        "flood_pct": 9.8,
        "zone_area_km2": 1.0,
        "population": 2823.4956,
        "people_affected": 276.7026,
        "facilities_hit": 0,
        "facilities_by_type": {},
        "road_cut_km": 0.0,
        "confidence": "Low",
        "confidence_score": 0.331,
        "reason": "Flagged for on-ground verification: High impact (P1) with Low detection confidence",
        "conf_detail": {
          "agreement_ratio": 0.0,
          "terrain_penalty": 0.0,
          "time_penalty": 0.375,
          "margin_score": 0.528,
          "method_penalty": 0.15
        },
        "breakdown": {
          "severity": 0.0417,
          "people": 0.1073,
          "facilities": 0.0,
          "roads": 0.0
        },
        "score": 0.149,
        "rank": 85,
        "tier": "VERIFY"
      },
      "geometry": {
        "type": "Polygon",
        "coordinates": [
          [
            [
              91.03639951176598,
              26.313072348357
            ],
            [
              91.03624730101542,
              26.322096485359666
            ],
            [
              91.02623352612791,
              26.321958936013868
            ],
            [
              91.02638651182235,
              26.31293485328518
            ],
            [
              91.03639951176598,
              26.313072348357
            ]
          ]
        ]
      }
    },
    {
      "id": "914",
      "type": "Feature",
      "properties": {
        "zone_id": "Grid-29-15",
        "name": "Grid-29-15",
        "flood_km2": 0.1096,
        "flood_pct": 23.8261,
        "zone_area_km2": 0.47237621329026297,
        "population": 514.6924,
        "people_affected": 122.6311,
        "facilities_hit": 0,
        "facilities_by_type": {},
        "road_cut_km": 0.0,
        "confidence": "Low",
        "confidence_score": 0.357,
        "reason": "Flagged for on-ground verification: High impact (P1) with Low detection confidence",
        "conf_detail": {
          "agreement_ratio": 0.0,
          "terrain_penalty": 0.0,
          "time_penalty": 0.375,
          "margin_score": 0.662,
          "method_penalty": 0.15
        },
        "breakdown": {
          "severity": 0.1014,
          "people": 0.0476,
          "facilities": 0.0,
          "roads": 0.0
        },
        "score": 0.1489,
        "rank": 86,
        "tier": "VERIFY"
      },
      "geometry": {
        "type": "Polygon",
        "coordinates": [
          [
            [
              91.10991800690816,
              26.102185107887994
            ],
            [
              91.1098494450038,
              26.10644820685542
            ],
            [
              91.09985367505165,
              26.10631680288509
            ],
            [
              91.09992259900466,
              26.102053728556218
            ],
            [
              91.10991800690816,
              26.102185107887994
            ]
          ]
        ]
      }
    },
    {
      "id": "343",
      "type": "Feature",
      "properties": {
        "zone_id": "Grid-11-2",
        "name": "Grid-11-2",
        "flood_km2": 0.202,
        "flood_pct": 20.2,
        "zone_area_km2": 1.0,
        "population": 800.184,
        "people_affected": 161.6372,
        "facilities_hit": 0,
        "facilities_by_type": {},
        "road_cut_km": 0.0,
        "confidence": "Low",
        "confidence_score": 0.348,
        "reason": "Flagged for on-ground verification: High impact (P1) with Low detection confidence",
        "conf_detail": {
          "agreement_ratio": 0.0,
          "terrain_penalty": 0.0,
          "time_penalty": 0.375,
          "margin_score": 0.615,
          "method_penalty": 0.15
        },
        "breakdown": {
          "severity": 0.0859,
          "people": 0.0627,
          "facilities": 0.0,
          "roads": 0.0
        },
        "score": 0.1486,
        "rank": 87,
        "tier": "VERIFY"
      },
      "geometry": {
        "type": "Polygon",
        "coordinates": [
          [
            [
              90.97726220764447,
              26.25809380234644
            ],
            [
              90.977105792682,
              26.26711768287269
            ],
            [
              90.96709710118688,
              26.266976277200598
            ],
            [
              90.96725428874899,
              26.257952452551024
            ],
            [
              90.97726220764447,
              26.25809380234644
            ]
          ]
        ]
      }
    },
    {
      "id": "165",
      "type": "Feature",
      "properties": {
        "zone_id": "Grid-5-10",
        "name": "Grid-5-10",
        "flood_km2": 0.1604,
        "flood_pct": 16.04,
        "zone_area_km2": 1.0,
        "population": 1281.1843,
        "people_affected": 205.502,
        "facilities_hit": 0,
        "facilities_by_type": {},
        "road_cut_km": 0.0,
        "confidence": "Low",
        "confidence_score": 0.344,
        "reason": "Flagged for on-ground verification: High impact (P1) with Low detection confidence",
        "conf_detail": {
          "agreement_ratio": 0.0,
          "terrain_penalty": 0.0,
          "time_penalty": 0.375,
          "margin_score": 0.596,
          "method_penalty": 0.15
        },
        "breakdown": {
          "severity": 0.0682,
          "people": 0.0797,
          "facilities": 0.0,
          "roads": 0.0
        },
        "score": 0.1479,
        "rank": 88,
        "tier": "VERIFY"
      },
      "geometry": {
        "type": "Polygon",
        "coordinates": [
          [
            [
              91.05642572741905,
              26.313345243221942
            ],
            [
              91.05627506662869,
              26.322369487945842
            ],
            [
              91.04626114797125,
              26.32223333601006
            ],
            [
              91.04641258375372,
              26.313209145008997
            ],
            [
              91.05642572741905,
              26.313345243221942
            ]
          ]
        ]
      }
    },
    {
      "id": "286",
      "type": "Feature",
      "properties": {
        "zone_id": "Grid-9-7",
        "name": "Grid-9-7",
        "flood_km2": 0.2176,
        "flood_pct": 21.76,
        "zone_area_km2": 1.0,
        "population": 653.7131,
        "people_affected": 142.248,
        "facilities_hit": 0,
        "facilities_by_type": {},
        "road_cut_km": 0.0,
        "confidence": "Low",
        "confidence_score": 0.346,
        "reason": "Flagged for on-ground verification: High impact (P1) with Low detection confidence",
        "conf_detail": {
          "agreement_ratio": 0.0,
          "terrain_penalty": 0.0,
          "time_penalty": 0.375,
          "margin_score": 0.605,
          "method_penalty": 0.15
        },
        "breakdown": {
          "severity": 0.0926,
          "people": 0.0552,
          "facilities": 0.0,
          "roads": 0.0
        },
        "score": 0.1477,
        "rank": 89,
        "tier": "VERIFY"
      },
      "geometry": {
        "type": "Polygon",
        "coordinates": [
          [
            [
              91.02699773073658,
              26.27683840056982
            ],
            [
              91.02684503453904,
              26.285862532012413
            ],
            [
              91.01683442956634,
              26.285724502139374
            ],
            [
              91.01698789921826,
              26.276700425213466
            ],
            [
              91.02699773073658,
              26.27683840056982
            ]
          ]
        ]
      }
    },
    {
      "id": "649",
      "type": "Feature",
      "properties": {
        "zone_id": "Grid-20-29",
        "name": "Grid-20-29",
        "flood_km2": 0.2912,
        "flood_pct": 29.12,
        "zone_area_km2": 1.0,
        "population": 202.5025,
        "people_affected": 58.9687,
        "facilities_hit": 0,
        "facilities_by_type": {},
        "road_cut_km": 0.0,
        "confidence": "Low",
        "confidence_score": 0.349,
        "reason": "Flagged for on-ground verification: High impact (P1) with Low detection confidence",
        "conf_detail": {
          "agreement_ratio": 0.0,
          "terrain_penalty": 0.0,
          "time_penalty": 0.375,
          "margin_score": 0.621,
          "method_penalty": 0.15
        },
        "breakdown": {
          "severity": 0.1239,
          "people": 0.0229,
          "facilities": 0.0,
          "roads": 0.0
        },
        "score": 0.1467,
        "rank": 90,
        "tier": "VERIFY"
      },
      "geometry": {
        "type": "Polygon",
        "coordinates": [
          [
            [
              91.24871985201095,
              26.180418744881898
            ],
            [
              91.24858488337577,
              26.189444137838155
            ],
            [
              91.23858126499626,
              26.189321991516238
            ],
            [
              91.2387170035677,
              26.180296646935954
            ],
            [
              91.24871985201095,
              26.180418744881898
            ]
          ]
        ]
      }
    },
    {
      "id": "671",
      "type": "Feature",
      "properties": {
        "zone_id": "Grid-21-20",
        "name": "Grid-21-20",
        "flood_km2": 0.1556,
        "flood_pct": 15.56,
        "zone_area_km2": 1.0,
        "population": 1326.0266,
        "people_affected": 206.3297,
        "facilities_hit": 0,
        "facilities_by_type": {},
        "road_cut_km": 0.0,
        "confidence": "Low",
        "confidence_score": 0.339,
        "reason": "Flagged for on-ground verification: High impact (P1) with Low detection confidence",
        "conf_detail": {
          "agreement_ratio": 0.0,
          "terrain_penalty": 0.0,
          "time_penalty": 0.375,
          "margin_score": 0.571,
          "method_penalty": 0.15
        },
        "breakdown": {
          "severity": 0.0662,
          "people": 0.08,
          "facilities": 0.0,
          "roads": 0.0
        },
        "score": 0.1462,
        "rank": 91,
        "tier": "VERIFY"
      },
      "geometry": {
        "type": "Polygon",
        "coordinates": [
          [
            [
              91.15883839456748,
              26.170269897565642
            ],
            [
              91.15869656459667,
              26.179294857267717
            ],
            [
              91.1486943087711,
              26.179166508060224
            ],
            [
              91.14883690811536,
              26.170141599202342
            ],
            [
              91.15883839456748,
              26.170269897565642
            ]
          ]
        ]
      }
    },
    {
      "id": "281",
      "type": "Feature",
      "properties": {
        "zone_id": "Grid-9-2",
        "name": "Grid-9-2",
        "flood_km2": 0.2176,
        "flood_pct": 21.76,
        "zone_area_km2": 1.0,
        "population": 630.3966,
        "people_affected": 137.1743,
        "facilities_hit": 0,
        "facilities_by_type": {},
        "road_cut_km": 0.0,
        "confidence": "Low",
        "confidence_score": 0.337,
        "reason": "Flagged for on-ground verification: High impact (P1) with Low detection confidence",
        "conf_detail": {
          "agreement_ratio": 0.0,
          "terrain_penalty": 0.0,
          "time_penalty": 0.375,
          "margin_score": 0.561,
          "method_penalty": 0.15
        },
        "breakdown": {
          "severity": 0.0926,
          "people": 0.0532,
          "facilities": 0.0,
          "roads": 0.0
        },
        "score": 0.1458,
        "rank": 92,
        "tier": "VERIFY"
      },
      "geometry": {
        "type": "Polygon",
        "coordinates": [
          [
            [
              90.97694930360088,
              26.27614155119016
            ],
            [
              90.97679274037628,
              26.285165407295658
            ],
            [
              90.96678250258437,
              26.285023889845007
            ],
            [
              90.96693983914032,
              26.276000089632998
            ],
            [
              90.97694930360088,
              26.27614155119016
            ]
          ]
        ]
      }
    },
    {
      "id": "69",
      "type": "Feature",
      "properties": {
        "zone_id": "Grid-2-7",
        "name": "Grid-2-7",
        "flood_km2": 0.172,
        "flood_pct": 17.2,
        "zone_area_km2": 1.0,
        "population": 1045.546,
        "people_affected": 179.8339,
        "facilities_hit": 0,
        "facilities_by_type": {},
        "road_cut_km": 0.0,
        "confidence": "Low",
        "confidence_score": 0.354,
        "reason": "Flagged for on-ground verification: High impact (P1) with Low detection confidence",
        "conf_detail": {
          "agreement_ratio": 0.0,
          "terrain_penalty": 0.0,
          "time_penalty": 0.375,
          "margin_score": 0.646,
          "method_penalty": 0.15
        },
        "breakdown": {
          "severity": 0.0732,
          "people": 0.0697,
          "facilities": 0.0,
          "roads": 0.0
        },
        "score": 0.1429,
        "rank": 93,
        "tier": "VERIFY"
      },
      "geometry": {
        "type": "Polygon",
        "coordinates": [
          [
            [
              91.02592733740994,
              26.340007064908907
            ],
            [
              91.02577413433777,
              26.34903111106892
            ],
            [
              91.01575810492616,
              26.348892699349122
            ],
            [
              91.01591208401814,
              26.339868707763323
            ],
            [
              91.02592733740994,
              26.340007064908907
            ]
          ]
        ]
      }
    },
    {
      "id": "236",
      "type": "Feature",
      "properties": {
        "zone_id": "Grid-7-19",
        "name": "Grid-7-19",
        "flood_km2": 0.1408,
        "flood_pct": 14.08,
        "zone_area_km2": 1.0,
        "population": 1512.442,
        "people_affected": 212.9518,
        "facilities_hit": 0,
        "facilities_by_type": {},
        "road_cut_km": 0.0,
        "confidence": "Low",
        "confidence_score": 0.347,
        "reason": "Flagged for on-ground verification: High impact (P1) with Low detection confidence",
        "conf_detail": {
          "agreement_ratio": 0.0,
          "terrain_penalty": 0.0,
          "time_penalty": 0.375,
          "margin_score": 0.612,
          "method_penalty": 0.15
        },
        "breakdown": {
          "severity": 0.0599,
          "people": 0.0826,
          "facilities": 0.0,
          "roads": 0.0
        },
        "score": 0.1425,
        "rank": 94,
        "tier": "VERIFY"
      },
      "geometry": {
        "type": "Polygon",
        "coordinates": [
          [
            [
              91.14683435100088,
              26.296489226343578
            ],
            [
              91.14669080220175,
              26.3055139663431
            ],
            [
              91.13667780477073,
              26.30538420616501
            ],
            [
              91.13682212803968,
              26.29635951739228
            ],
            [
              91.14683435100088,
              26.296489226343578
            ]
          ]
        ]
      }
    },
    {
      "id": "342",
      "type": "Feature",
      "properties": {
        "zone_id": "Grid-11-1",
        "name": "Grid-11-1",
        "flood_km2": 0.1892,
        "flood_pct": 18.92,
        "zone_area_km2": 1.0,
        "population": 837.2695,
        "people_affected": 158.4114,
        "facilities_hit": 0,
        "facilities_by_type": {},
        "road_cut_km": 0.0,
        "confidence": "Low",
        "confidence_score": 0.344,
        "reason": "Flagged for on-ground verification: High impact (P1) with Low detection confidence",
        "conf_detail": {
          "agreement_ratio": 0.0,
          "terrain_penalty": 0.0,
          "time_penalty": 0.375,
          "margin_score": 0.593,
          "method_penalty": 0.15
        },
        "breakdown": {
          "severity": 0.0805,
          "people": 0.0614,
          "facilities": 0.0,
          "roads": 0.0
        },
        "score": 0.1419,
        "rank": 95,
        "tier": "VERIFY"
      },
      "geometry": {
        "type": "Polygon",
        "coordinates": [
          [
            [
              90.96725428874899,
              26.257952452551024
            ],
            [
              90.96709710118688,
              26.266976277200598
            ],
            [
              90.95708848417621,
              26.266834174622858
            ],
            [
              90.95724644431303,
              26.257810406125206
            ],
            [
              90.96725428874899,
              26.257952452551024
            ]
          ]
        ]
      }
    },
    {
      "id": "832",
      "type": "Feature",
      "properties": {
        "zone_id": "Grid-26-26",
        "name": "Grid-26-26",
        "flood_km2": 0.1336,
        "flood_pct": 13.36,
        "zone_area_km2": 1.0,
        "population": 1635.4058,
        "people_affected": 218.4902,
        "facilities_hit": 0,
        "facilities_by_type": {},
        "road_cut_km": 0.0,
        "confidence": "Low",
        "confidence_score": 0.372,
        "reason": "Flagged for on-ground verification: High impact (P1) with Low detection confidence",
        "conf_detail": {
          "agreement_ratio": 0.0,
          "terrain_penalty": 0.0,
          "time_penalty": 0.375,
          "margin_score": 0.734,
          "method_penalty": 0.15
        },
        "breakdown": {
          "severity": 0.0568,
          "people": 0.0847,
          "facilities": 0.0,
          "roads": 0.0
        },
        "score": 0.1416,
        "rank": 96,
        "tier": "VERIFY"
      },
      "geometry": {
        "type": "Polygon",
        "coordinates": [
          [
            [
              91.21953380379365,
              26.125898633429106
            ],
            [
              91.21939691578812,
              26.134923952316843
            ],
            [
              91.20939810548462,
              26.13480001635546
            ],
            [
              91.20953576117364,
              26.125774746624877
            ],
            [
              91.21953380379365,
              26.125898633429106
            ]
          ]
        ]
      }
    },
    {
      "id": "344",
      "type": "Feature",
      "properties": {
        "zone_id": "Grid-11-3",
        "name": "Grid-11-3",
        "flood_km2": 0.186,
        "flood_pct": 18.6,
        "zone_area_km2": 1.0,
        "population": 851.5132,
        "people_affected": 158.3815,
        "facilities_hit": 0,
        "facilities_by_type": {},
        "road_cut_km": 0.0,
        "confidence": "Low",
        "confidence_score": 0.346,
        "reason": "Flagged for on-ground verification: High impact (P1) with Low detection confidence",
        "conf_detail": {
          "agreement_ratio": 0.0,
          "terrain_penalty": 0.0,
          "time_penalty": 0.375,
          "margin_score": 0.603,
          "method_penalty": 0.15
        },
        "breakdown": {
          "severity": 0.0791,
          "people": 0.0614,
          "facilities": 0.0,
          "roads": 0.0
        },
        "score": 0.1406,
        "rank": 97,
        "tier": "VERIFY"
      },
      "geometry": {
        "type": "Polygon",
        "coordinates": [
          [
            [
              90.98727020063377,
              26.258234455491607
            ],
            [
              90.98711455829574,
              26.26725839161926
            ],
            [
              90.977105792682,
              26.26711768287269
            ],
            [
              90.97726220764447,
              26.25809380234644
            ],
            [
              90.98727020063377,
              26.258234455491607
            ]
          ]
        ]
      }
    },
    {
      "id": "258",
      "type": "Feature",
      "properties": {
        "zone_id": "Grid-8-10",
        "name": "Grid-8-10",
        "flood_km2": 0.1536,
        "flood_pct": 15.36,
        "zone_area_km2": 1.0,
        "population": 1238.0527,
        "people_affected": 190.1649,
        "facilities_hit": 0,
        "facilities_by_type": {},
        "road_cut_km": 0.0,
        "confidence": "Low",
        "confidence_score": 0.348,
        "reason": "Flagged for on-ground verification: High impact (P1) with Low detection confidence",
        "conf_detail": {
          "agreement_ratio": 0.0,
          "terrain_penalty": 0.0,
          "time_penalty": 0.375,
          "margin_score": 0.614,
          "method_penalty": 0.15
        },
        "breakdown": {
          "severity": 0.0653,
          "people": 0.0738,
          "facilities": 0.0,
          "roads": 0.0
        },
        "score": 0.1391,
        "rank": 98,
        "tier": "VERIFY"
      },
      "geometry": {
        "type": "Polygon",
        "coordinates": [
          [
            [
              91.05687728201949,
              26.28627243610995
            ],
            [
              91.05672683509054,
              26.295296717300836
            ],
            [
              91.04671524030995,
              26.295160726509273
            ],
            [
              91.04686646113174,
              26.28613649901694
            ],
            [
              91.05687728201949,
              26.28627243610995
            ]
          ]
        ]
      }
    },
    {
      "id": "833",
      "type": "Feature",
      "properties": {
        "zone_id": "Grid-26-27",
        "name": "Grid-26-27",
        "flood_km2": 0.132,
        "flood_pct": 13.2,
        "zone_area_km2": 1.0,
        "population": 1554.512,
        "people_affected": 205.1956,
        "facilities_hit": 0,
        "facilities_by_type": {},
        "road_cut_km": 0.0,
        "confidence": "Low",
        "confidence_score": 0.382,
        "reason": "Flagged for on-ground verification: High impact (P1) with Low detection confidence",
        "conf_detail": {
          "agreement_ratio": 0.0,
          "terrain_penalty": 0.0,
          "time_penalty": 0.375,
          "margin_score": 0.784,
          "method_penalty": 0.15
        },
        "breakdown": {
          "severity": 0.0562,
          "people": 0.0796,
          "facilities": 0.0,
          "roads": 0.0
        },
        "score": 0.1357,
        "rank": 99,
        "tier": "VERIFY"
      },
      "geometry": {
        "type": "Polygon",
        "coordinates": [
          [
            [
              91.22953191140006,
              26.126021827263227
            ],
            [
              91.22939579109968,
              26.13504719503327
            ],
            [
              91.21939691578812,
              26.134923952316843
            ],
            [
              91.21953380379365,
              26.125898633429106
            ],
            [
              91.22953191140006,
              26.126021827263227
            ]
          ]
        ]
      }
    },
    {
      "id": "189",
      "type": "Feature",
      "properties": {
        "zone_id": "Grid-6-3",
        "name": "Grid-6-3",
        "flood_km2": 0.1504,
        "flood_pct": 15.04,
        "zone_area_km2": 1.0,
        "population": 1151.3108,
        "people_affected": 173.1571,
        "facilities_hit": 0,
        "facilities_by_type": {},
        "road_cut_km": 0.0,
        "confidence": "Low",
        "confidence_score": 0.346,
        "reason": "Flagged for on-ground verification: High impact (P1) with Low detection confidence",
        "conf_detail": {
          "agreement_ratio": 0.0,
          "terrain_penalty": 0.0,
          "time_penalty": 0.375,
          "margin_score": 0.605,
          "method_penalty": 0.15
        },
        "breakdown": {
          "severity": 0.064,
          "people": 0.0672,
          "facilities": 0.0,
          "roads": 0.0
        },
        "score": 0.1311,
        "rank": 100,
        "tier": "VERIFY"
      },
      "geometry": {
        "type": "Polygon",
        "coordinates": [
          [
            [
              90.98649125116827,
              26.303354014093863
            ],
            [
              90.98633523981893,
              26.31237788918755
            ],
            [
              90.9763226055932,
              26.312236902308385
            ],
            [
              90.97647939139732,
              26.303213082857965
            ],
            [
              90.98649125116827,
              26.303354014093863
            ]
          ]
        ]
      }
    },
    {
      "id": "137",
      "type": "Feature",
      "properties": {
        "zone_id": "Grid-4-13",
        "name": "Grid-4-13",
        "flood_km2": 0.1464,
        "flood_pct": 14.64,
        "zone_area_km2": 1.0,
        "population": 1208.7634,
        "people_affected": 176.963,
        "facilities_hit": 0,
        "facilities_by_type": {},
        "road_cut_km": 0.0,
        "confidence": "Low",
        "confidence_score": 0.34,
        "reason": "Flagged for on-ground verification: High impact (P1) with Low detection confidence",
        "conf_detail": {
          "agreement_ratio": 0.0,
          "terrain_penalty": 0.0,
          "time_penalty": 0.375,
          "margin_score": 0.575,
          "method_penalty": 0.15
        },
        "breakdown": {
          "severity": 0.0623,
          "people": 0.0686,
          "facilities": 0.0,
          "roads": 0.0
        },
        "score": 0.1309,
        "rank": 101,
        "tier": "VERIFY"
      },
      "geometry": {
        "type": "Polygon",
        "coordinates": [
          [
            [
              91.08631724914414,
              26.322773751274585
            ],
            [
              91.08616884323833,
              26.33179814337553
            ],
            [
              91.07615393624577,
              26.33166403479401
            ],
            [
              91.07630311758183,
              26.322639695597093
            ],
            [
              91.08631724914414,
              26.322773751274585
            ]
          ]
        ]
      }
    },
    {
      "id": "324",
      "type": "Feature",
      "properties": {
        "zone_id": "Grid-10-14",
        "name": "Grid-10-14",
        "flood_km2": 0.1392,
        "flood_pct": 13.92,
        "zone_area_km2": 1.0,
        "population": 1324.9126,
        "people_affected": 184.4278,
        "facilities_hit": 0,
        "facilities_by_type": {},
        "road_cut_km": 0.0,
        "confidence": "Low",
        "confidence_score": 0.34,
        "reason": "Flagged for on-ground verification: High impact (P1) with Low detection confidence",
        "conf_detail": {
          "agreement_ratio": 0.0,
          "terrain_penalty": 0.0,
          "time_penalty": 0.375,
          "margin_score": 0.574,
          "method_penalty": 0.15
        },
        "breakdown": {
          "severity": 0.0592,
          "people": 0.0715,
          "facilities": 0.0,
          "roads": 0.0
        },
        "score": 0.1307,
        "rank": 102,
        "tier": "VERIFY"
      },
      "geometry": {
        "type": "Polygon",
        "coordinates": [
          [
            [
              91.09721576724168,
              26.268760185165714
            ],
            [
              91.09706855564741,
              26.277784702627894
            ],
            [
              91.08705822562085,
              26.277651608763914
            ],
            [
              91.08720621047043,
              26.26862714388257
            ],
            [
              91.09721576724168,
              26.268760185165714
            ]
          ]
        ]
      }
    },
    {
      "id": "375",
      "type": "Feature",
      "properties": {
        "zone_id": "Grid-12-3",
        "name": "Grid-12-3",
        "flood_km2": 0.186,
        "flood_pct": 18.6,
        "zone_area_km2": 1.0,
        "population": 715.4714,
        "people_affected": 133.0777,
        "facilities_hit": 0,
        "facilities_by_type": {},
        "road_cut_km": 0.0,
        "confidence": "Low",
        "confidence_score": 0.337,
        "reason": "Flagged for on-ground verification: High impact (P1) with Low detection confidence",
        "conf_detail": {
          "agreement_ratio": 0.0,
          "terrain_penalty": 0.0,
          "time_penalty": 0.375,
          "margin_score": 0.561,
          "method_penalty": 0.15
        },
        "breakdown": {
          "severity": 0.0791,
          "people": 0.0516,
          "facilities": 0.0,
          "roads": 0.0
        },
        "score": 0.1307,
        "rank": 103,
        "tier": "VERIFY"
      },
      "geometry": {
        "type": "Polygon",
        "coordinates": [
          [
            [
              90.98742576924366,
              26.249210507166723
            ],
            [
              90.98727020063377,
              26.258234455491607
            ],
            [
              90.97726220764447,
              26.25809380234644
            ],
            [
              90.97741854851311,
              26.249069909614615
            ],
            [
              90.98742576924366,
              26.249210507166723
            ]
          ]
        ]
      }
    },
    {
      "id": "823",
      "type": "Feature",
      "properties": {
        "zone_id": "Grid-26-17",
        "name": "Grid-26-17",
        "flood_km2": 0.1788,
        "flood_pct": 17.88,
        "zone_area_km2": 1.0,
        "population": 779.8677,
        "people_affected": 139.4403,
        "facilities_hit": 0,
        "facilities_by_type": {},
        "road_cut_km": 0.0,
        "confidence": "Low",
        "confidence_score": 0.367,
        "reason": "Flagged for on-ground verification: High impact (P1) with Low detection confidence",
        "conf_detail": {
          "agreement_ratio": 0.0,
          "terrain_penalty": 0.0,
          "time_penalty": 0.375,
          "margin_score": 0.711,
          "method_penalty": 0.15
        },
        "breakdown": {
          "severity": 0.0761,
          "people": 0.0541,
          "facilities": 0.0,
          "roads": 0.0
        },
        "score": 0.1301,
        "rank": 104,
        "tier": "VERIFY"
      },
      "geometry": {
        "type": "Polygon",
        "coordinates": [
          [
            [
              91.12955380342655,
              26.12475870737309
            ],
            [
              91.12941000706417,
              26.133783573952353
            ],
            [
              91.11941179822671,
              26.133653399580304
            ],
            [
              91.11955636207213,
              26.124628584631576
            ],
            [
              91.12955380342655,
              26.12475870737309
            ]
          ]
        ]
      }
    },
    {
      "id": "735",
      "type": "Feature",
      "properties": {
        "zone_id": "Grid-23-22",
        "name": "Grid-23-22",
        "flood_km2": 0.18,
        "flood_pct": 18.0,
        "zone_area_km2": 1.0,
        "population": 754.6252,
        "people_affected": 135.8325,
        "facilities_hit": 0,
        "facilities_by_type": {},
        "road_cut_km": 0.0,
        "confidence": "Low",
        "confidence_score": 0.366,
        "reason": "Flagged for on-ground verification: High impact (P1) with Low detection confidence",
        "conf_detail": {
          "agreement_ratio": 0.0,
          "terrain_penalty": 0.0,
          "time_penalty": 0.375,
          "margin_score": 0.705,
          "method_penalty": 0.15
        },
        "breakdown": {
          "severity": 0.0766,
          "people": 0.0527,
          "facilities": 0.0,
          "roads": 0.0
        },
        "score": 0.1293,
        "rank": 105,
        "tier": "VERIFY"
      },
      "geometry": {
        "type": "Polygon",
        "coordinates": [
          [
            [
              91.17912195163109,
              26.152474254384693
            ],
            [
              91.17898179356034,
              26.16149933897728
            ],
            [
              91.16898094195928,
              26.16137247939618
            ],
            [
              91.16912186871883,
              26.152347445082675
            ],
            [
              91.17912195163109,
              26.152474254384693
            ]
          ]
        ]
      }
    },
    {
      "id": "310",
      "type": "Feature",
      "properties": {
        "zone_id": "Grid-10-0",
        "name": "Grid-10-0",
        "flood_km2": 0.1772,
        "flood_pct": 17.72,
        "zone_area_km2": 1.0,
        "population": 783.3742,
        "people_affected": 138.8139,
        "facilities_hit": 0,
        "facilities_by_type": {},
        "road_cut_km": 0.0,
        "confidence": "Low",
        "confidence_score": 0.341,
        "reason": "Flagged for on-ground verification: High impact (P1) with Low detection confidence",
        "conf_detail": {
          "agreement_ratio": 0.0,
          "terrain_penalty": 0.0,
          "time_penalty": 0.375,
          "margin_score": 0.582,
          "method_penalty": 0.15
        },
        "breakdown": {
          "severity": 0.0754,
          "people": 0.0538,
          "facilities": 0.0,
          "roads": 0.0
        },
        "score": 0.1292,
        "rank": 106,
        "tier": "VERIFY"
      },
      "geometry": {
        "type": "Polygon",
        "coordinates": [
          [
            [
              90.95708848417621,
              26.266834174622858
            ],
            [
              90.95693044918916,
              26.275857930894887
            ],
            [
              90.94692113411328,
              26.275715074995798
            ],
            [
              90.94707994201576,
              26.266691375159418
            ],
            [
              90.95708848417621,
              26.266834174622858
            ]
          ]
        ]
      }
    },
    {
      "id": "261",
      "type": "Feature",
      "properties": {
        "zone_id": "Grid-8-13",
        "name": "Grid-8-13",
        "flood_km2": 0.1728,
        "flood_pct": 17.28,
        "zone_area_km2": 1.0,
        "population": 828.866,
        "people_affected": 143.228,
        "facilities_hit": 0,
        "facilities_by_type": {},
        "road_cut_km": 0.0,
        "confidence": "Low",
        "confidence_score": 0.344,
        "reason": "Flagged for on-ground verification: High impact (P1) with Low detection confidence",
        "conf_detail": {
          "agreement_ratio": 0.0,
          "terrain_penalty": 0.0,
          "time_penalty": 0.375,
          "margin_score": 0.594,
          "method_penalty": 0.15
        },
        "breakdown": {
          "severity": 0.0735,
          "people": 0.0555,
          "facilities": 0.0,
          "roads": 0.0
        },
        "score": 0.1291,
        "rank": 107,
        "tier": "VERIFY"
      },
      "geometry": {
        "type": "Polygon",
        "coordinates": [
          [
            [
              91.08691017065404,
              26.28667606152305
            ],
            [
              91.0867620455465,
              26.29570050215682
            ],
            [
              91.07675023807514,
              26.29556660514357
            ],
            [
              91.07689913714682,
              26.286542217381946
            ],
            [
              91.08691017065404,
              26.28667606152305
            ]
          ]
        ]
      }
    },
    {
      "id": "679",
      "type": "Feature",
      "properties": {
        "zone_id": "Grid-21-28",
        "name": "Grid-21-28",
        "flood_km2": 0.2476,
        "flood_pct": 24.76,
        "zone_area_km2": 1.0,
        "population": 242.9327,
        "people_affected": 60.1501,
        "facilities_hit": 0,
        "facilities_by_type": {},
        "road_cut_km": 0.0,
        "confidence": "Low",
        "confidence_score": 0.357,
        "reason": "Flagged for on-ground verification: High impact (P1) with Low detection confidence",
        "conf_detail": {
          "agreement_ratio": 0.0,
          "terrain_penalty": 0.0,
          "time_penalty": 0.375,
          "margin_score": 0.661,
          "method_penalty": 0.15
        },
        "breakdown": {
          "severity": 0.1053,
          "people": 0.0233,
          "facilities": 0.0,
          "roads": 0.0
        },
        "score": 0.1287,
        "rank": 108,
        "tier": "VERIFY"
      },
      "geometry": {
        "type": "Polygon",
        "coordinates": [
          [
            [
              91.23885267775248,
              26.17127129038174
            ],
            [
              91.2387170035677,
              26.180296646935954
            ],
            [
              91.22871421951105,
              26.180173854335546
            ],
            [
              91.2288506632456,
              26.171148546425144
            ],
            [
              91.23885267775248,
              26.17127129038174
            ]
          ]
        ]
      }
    },
    {
      "id": "879",
      "type": "Feature",
      "properties": {
        "zone_id": "Grid-28-11",
        "name": "Grid-28-11",
        "flood_km2": 0.1256,
        "flood_pct": 12.56,
        "zone_area_km2": 1.0,
        "population": 1543.4539,
        "people_affected": 193.8578,
        "facilities_hit": 0,
        "facilities_by_type": {},
        "road_cut_km": 0.0,
        "confidence": "Low",
        "confidence_score": 0.325,
        "reason": "Flagged for on-ground verification: High impact (P1) with Low detection confidence",
        "conf_detail": {
          "agreement_ratio": 0.0,
          "terrain_penalty": 0.0,
          "time_penalty": 0.375,
          "margin_score": 0.5,
          "method_penalty": 0.15
        },
        "breakdown": {
          "severity": 0.0534,
          "people": 0.0752,
          "facilities": 0.0,
          "roads": 0.0
        },
        "score": 0.1286,
        "rank": 109,
        "tier": "VERIFY"
      },
      "geometry": {
        "type": "Polygon",
        "coordinates": [
          [
            [
              91.06986678250965,
              26.10591843781359
            ],
            [
              91.0697185224674,
              26.11494301465389
            ],
            [
              91.05972226532143,
              26.114808788708817
            ],
            [
              91.05987129197977,
              26.105784265131653
            ],
            [
              91.06986678250965,
              26.10591843781359
            ]
          ]
        ]
      }
    },
    {
      "id": "350",
      "type": "Feature",
      "properties": {
        "zone_id": "Grid-11-9",
        "name": "Grid-11-9",
        "flood_km2": 0.1788,
        "flood_pct": 17.88,
        "zone_area_km2": 1.0,
        "population": 755.2806,
        "people_affected": 135.0442,
        "facilities_hit": 0,
        "facilities_by_type": {},
        "road_cut_km": 0.0,
        "confidence": "Low",
        "confidence_score": 0.342,
        "reason": "Flagged for on-ground verification: High impact (P1) with Low detection confidence",
        "conf_detail": {
          "agreement_ratio": 0.0,
          "terrain_penalty": 0.0,
          "time_penalty": 0.375,
          "margin_score": 0.584,
          "method_penalty": 0.15
        },
        "breakdown": {
          "severity": 0.0761,
          "people": 0.0524,
          "facilities": 0.0,
          "roads": 0.0
        },
        "score": 0.1284,
        "rank": 110,
        "tier": "VERIFY"
      },
      "geometry": {
        "type": "Polygon",
        "coordinates": [
          [
            [
              91.04731969405987,
              26.259063743607985
            ],
            [
              91.04716868798272,
              26.268088007563133
            ],
            [
              91.03715948533988,
              26.267951480781214
            ],
            [
              91.03731126418778,
              26.25892727077571
            ],
            [
              91.04731969405987,
              26.259063743607985
            ]
          ]
        ]
      }
    },
    {
      "id": "648",
      "type": "Feature",
      "properties": {
        "zone_id": "Grid-20-28",
        "name": "Grid-20-28",
        "flood_km2": 0.2468,
        "flood_pct": 24.68,
        "zone_area_km2": 1.0,
        "population": 242.0163,
        "people_affected": 59.7296,
        "facilities_hit": 0,
        "facilities_by_type": {},
        "road_cut_km": 0.0,
        "confidence": "Low",
        "confidence_score": 0.367,
        "reason": "Flagged for on-ground verification: High impact (P1) with Low detection confidence",
        "conf_detail": {
          "agreement_ratio": 0.0,
          "terrain_penalty": 0.0,
          "time_penalty": 0.375,
          "margin_score": 0.709,
          "method_penalty": 0.15
        },
        "breakdown": {
          "severity": 0.105,
          "people": 0.0232,
          "facilities": 0.0,
          "roads": 0.0
        },
        "score": 0.1282,
        "rank": 111,
        "tier": "VERIFY"
      },
      "geometry": {
        "type": "Polygon",
        "coordinates": [
          [
            [
              91.2387170035677,
              26.180296646935954
            ],
            [
              91.23858126499626,
              26.189321991516238
            ],
            [
              91.2285777110249,
              26.18919915026473
            ],
            [
              91.22871421951105,
              26.180173854335546
            ],
            [
              91.2387170035677,
              26.180296646935954
            ]
          ]
        ]
      }
    },
    {
      "id": "313",
      "type": "Feature",
      "properties": {
        "zone_id": "Grid-10-3",
        "name": "Grid-10-3",
        "flood_km2": 0.1696,
        "flood_pct": 16.96,
        "zone_area_km2": 1.0,
        "population": 835.6936,
        "people_affected": 141.7336,
        "facilities_hit": 0,
        "facilities_by_type": {},
        "road_cut_km": 0.0,
        "confidence": "Low",
        "confidence_score": 0.343,
        "reason": "Flagged for on-ground verification: High impact (P1) with Low detection confidence",
        "conf_detail": {
          "agreement_ratio": 0.0,
          "terrain_penalty": 0.0,
          "time_penalty": 0.375,
          "margin_score": 0.591,
          "method_penalty": 0.15
        },
        "breakdown": {
          "severity": 0.0721,
          "people": 0.055,
          "facilities": 0.0,
          "roads": 0.0
        },
        "score": 0.1271,
        "rank": 112,
        "tier": "VERIFY"
      },
      "geometry": {
        "type": "Polygon",
        "coordinates": [
          [
            [
              90.98711455829574,
              26.26725839161926
            ],
            [
              90.9869588422049,
              26.276282315546514
            ],
            [
              90.97694930360088,
              26.27614155119016
            ],
            [
              90.977105792682,
              26.26711768287269
            ],
            [
              90.98711455829574,
              26.26725839161926
            ]
          ]
        ]
      }
    },
    {
      "id": "41",
      "type": "Feature",
      "properties": {
        "zone_id": "Grid-1-10",
        "name": "Grid-1-10",
        "flood_km2": 0.1284,
        "flood_pct": 12.84,
        "zone_area_km2": 1.0,
        "population": 1434.9264,
        "people_affected": 184.2445,
        "facilities_hit": 0,
        "facilities_by_type": {},
        "road_cut_km": 0.0,
        "confidence": "Low",
        "confidence_score": 0.342,
        "reason": "Flagged for on-ground verification: High impact (P1) with Low detection confidence",
        "conf_detail": {
          "agreement_ratio": 0.0,
          "terrain_penalty": 0.0,
          "time_penalty": 0.375,
          "margin_score": 0.583,
          "method_penalty": 0.15
        },
        "breakdown": {
          "severity": 0.0546,
          "people": 0.0715,
          "facilities": 0.0,
          "roads": 0.0
        },
        "score": 0.1261,
        "rank": 113,
        "tier": "VERIFY"
      },
      "geometry": {
        "type": "Polygon",
        "coordinates": [
          [
            [
              91.05582265615199,
              26.34944214913313
            ],
            [
              91.055671709878,
              26.358466345190244
            ],
            [
              91.04565468758419,
              26.35832997828209
            ],
            [
              91.0458064103177,
              26.349305835980235
            ],
            [
              91.05582265615199,
              26.34944214913313
            ]
          ]
        ]
      }
    },
    {
      "id": "204",
      "type": "Feature",
      "properties": {
        "zone_id": "Grid-6-18",
        "name": "Grid-6-18",
        "flood_km2": 0.1348,
        "flood_pct": 13.48,
        "zone_area_km2": 1.0,
        "population": 1311.8801,
        "people_affected": 176.8414,
        "facilities_hit": 0,
        "facilities_by_type": {},
        "road_cut_km": 0.0,
        "confidence": "Low",
        "confidence_score": 0.339,
        "reason": "Flagged for on-ground verification: High impact (P1) with Low detection confidence",
        "conf_detail": {
          "agreement_ratio": 0.0,
          "terrain_penalty": 0.0,
          "time_penalty": 0.375,
          "margin_score": 0.568,
          "method_penalty": 0.15
        },
        "breakdown": {
          "severity": 0.0573,
          "people": 0.0686,
          "facilities": 0.0,
          "roads": 0.0
        },
        "score": 0.1259,
        "rank": 114,
        "tier": "VERIFY"
      },
      "geometry": {
        "type": "Polygon",
        "coordinates": [
          [
            [
              91.13667780477073,
              26.30538420616501
            ],
            [
              91.13653341314655,
              26.3144088828453
            ],
            [
              91.12651970925734,
              26.31427837282503
            ],
            [
              91.12666487569496,
              26.30525374765487
            ],
            [
              91.13667780477073,
              26.30538420616501
            ]
          ]
        ]
      }
    },
    {
      "id": "859",
      "type": "Feature",
      "properties": {
        "zone_id": "Grid-27-22",
        "name": "Grid-27-22",
        "flood_km2": 0.1608,
        "flood_pct": 16.08,
        "zone_area_km2": 1.0,
        "population": 921.3171,
        "people_affected": 148.1478,
        "facilities_hit": 0,
        "facilities_by_type": {},
        "road_cut_km": 0.0,
        "confidence": "Low",
        "confidence_score": 0.378,
        "reason": "Flagged for on-ground verification: High impact (P1) with Low detection confidence",
        "conf_detail": {
          "agreement_ratio": 0.0,
          "terrain_penalty": 0.0,
          "time_penalty": 0.375,
          "margin_score": 0.765,
          "method_penalty": 0.15
        },
        "breakdown": {
          "severity": 0.0684,
          "people": 0.0575,
          "facilities": 0.0,
          "roads": 0.0
        },
        "score": 0.1259,
        "rank": 115,
        "tier": "VERIFY"
      },
      "geometry": {
        "type": "Polygon",
        "coordinates": [
          [
            [
              91.17968191903904,
              26.116373795956278
            ],
            [
              91.17954202687397,
              26.125398928565854
            ],
            [
              91.16954424784153,
              26.12527227005597
            ],
            [
              91.16968490723805,
              26.11624718769541
            ],
            [
              91.17968191903904,
              26.116373795956278
            ]
          ]
        ]
      }
    },
    {
      "id": "918",
      "type": "Feature",
      "properties": {
        "zone_id": "Grid-29-19",
        "name": "Grid-29-19",
        "flood_km2": 0.0932,
        "flood_pct": 20.2609,
        "zone_area_km2": 0.47237621329026297,
        "population": 502.7967,
        "people_affected": 101.871,
        "facilities_hit": 0,
        "facilities_by_type": {},
        "road_cut_km": 0.0,
        "confidence": "Low",
        "confidence_score": 0.368,
        "reason": "Flagged for on-ground verification: High impact (P1) with Low detection confidence",
        "conf_detail": {
          "agreement_ratio": 0.0,
          "terrain_penalty": 0.0,
          "time_penalty": 0.375,
          "margin_score": 0.713,
          "method_penalty": 0.15
        },
        "breakdown": {
          "severity": 0.0862,
          "people": 0.0395,
          "facilities": 0.0,
          "roads": 0.0
        },
        "score": 0.1257,
        "rank": 116,
        "tier": "VERIFY"
      },
      "geometry": {
        "type": "Polygon",
        "coordinates": [
          [
            [
              91.14990032423661,
              26.102703704087638
            ],
            [
              91.14983321063471,
              26.10696690031184
            ],
            [
              91.13983716708134,
              26.10683826534793
            ],
            [
              91.13990464277494,
              26.102575093243296
            ],
            [
              91.14990032423661,
              26.102703704087638
            ]
          ]
        ]
      }
    },
    {
      "id": "296",
      "type": "Feature",
      "properties": {
        "zone_id": "Grid-9-17",
        "name": "Grid-9-17",
        "flood_km2": 0.1692,
        "flood_pct": 16.92,
        "zone_area_km2": 1.0,
        "population": 805.2024,
        "people_affected": 136.2402,
        "facilities_hit": 0,
        "facilities_by_type": {},
        "road_cut_km": 0.0,
        "confidence": "Low",
        "confidence_score": 0.339,
        "reason": "Flagged for on-ground verification: High impact (P1) with Low detection confidence",
        "conf_detail": {
          "agreement_ratio": 0.0,
          "terrain_penalty": 0.0,
          "time_penalty": 0.375,
          "margin_score": 0.57,
          "method_penalty": 0.15
        },
        "breakdown": {
          "severity": 0.072,
          "people": 0.0528,
          "facilities": 0.0,
          "roads": 0.0
        },
        "score": 0.1248,
        "rank": 117,
        "tier": "VERIFY"
      },
      "geometry": {
        "type": "Polygon",
        "coordinates": [
          [
            [
              91.12709996276931,
              26.27817979955577
            ],
            [
              91.1269550024279,
              26.287204461017115
            ],
            [
              91.11694369055519,
              26.287073407741357
            ],
            [
              91.11708942458776,
              26.27804879804237
            ],
            [
              91.12709996276931,
              26.27817979955577
            ]
          ]
        ]
      }
    },
    {
      "id": "102",
      "type": "Feature",
      "properties": {
        "zone_id": "Grid-3-9",
        "name": "Grid-3-9",
        "flood_km2": 0.1372,
        "flood_pct": 13.72,
        "zone_area_km2": 1.0,
        "population": 1225.2039,
        "people_affected": 168.098,
        "facilities_hit": 0,
        "facilities_by_type": {},
        "road_cut_km": 0.0,
        "confidence": "Low",
        "confidence_score": 0.337,
        "reason": "Flagged for on-ground verification: High impact (P2) with Low detection confidence",
        "conf_detail": {
          "agreement_ratio": 0.0,
          "terrain_penalty": 0.0,
          "time_penalty": 0.375,
          "margin_score": 0.559,
          "method_penalty": 0.15
        },
        "breakdown": {
          "severity": 0.0584,
          "people": 0.0652,
          "facilities": 0.0,
          "roads": 0.0
        },
        "score": 0.1236,
        "rank": 118,
        "tier": "VERIFY"
      },
      "geometry": {
        "type": "Polygon",
        "coordinates": [
          [
            [
              91.04610964048712,
              26.331257514841063
            ],
            [
              91.0459580612773,
              26.34028168149884
            ],
            [
              91.03594266328527,
              26.340144722827194
            ],
            [
              91.03609501819659,
              26.33112061018411
            ],
            [
              91.04610964048712,
              26.331257514841063
            ]
          ]
        ]
      }
    },
    {
      "id": "135",
      "type": "Feature",
      "properties": {
        "zone_id": "Grid-4-11",
        "name": "Grid-4-11",
        "flood_km2": 0.1432,
        "flood_pct": 14.32,
        "zone_area_km2": 1.0,
        "population": 1105.0078,
        "people_affected": 158.2371,
        "facilities_hit": 0,
        "facilities_by_type": {},
        "road_cut_km": 0.0,
        "confidence": "Low",
        "confidence_score": 0.341,
        "reason": "Flagged for on-ground verification: High impact (P2) with Low detection confidence",
        "conf_detail": {
          "agreement_ratio": 0.0,
          "terrain_penalty": 0.0,
          "time_penalty": 0.375,
          "margin_score": 0.582,
          "method_penalty": 0.15
        },
        "breakdown": {
          "severity": 0.0609,
          "people": 0.0614,
          "facilities": 0.0,
          "roads": 0.0
        },
        "score": 0.1223,
        "rank": 119,
        "tier": "VERIFY"
      },
      "geometry": {
        "type": "Polygon",
        "coordinates": [
          [
            [
              91.06628905662112,
              26.322504941147866
            ],
            [
              91.06613909987851,
              26.33152922716511
            ],
            [
              91.05612433450335,
              26.331393720507776
            ],
            [
              91.05627506662869,
              26.322369487945842
            ],
            [
              91.06628905662112,
              26.322504941147866
            ]
          ]
        ]
      }
    },
    {
      "id": "126",
      "type": "Feature",
      "properties": {
        "zone_id": "Grid-4-2",
        "name": "Grid-4-2",
        "flood_km2": 0.1444,
        "flood_pct": 14.44,
        "zone_area_km2": 1.0,
        "population": 1084.5951,
        "people_affected": 156.6155,
        "facilities_hit": 0,
        "facilities_by_type": {},
        "road_cut_km": 0.0,
        "confidence": "Low",
        "confidence_score": 0.363,
        "reason": "Flagged for on-ground verification: High impact (P2) with Low detection confidence",
        "conf_detail": {
          "agreement_ratio": 0.0,
          "terrain_penalty": 0.0,
          "time_penalty": 0.375,
          "margin_score": 0.689,
          "method_penalty": 0.15
        },
        "breakdown": {
          "severity": 0.0614,
          "people": 0.0607,
          "facilities": 0.0,
          "roads": 0.0
        },
        "score": 0.1222,
        "rank": 120,
        "tier": "VERIFY"
      },
      "geometry": {
        "type": "Polygon",
        "coordinates": [
          [
            [
              90.97616574554613,
              26.321260709534073
            ],
            [
              90.97600881123122,
              26.330284504531836
            ],
            [
              90.96599470128932,
              26.330142707487493
            ],
            [
              90.96615241076705,
              26.32111896842532
            ],
            [
              90.97616574554613,
              26.321260709534073
            ]
          ]
        ]
      }
    },
    {
      "id": "830",
      "type": "Feature",
      "properties": {
        "zone_id": "Grid-26-24",
        "name": "Grid-26-24",
        "flood_km2": 0.1204,
        "flood_pct": 12.04,
        "zone_area_km2": 1.0,
        "population": 1517.8867,
        "people_affected": 182.7536,
        "facilities_hit": 0,
        "facilities_by_type": {},
        "road_cut_km": 0.0,
        "confidence": "Low",
        "confidence_score": 0.351,
        "reason": "Flagged for on-ground verification: High impact (P2) with Low detection confidence",
        "conf_detail": {
          "agreement_ratio": 0.0,
          "terrain_penalty": 0.0,
          "time_penalty": 0.375,
          "margin_score": 0.629,
          "method_penalty": 0.15
        },
        "breakdown": {
          "severity": 0.0512,
          "people": 0.0709,
          "facilities": 0.0,
          "roads": 0.0
        },
        "score": 0.1221,
        "rank": 121,
        "tier": "VERIFY"
      },
      "geometry": {
        "type": "Polygon",
        "coordinates": [
          [
            [
              91.19953778390422,
              26.125650166867928
            ],
            [
              91.19939936055351,
              26.134675387166496
            ],
            [
              91.1894006813591,
              26.134550064767435
            ],
            [
              91.1895398723496,
              26.125524894175733
            ],
            [
              91.19953778390422,
              26.125650166867928
            ]
          ]
        ]
      }
    },
    {
      "id": "166",
      "type": "Feature",
      "properties": {
        "zone_id": "Grid-5-11",
        "name": "Grid-5-11",
        "flood_km2": 0.1424,
        "flood_pct": 14.24,
        "zone_area_km2": 1.0,
        "population": 1106.4602,
        "people_affected": 157.5599,
        "facilities_hit": 0,
        "facilities_by_type": {},
        "road_cut_km": 0.0,
        "confidence": "Low",
        "confidence_score": 0.351,
        "reason": "Flagged for on-ground verification: High impact (P2) with Low detection confidence",
        "conf_detail": {
          "agreement_ratio": 0.0,
          "terrain_penalty": 0.0,
          "time_penalty": 0.375,
          "margin_score": 0.629,
          "method_penalty": 0.15
        },
        "breakdown": {
          "severity": 0.0606,
          "people": 0.0611,
          "facilities": 0.0,
          "roads": 0.0
        },
        "score": 0.1217,
        "rank": 122,
        "tier": "VERIFY"
      },
      "geometry": {
        "type": "Polygon",
        "coordinates": [
          [
            [
              91.06643894239544,
              26.313480642976714
            ],
            [
              91.06628905662112,
              26.322504941147866
            ],
            [
              91.05627506662869,
              26.322369487945842
            ],
            [
              91.05642572741905,
              26.313345243221942
            ],
            [
              91.06643894239544,
              26.313480642976714
            ]
          ]
        ]
      }
    },
    {
      "id": "73",
      "type": "Feature",
      "properties": {
        "zone_id": "Grid-2-11",
        "name": "Grid-2-11",
        "flood_km2": 0.1224,
        "flood_pct": 12.24,
        "zone_area_km2": 1.0,
        "population": 1449.2708,
        "people_affected": 177.3907,
        "facilities_hit": 0,
        "facilities_by_type": {},
        "road_cut_km": 0.0,
        "confidence": "Low",
        "confidence_score": 0.34,
        "reason": "Flagged for on-ground verification: High impact (P2) with Low detection confidence",
        "conf_detail": {
          "agreement_ratio": 0.0,
          "terrain_penalty": 0.0,
          "time_penalty": 0.375,
          "margin_score": 0.577,
          "method_penalty": 0.15
        },
        "breakdown": {
          "severity": 0.0521,
          "people": 0.0688,
          "facilities": 0.0,
          "roads": 0.0
        },
        "score": 0.1209,
        "rank": 123,
        "tier": "VERIFY"
      },
      "geometry": {
        "type": "Polygon",
        "coordinates": [
          [
            [
              91.06598907214378,
              26.34055350102529
            ],
            [
              91.06583897339311,
              26.349577762725264
            ],
            [
              91.05582265615199,
              26.34944214913313
            ],
            [
              91.0559735310191,
              26.340417940904587
            ],
            [
              91.06598907214378,
              26.34055350102529
            ]
          ]
        ]
      }
    },
    {
      "id": "5",
      "type": "Feature",
      "properties": {
        "zone_id": "Grid-0-5",
        "name": "Grid-0-5",
        "flood_km2": 0.1568,
        "flood_pct": 15.68,
        "zone_area_km2": 1.0,
        "population": 874.2525,
        "people_affected": 137.0828,
        "facilities_hit": 0,
        "facilities_by_type": {},
        "road_cut_km": 0.0,
        "confidence": "Low",
        "confidence_score": 0.349,
        "reason": "Flagged for on-ground verification: High impact (P2) with Low detection confidence",
        "conf_detail": {
          "agreement_ratio": 0.0,
          "terrain_penalty": 0.0,
          "time_penalty": 0.375,
          "margin_score": 0.622,
          "method_penalty": 0.15
        },
        "breakdown": {
          "severity": 0.0667,
          "people": 0.0532,
          "facilities": 0.0,
          "roads": 0.0
        },
        "score": 0.1199,
        "rank": 124,
        "tier": "VERIFY"
      },
      "geometry": {
        "type": "Polygon",
        "coordinates": [
          [
            [
              91.00558732006023,
              26.35777751266932
            ],
            [
              91.00543241846458,
              26.366801424977254
            ],
            [
              90.99541498212717,
              26.366661504033925
            ],
            [
              90.99557066042765,
              26.35763764686818
            ],
            [
              91.00558732006023,
              26.35777751266932
            ]
          ]
        ]
      }
    },
    {
      "id": "74",
      "type": "Feature",
      "properties": {
        "zone_id": "Grid-2-12",
        "name": "Grid-2-12",
        "flood_km2": 0.1224,
        "flood_pct": 12.24,
        "zone_area_km2": 1.0,
        "population": 1415.2,
        "people_affected": 173.2205,
        "facilities_hit": 0,
        "facilities_by_type": {},
        "road_cut_km": 0.0,
        "confidence": "Low",
        "confidence_score": 0.339,
        "reason": "Flagged for on-ground verification: High impact (P2) with Low detection confidence",
        "conf_detail": {
          "agreement_ratio": 0.0,
          "terrain_penalty": 0.0,
          "time_penalty": 0.375,
          "margin_score": 0.568,
          "method_penalty": 0.15
        },
        "breakdown": {
          "severity": 0.0521,
          "people": 0.0672,
          "facilities": 0.0,
          "roads": 0.0
        },
        "score": 0.1193,
        "rank": 125,
        "tier": "VERIFY"
      },
      "geometry": {
        "type": "Polygon",
        "coordinates": [
          [
            [
              91.07600468428441,
              26.340688361841885
            ],
            [
              91.07585536167404,
              26.34971267673758
            ],
            [
              91.06583897339311,
              26.349577762725264
            ],
            [
              91.06598907214378,
              26.34055350102529
            ],
            [
              91.07600468428441,
              26.340688361841885
            ]
          ]
        ]
      }
    },
    {
      "id": "105",
      "type": "Feature",
      "properties": {
        "zone_id": "Grid-3-12",
        "name": "Grid-3-12",
        "flood_km2": 0.1292,
        "flood_pct": 12.92,
        "zone_area_km2": 1.0,
        "population": 1276.7937,
        "people_affected": 164.9617,
        "facilities_hit": 0,
        "facilities_by_type": {},
        "road_cut_km": 0.0,
        "confidence": "Low",
        "confidence_score": 0.341,
        "reason": "Flagged for on-ground verification: High impact (P2) with Low detection confidence",
        "conf_detail": {
          "agreement_ratio": 0.0,
          "terrain_penalty": 0.0,
          "time_penalty": 0.375,
          "margin_score": 0.582,
          "method_penalty": 0.15
        },
        "breakdown": {
          "severity": 0.055,
          "people": 0.064,
          "facilities": 0.0,
          "roads": 0.0
        },
        "score": 0.1189,
        "rank": 126,
        "tier": "VERIFY"
      },
      "geometry": {
        "type": "Polygon",
        "coordinates": [
          [
            [
              91.07615393624577,
              26.33166403479401
            ],
            [
              91.07600468428441,
              26.340688361841885
            ],
            [
              91.06598907214378,
              26.34055350102529
            ],
            [
              91.06613909987851,
              26.33152922716511
            ],
            [
              91.07615393624577,
              26.33166403479401
            ]
          ]
        ]
      }
    },
    {
      "id": "289",
      "type": "Feature",
      "properties": {
        "zone_id": "Grid-9-10",
        "name": "Grid-9-10",
        "flood_km2": 0.1328,
        "flood_pct": 13.28,
        "zone_area_km2": 1.0,
        "population": 1192.5776,
        "people_affected": 158.3743,
        "facilities_hit": 0,
        "facilities_by_type": {},
        "road_cut_km": 0.0,
        "confidence": "Low",
        "confidence_score": 0.358,
        "reason": "Flagged for on-ground verification: High impact (P2) with Low detection confidence",
        "conf_detail": {
          "agreement_ratio": 0.0,
          "terrain_penalty": 0.0,
          "time_penalty": 0.375,
          "margin_score": 0.665,
          "method_penalty": 0.15
        },
        "breakdown": {
          "severity": 0.0565,
          "people": 0.0614,
          "facilities": 0.0,
          "roads": 0.0
        },
        "score": 0.1179,
        "rank": 127,
        "tier": "VERIFY"
      },
      "geometry": {
        "type": "Polygon",
        "coordinates": [
          [
            [
              91.05702765770906,
              26.2772481427697
            ],
            [
              91.05687728201949,
              26.28627243610995
            ],
            [
              91.04686646113174,
              26.28613649901694
            ],
            [
              91.04701761034801,
              26.277112259367183
            ],
            [
              91.05702765770906,
              26.2772481427697
            ]
          ]
        ]
      }
    },
    {
      "id": "95",
      "type": "Feature",
      "properties": {
        "zone_id": "Grid-3-2",
        "name": "Grid-3-2",
        "flood_km2": 0.1348,
        "flood_pct": 13.48,
        "zone_area_km2": 1.0,
        "population": 1154.1418,
        "people_affected": 155.5783,
        "facilities_hit": 0,
        "facilities_by_type": {},
        "road_cut_km": 0.0,
        "confidence": "Low",
        "confidence_score": 0.349,
        "reason": "Flagged for on-ground verification: High impact (P2) with Low detection confidence",
        "conf_detail": {
          "agreement_ratio": 0.0,
          "terrain_penalty": 0.0,
          "time_penalty": 0.375,
          "margin_score": 0.621,
          "method_penalty": 0.15
        },
        "breakdown": {
          "severity": 0.0573,
          "people": 0.0603,
          "facilities": 0.0,
          "roads": 0.0
        },
        "score": 0.1177,
        "rank": 128,
        "tier": "VERIFY"
      },
      "geometry": {
        "type": "Polygon",
        "coordinates": [
          [
            [
              90.97600881123122,
              26.330284504531836
            ],
            [
              90.97585180262355,
              26.33930828729848
            ],
            [
              90.96583691715216,
              26.3391664343101
            ],
            [
              90.96599470128932,
              26.330142707487493
            ],
            [
              90.97600881123122,
              26.330284504531836
            ]
          ]
        ]
      }
    },
    {
      "id": "373",
      "type": "Feature",
      "properties": {
        "zone_id": "Grid-12-1",
        "name": "Grid-12-1",
        "flood_km2": 0.15,
        "flood_pct": 15.0,
        "zone_area_km2": 1.0,
        "population": 922.8589,
        "people_affected": 138.4288,
        "facilities_hit": 0,
        "facilities_by_type": {},
        "road_cut_km": 0.0,
        "confidence": "Low",
        "confidence_score": 0.35,
        "reason": "Flagged for on-ground verification: High impact (P2) with Low detection confidence",
        "conf_detail": {
          "agreement_ratio": 0.0,
          "terrain_penalty": 0.0,
          "time_penalty": 0.375,
          "margin_score": 0.627,
          "method_penalty": 0.15
        },
        "breakdown": {
          "severity": 0.0638,
          "people": 0.0537,
          "facilities": 0.0,
          "roads": 0.0
        },
        "score": 0.1175,
        "rank": 129,
        "tier": "VERIFY"
      },
      "geometry": {
        "type": "Polygon",
        "coordinates": [
          [
            [
              90.9674114018516,
              26.248928615687475
            ],
            [
              90.96725428874899,
              26.257952452551024
            ],
            [
              90.95724644431303,
              26.257810406125206
            ],
            [
              90.95740432962468,
              26.248786625405135
            ],
            [
              90.9674114018516,
              26.248928615687475
            ]
          ]
        ]
      }
    },
    {
      "id": "819",
      "type": "Feature",
      "properties": {
        "zone_id": "Grid-26-13",
        "name": "Grid-26-13",
        "flood_km2": 0.1384,
        "flood_pct": 13.84,
        "zone_area_km2": 1.0,
        "population": 1090.4531,
        "people_affected": 150.9187,
        "facilities_hit": 0,
        "facilities_by_type": {},
        "road_cut_km": 0.0,
        "confidence": "Low",
        "confidence_score": 0.331,
        "reason": "Flagged for on-ground verification: High impact (P2) with Low detection confidence",
        "conf_detail": {
          "agreement_ratio": 0.0,
          "terrain_penalty": 0.0,
          "time_penalty": 0.375,
          "margin_score": 0.531,
          "method_penalty": 0.15
        },
        "breakdown": {
          "severity": 0.0589,
          "people": 0.0585,
          "facilities": 0.0,
          "roads": 0.0
        },
        "score": 0.1174,
        "rank": 130,
        "tier": "VERIFY"
      },
      "geometry": {
        "type": "Polygon",
        "coordinates": [
          [
            [
              91.08956445123283,
              26.124234059728728
            ],
            [
              91.08941758507599,
              26.133258718137224
            ],
            [
              91.0794196530269,
              26.133125771608732
            ],
            [
              91.07956728657457,
              26.12410116592982
            ],
            [
              91.08956445123283,
              26.124234059728728
            ]
          ]
        ]
      }
    },
    {
      "id": "341",
      "type": "Feature",
      "properties": {
        "zone_id": "Grid-11-0",
        "name": "Grid-11-0",
        "flood_km2": 0.1508,
        "flood_pct": 15.08,
        "zone_area_km2": 1.0,
        "population": 899.4921,
        "people_affected": 135.6434,
        "facilities_hit": 0,
        "facilities_by_type": {},
        "road_cut_km": 0.0,
        "confidence": "Low",
        "confidence_score": 0.35,
        "reason": "Flagged for on-ground verification: High impact (P2) with Low detection confidence",
        "conf_detail": {
          "agreement_ratio": 0.0,
          "terrain_penalty": 0.0,
          "time_penalty": 0.375,
          "margin_score": 0.625,
          "method_penalty": 0.15
        },
        "breakdown": {
          "severity": 0.0642,
          "people": 0.0526,
          "facilities": 0.0,
          "roads": 0.0
        },
        "score": 0.1168,
        "rank": 131,
        "tier": "VERIFY"
      },
      "geometry": {
        "type": "Polygon",
        "coordinates": [
          [
            [
              90.95724644431303,
              26.257810406125206
            ],
            [
              90.95708848417621,
              26.266834174622858
            ],
            [
              90.94707994201576,
              26.266691375159418
            ],
            [
              90.94723867470223,
              26.257667663088927
            ],
            [
              90.95724644431303,
              26.257810406125206
            ]
          ]
        ]
      }
    },
    {
      "id": "233",
      "type": "Feature",
      "properties": {
        "zone_id": "Grid-7-16",
        "name": "Grid-7-16",
        "flood_km2": 0.1312,
        "flood_pct": 13.12,
        "zone_area_km2": 1.0,
        "population": 1186.3098,
        "people_affected": 155.6438,
        "facilities_hit": 0,
        "facilities_by_type": {},
        "road_cut_km": 0.0,
        "confidence": "Low",
        "confidence_score": 0.348,
        "reason": "Flagged for on-ground verification: High impact (P2) with Low detection confidence",
        "conf_detail": {
          "agreement_ratio": 0.0,
          "terrain_penalty": 0.0,
          "time_penalty": 0.375,
          "margin_score": 0.613,
          "method_penalty": 0.15
        },
        "breakdown": {
          "severity": 0.0558,
          "people": 0.0604,
          "facilities": 0.0,
          "roads": 0.0
        },
        "score": 0.1162,
        "rank": 132,
        "tier": "VERIFY"
      },
      "geometry": {
        "type": "Polygon",
        "coordinates": [
          [
            [
              91.11679788748063,
              26.29609800533862
            ],
            [
              91.11665201534093,
              26.30512259083103
            ],
            [
              91.10663922407521,
              26.304990735711918
            ],
            [
              91.10678587061561,
              26.29596620227301
            ],
            [
              91.11679788748063,
              26.29609800533862
            ]
          ]
        ]
      }
    },
    {
      "id": "804",
      "type": "Feature",
      "properties": {
        "zone_id": "Grid-25-29",
        "name": "Grid-25-29",
        "flood_km2": 0.2428,
        "flood_pct": 24.28,
        "zone_area_km2": 1.0,
        "population": 133.6393,
        "people_affected": 32.4476,
        "facilities_hit": 0,
        "facilities_by_type": {},
        "road_cut_km": 0.0,
        "confidence": "Low",
        "confidence_score": 0.379,
        "reason": "Flagged for on-ground verification: High impact (P2) with Low detection confidence",
        "conf_detail": {
          "agreement_ratio": 0.0,
          "terrain_penalty": 0.0,
          "time_penalty": 0.375,
          "margin_score": 0.77,
          "method_penalty": 0.15
        },
        "breakdown": {
          "severity": 0.1033,
          "people": 0.0126,
          "facilities": 0.0,
          "roads": 0.0
        },
        "score": 0.1159,
        "rank": 133,
        "tier": "VERIFY"
      },
      "geometry": {
        "type": "Polygon",
        "coordinates": [
          [
            [
              91.24939373528943,
              26.135291600662164
            ],
            [
              91.2492590865489,
              26.144317053420945
            ],
            [
              91.23925931420187,
              26.144195148906444
            ],
            [
              91.23939473105489,
              26.135169744487442
            ],
            [
              91.24939373528943,
              26.135291600662164
            ]
          ]
        ]
      }
    },
    {
      "id": "769",
      "type": "Feature",
      "properties": {
        "zone_id": "Grid-24-25",
        "name": "Grid-24-25",
        "flood_km2": 0.204,
        "flood_pct": 20.4,
        "zone_area_km2": 1.0,
        "population": 362.3199,
        "people_affected": 73.9133,
        "facilities_hit": 0,
        "facilities_by_type": {},
        "road_cut_km": 0.0,
        "confidence": "Low",
        "confidence_score": 0.395,
        "reason": "Flagged for on-ground verification: High impact (P2) with Low detection confidence",
        "conf_detail": {
          "agreement_ratio": 0.0,
          "terrain_penalty": 0.0,
          "time_penalty": 0.375,
          "margin_score": 0.85,
          "method_penalty": 0.15
        },
        "breakdown": {
          "severity": 0.0868,
          "people": 0.0287,
          "facilities": 0.0,
          "roads": 0.0
        },
        "score": 0.1154,
        "rank": 134,
        "tier": "VERIFY"
      },
      "geometry": {
        "type": "Polygon",
        "coordinates": [
          [
            [
              91.20926038442323,
              26.143825274105648
            ],
            [
              91.20912259796764,
              26.15285051987235
            ],
            [
              91.19912231662003,
              26.152725791797174
            ],
            [
              91.1992608714661,
              26.143700595477284
            ],
            [
              91.20926038442323,
              26.143825274105648
            ]
          ]
        ]
      }
    },
    {
      "id": "800",
      "type": "Feature",
      "properties": {
        "zone_id": "Grid-25-25",
        "name": "Grid-25-25",
        "flood_km2": 0.12,
        "flood_pct": 12.0,
        "zone_area_km2": 1.0,
        "population": 1379.6172,
        "people_affected": 165.5541,
        "facilities_hit": 0,
        "facilities_by_type": {},
        "road_cut_km": 0.0,
        "confidence": "Low",
        "confidence_score": 0.363,
        "reason": "Flagged for on-ground verification: High impact (P2) with Low detection confidence",
        "conf_detail": {
          "agreement_ratio": 0.0,
          "terrain_penalty": 0.0,
          "time_penalty": 0.375,
          "margin_score": 0.691,
          "method_penalty": 0.15
        },
        "breakdown": {
          "severity": 0.051,
          "people": 0.0642,
          "facilities": 0.0,
          "roads": 0.0
        },
        "score": 0.1153,
        "rank": 135,
        "tier": "VERIFY"
      },
      "geometry": {
        "type": "Polygon",
        "coordinates": [
          [
            [
              91.20939810548462,
              26.13480001635546
            ],
            [
              91.20926038442323,
              26.143825274105648
            ],
            [
              91.1992608714661,
              26.143700595477284
            ],
            [
              91.19939936055351,
              26.134675387166496
            ],
            [
              91.20939810548462,
              26.13480001635546
            ]
          ]
        ]
      }
    },
    {
      "id": "874",
      "type": "Feature",
      "properties": {
        "zone_id": "Grid-28-6",
        "name": "Grid-28-6",
        "flood_km2": 0.1684,
        "flood_pct": 16.84,
        "zone_area_km2": 1.0,
        "population": 665.1782,
        "people_affected": 112.016,
        "facilities_hit": 0,
        "facilities_by_type": {},
        "road_cut_km": 0.0,
        "confidence": "Low",
        "confidence_score": 0.35,
        "reason": "Flagged for on-ground verification: High impact (P2) with Low detection confidence",
        "conf_detail": {
          "agreement_ratio": 0.0,
          "terrain_penalty": 0.0,
          "time_penalty": 0.375,
          "margin_score": 0.626,
          "method_penalty": 0.15
        },
        "breakdown": {
          "severity": 0.0716,
          "people": 0.0434,
          "facilities": 0.0,
          "roads": 0.0
        },
        "score": 0.1151,
        "rank": 136,
        "tier": "VERIFY"
      },
      "geometry": {
        "type": "Polygon",
        "coordinates": [
          [
            [
              91.0198900411477,
              26.10524065328233
            ],
            [
              91.01973794826189,
              26.11426496106067
            ],
            [
              91.00974204869728,
              26.11412727327699
            ],
            [
              91.00989490808016,
              26.10510302013488
            ],
            [
              91.0198900411477,
              26.10524065328233
            ]
          ]
        ]
      }
    },
    {
      "id": "172",
      "type": "Feature",
      "properties": {
        "zone_id": "Grid-5-17",
        "name": "Grid-5-17",
        "flood_km2": 0.1244,
        "flood_pct": 12.44,
        "zone_area_km2": 1.0,
        "population": 1280.4263,
        "people_affected": 159.285,
        "facilities_hit": 0,
        "facilities_by_type": {},
        "road_cut_km": 0.0,
        "confidence": "Low",
        "confidence_score": 0.348,
        "reason": "Flagged for on-ground verification: High impact (P2) with Low detection confidence",
        "conf_detail": {
          "agreement_ratio": 0.0,
          "terrain_penalty": 0.0,
          "time_penalty": 0.375,
          "margin_score": 0.616,
          "method_penalty": 0.15
        },
        "breakdown": {
          "severity": 0.0529,
          "people": 0.0618,
          "facilities": 0.0,
          "roads": 0.0
        },
        "score": 0.1147,
        "rank": 137,
        "tier": "VERIFY"
      },
      "geometry": {
        "type": "Polygon",
        "coordinates": [
          [
            [
              91.12651970925734,
              26.31427837282503
            ],
            [
              91.1263744740749,
              26.323302985891885
            ],
            [
              91.11636006377347,
              26.32317172548875
            ],
            [
              91.11650607411293,
              26.314147164215445
            ],
            [
              91.12651970925734,
              26.31427837282503
            ]
          ]
        ]
      }
    },
    {
      "id": "265",
      "type": "Feature",
      "properties": {
        "zone_id": "Grid-8-17",
        "name": "Grid-8-17",
        "flood_km2": 0.1444,
        "flood_pct": 14.44,
        "zone_area_km2": 1.0,
        "population": 946.866,
        "people_affected": 136.7274,
        "facilities_hit": 0,
        "facilities_by_type": {},
        "road_cut_km": 0.0,
        "confidence": "Low",
        "confidence_score": 0.345,
        "reason": "Flagged for on-ground verification: High impact (P2) with Low detection confidence",
        "conf_detail": {
          "agreement_ratio": 0.0,
          "terrain_penalty": 0.0,
          "time_penalty": 0.375,
          "margin_score": 0.601,
          "method_penalty": 0.15
        },
        "breakdown": {
          "severity": 0.0614,
          "people": 0.053,
          "facilities": 0.0,
          "roads": 0.0
        },
        "score": 0.1145,
        "rank": 138,
        "tier": "VERIFY"
      },
      "geometry": {
        "type": "Polygon",
        "coordinates": [
          [
            [
              91.1269550024279,
              26.287204461017115
            ],
            [
              91.12680997341079,
              26.29622911038452
            ],
            [
              91.11679788748063,
              26.29609800533862
            ],
            [
              91.11694369055519,
              26.287073407741357
            ],
            [
              91.1269550024279,
              26.287204461017115
            ]
          ]
        ]
      }
    },
    {
      "id": "262",
      "type": "Feature",
      "properties": {
        "zone_id": "Grid-8-14",
        "name": "Grid-8-14",
        "flood_km2": 0.1336,
        "flood_pct": 13.36,
        "zone_area_km2": 1.0,
        "population": 1107.8308,
        "people_affected": 148.0062,
        "facilities_hit": 0,
        "facilities_by_type": {},
        "road_cut_km": 0.0,
        "confidence": "Low",
        "confidence_score": 0.332,
        "reason": "Flagged for on-ground verification: High impact (P2) with Low detection confidence",
        "conf_detail": {
          "agreement_ratio": 0.0,
          "terrain_penalty": 0.0,
          "time_penalty": 0.375,
          "margin_score": 0.535,
          "method_penalty": 0.15
        },
        "breakdown": {
          "severity": 0.0568,
          "people": 0.0574,
          "facilities": 0.0,
          "roads": 0.0
        },
        "score": 0.1142,
        "rank": 139,
        "tier": "VERIFY"
      },
      "geometry": {
        "type": "Polygon",
        "coordinates": [
          [
            [
              91.096921274302,
              26.286809207975768
            ],
            [
              91.0967739231821,
              26.295833701206202
            ],
            [
              91.0867620455465,
              26.29570050215682
            ],
            [
              91.08691017065404,
              26.28667606152305
            ],
            [
              91.096921274302,
              26.286809207975768
            ]
          ]
        ]
      }
    },
    {
      "id": "231",
      "type": "Feature",
      "properties": {
        "zone_id": "Grid-7-14",
        "name": "Grid-7-14",
        "flood_km2": 0.1496,
        "flood_pct": 14.96,
        "zone_area_km2": 1.0,
        "population": 867.9849,
        "people_affected": 129.8505,
        "facilities_hit": 0,
        "facilities_by_type": {},
        "road_cut_km": 0.0,
        "confidence": "Low",
        "confidence_score": 0.351,
        "reason": "Flagged for on-ground verification: High impact (P2) with Low detection confidence",
        "conf_detail": {
          "agreement_ratio": 0.0,
          "terrain_penalty": 0.0,
          "time_penalty": 0.375,
          "margin_score": 0.628,
          "method_penalty": 0.15
        },
        "breakdown": {
          "severity": 0.0636,
          "people": 0.0504,
          "facilities": 0.0,
          "roads": 0.0
        },
        "score": 0.114,
        "rank": 140,
        "tier": "VERIFY"
      },
      "geometry": {
        "type": "Polygon",
        "coordinates": [
          [
            [
              91.0967739231821,
              26.295833701206202
            ],
            [
              91.09662650226429,
              26.304858182316067
            ],
            [
              91.08661385027467,
              26.304724930662097
            ],
            [
              91.0867620455465,
              26.29570050215682
            ],
            [
              91.0967739231821,
              26.295833701206202
            ]
          ]
        ]
      }
    },
    {
      "id": "10",
      "type": "Feature",
      "properties": {
        "zone_id": "Grid-0-10",
        "name": "Grid-0-10",
        "flood_km2": 0.1136,
        "flood_pct": 11.36,
        "zone_area_km2": 1.0,
        "population": 1490.205,
        "people_affected": 169.2873,
        "facilities_hit": 0,
        "facilities_by_type": {},
        "road_cut_km": 0.0,
        "confidence": "Low",
        "confidence_score": 0.335,
        "reason": "Flagged for on-ground verification: High impact (P2) with Low detection confidence",
        "conf_detail": {
          "agreement_ratio": 0.0,
          "terrain_penalty": 0.0,
          "time_penalty": 0.375,
          "margin_score": 0.552,
          "method_penalty": 0.15
        },
        "breakdown": {
          "severity": 0.0483,
          "people": 0.0657,
          "facilities": 0.0,
          "roads": 0.0
        },
        "score": 0.114,
        "rank": 141,
        "tier": "VERIFY"
      },
      "geometry": {
        "type": "Polygon",
        "coordinates": [
          [
            [
              91.055671709878,
              26.358466345190244
            ],
            [
              91.05552069217318,
              26.367490529072786
            ],
            [
              91.0455028930527,
              26.367354108401262
            ],
            [
              91.04565468758419,
              26.35832997828209
            ],
            [
              91.055671709878,
              26.358466345190244
            ]
          ]
        ]
      }
    },
    {
      "id": "104",
      "type": "Feature",
      "properties": {
        "zone_id": "Grid-3-11",
        "name": "Grid-3-11",
        "flood_km2": 0.1272,
        "flood_pct": 12.72,
        "zone_area_km2": 1.0,
        "population": 1196.7439,
        "people_affected": 152.2258,
        "facilities_hit": 0,
        "facilities_by_type": {},
        "road_cut_km": 0.0,
        "confidence": "Low",
        "confidence_score": 0.34,
        "reason": "Flagged for on-ground verification: High impact (P2) with Low detection confidence",
        "conf_detail": {
          "agreement_ratio": 0.0,
          "terrain_penalty": 0.0,
          "time_penalty": 0.375,
          "margin_score": 0.576,
          "method_penalty": 0.15
        },
        "breakdown": {
          "severity": 0.0541,
          "people": 0.059,
          "facilities": 0.0,
          "roads": 0.0
        },
        "score": 0.1132,
        "rank": 142,
        "tier": "VERIFY"
      },
      "geometry": {
        "type": "Polygon",
        "coordinates": [
          [
            [
              91.06613909987851,
              26.33152922716511
            ],
            [
              91.06598907214378,
              26.34055350102529
            ],
            [
              91.0559735310191,
              26.340417940904587
            ],
            [
              91.05612433450335,
              26.331393720507776
            ],
            [
              91.06613909987851,
              26.33152922716511
            ]
          ]
        ]
      }
    },
    {
      "id": "71",
      "type": "Feature",
      "properties": {
        "zone_id": "Grid-2-9",
        "name": "Grid-2-9",
        "flood_km2": 0.118,
        "flood_pct": 11.8,
        "zone_area_km2": 1.0,
        "population": 1373.2235,
        "people_affected": 162.0404,
        "facilities_hit": 0,
        "facilities_by_type": {},
        "road_cut_km": 0.0,
        "confidence": "Low",
        "confidence_score": 0.346,
        "reason": "Flagged for on-ground verification: High impact (P2) with Low detection confidence",
        "conf_detail": {
          "agreement_ratio": 0.0,
          "terrain_penalty": 0.0,
          "time_penalty": 0.375,
          "margin_score": 0.604,
          "method_penalty": 0.15
        },
        "breakdown": {
          "severity": 0.0502,
          "people": 0.0628,
          "facilities": 0.0,
          "roads": 0.0
        },
        "score": 0.113,
        "rank": 143,
        "tier": "VERIFY"
      },
      "geometry": {
        "type": "Polygon",
        "coordinates": [
          [
            [
              91.0459580612773,
              26.34028168149884
            ],
            [
              91.0458064103177,
              26.349305835980235
            ],
            [
              91.03579023625728,
              26.34916882328574
            ],
            [
              91.03594266328527,
              26.340144722827194
            ],
            [
              91.0459580612773,
              26.34028168149884
            ]
          ]
        ]
      }
    },
    {
      "id": "901",
      "type": "Feature",
      "properties": {
        "zone_id": "Grid-29-2",
        "name": "Grid-29-2",
        "flood_km2": 0.0936,
        "flood_pct": 20.3478,
        "zone_area_km2": 0.47237621329026297,
        "population": 311.5546,
        "people_affected": 63.3946,
        "facilities_hit": 0,
        "facilities_by_type": {},
        "road_cut_km": 0.0,
        "confidence": "Low",
        "confidence_score": 0.338,
        "reason": "Flagged for on-ground verification: High impact (P2) with Low detection confidence",
        "conf_detail": {
          "agreement_ratio": 0.0,
          "terrain_penalty": 0.0,
          "time_penalty": 0.375,
          "margin_score": 0.567,
          "method_penalty": 0.15
        },
        "breakdown": {
          "severity": 0.0866,
          "people": 0.0246,
          "facilities": 0.0,
          "roads": 0.0
        },
        "score": 0.1111,
        "rank": 144,
        "tier": "VERIFY"
      },
      "geometry": {
        "type": "Polygon",
        "coordinates": [
          [
            [
              90.9799832135037,
              26.100423200008528
            ],
            [
              90.97990994583348,
              26.104685968556602
            ],
            [
              90.9699151052821,
              26.104545567383493
            ],
            [
              90.9699887348548,
              26.100282825160196
            ],
            [
              90.9799832135037,
              26.100423200008528
            ]
          ]
        ]
      }
    },
    {
      "id": "202",
      "type": "Feature",
      "properties": {
        "zone_id": "Grid-6-16",
        "name": "Grid-6-16",
        "flood_km2": 0.12,
        "flood_pct": 12.0,
        "zone_area_km2": 1.0,
        "population": 1276.3351,
        "people_affected": 153.1602,
        "facilities_hit": 0,
        "facilities_by_type": {},
        "road_cut_km": 0.0,
        "confidence": "Low",
        "confidence_score": 0.345,
        "reason": "Flagged for on-ground verification: High impact (P2) with Low detection confidence",
        "conf_detail": {
          "agreement_ratio": 0.0,
          "terrain_penalty": 0.0,
          "time_penalty": 0.375,
          "margin_score": 0.602,
          "method_penalty": 0.15
        },
        "breakdown": {
          "severity": 0.051,
          "people": 0.0594,
          "facilities": 0.0,
          "roads": 0.0
        },
        "score": 0.1104,
        "rank": 145,
        "tier": "VERIFY"
      },
      "geometry": {
        "type": "Polygon",
        "coordinates": [
          [
            [
              91.11665201534093,
              26.30512259083103
            ],
            [
              91.11650607411293,
              26.314147164215445
            ],
            [
              91.10649250808,
              26.314015257034992
            ],
            [
              91.10663922407521,
              26.304990735711918
            ],
            [
              91.11665201534093,
              26.30512259083103
            ]
          ]
        ]
      }
    },
    {
      "id": "175",
      "type": "Feature",
      "properties": {
        "zone_id": "Grid-5-20",
        "name": "Grid-5-20",
        "flood_km2": 0.1072,
        "flood_pct": 10.72,
        "zone_area_km2": 1.0,
        "population": 1528.4399,
        "people_affected": 163.8488,
        "facilities_hit": 0,
        "facilities_by_type": {},
        "road_cut_km": 0.0,
        "confidence": "Low",
        "confidence_score": 0.346,
        "reason": "Flagged for on-ground verification: High impact (P2) with Low detection confidence",
        "conf_detail": {
          "agreement_ratio": 0.0,
          "terrain_penalty": 0.0,
          "time_penalty": 0.375,
          "margin_score": 0.606,
          "method_penalty": 0.15
        },
        "breakdown": {
          "severity": 0.0456,
          "people": 0.0635,
          "facilities": 0.0,
          "roads": 0.0
        },
        "score": 0.1091,
        "rank": 146,
        "tier": "VERIFY"
      },
      "geometry": {
        "type": "Polygon",
        "coordinates": [
          [
            [
              91.1565610256928,
              26.314667807044636
            ],
            [
              91.15641811611937,
              26.323692573838205
            ],
            [
              91.14640350061464,
              26.323563410084905
            ],
            [
              91.14654718541394,
              26.314538694257912
            ],
            [
              91.1565610256928,
              26.314667807044636
            ]
          ]
        ]
      }
    },
    {
      "id": "40",
      "type": "Feature",
      "properties": {
        "zone_id": "Grid-1-9",
        "name": "Grid-1-9",
        "flood_km2": 0.114,
        "flood_pct": 11.4,
        "zone_area_km2": 1.0,
        "population": 1369.2173,
        "people_affected": 156.0908,
        "facilities_hit": 0,
        "facilities_by_type": {},
        "road_cut_km": 0.0,
        "confidence": "Low",
        "confidence_score": 0.344,
        "reason": "Flagged for on-ground verification: High impact (P2) with Low detection confidence",
        "conf_detail": {
          "agreement_ratio": 0.0,
          "terrain_penalty": 0.0,
          "time_penalty": 0.375,
          "margin_score": 0.596,
          "method_penalty": 0.15
        },
        "breakdown": {
          "severity": 0.0485,
          "people": 0.0605,
          "facilities": 0.0,
          "roads": 0.0
        },
        "score": 0.109,
        "rank": 147,
        "tier": "VERIFY"
      },
      "geometry": {
        "type": "Polygon",
        "coordinates": [
          [
            [
              91.0458064103177,
              26.349305835980235
            ],
            [
              91.04565468758419,
              26.35832997828209
            ],
            [
              91.0356377370884,
              26.358192911556593
            ],
            [
              91.03579023625728,
              26.34916882328574
            ],
            [
              91.0458064103177,
              26.349305835980235
            ]
          ]
        ]
      }
    },
    {
      "id": "301",
      "type": "Feature",
      "properties": {
        "zone_id": "Grid-9-22",
        "name": "Grid-9-22",
        "flood_km2": 0.1208,
        "flood_pct": 12.08,
        "zone_area_km2": 1.0,
        "population": 1213.4824,
        "people_affected": 146.5887,
        "facilities_hit": 0,
        "facilities_by_type": {},
        "road_cut_km": 0.0,
        "confidence": "Low",
        "confidence_score": 0.344,
        "reason": "Flagged for on-ground verification: High impact (P2) with Low detection confidence",
        "conf_detail": {
          "agreement_ratio": 0.0,
          "terrain_penalty": 0.0,
          "time_penalty": 0.375,
          "margin_score": 0.593,
          "method_penalty": 0.15
        },
        "breakdown": {
          "severity": 0.0514,
          "people": 0.0569,
          "facilities": 0.0,
          "roads": 0.0
        },
        "score": 0.1082,
        "rank": 148,
        "tier": "VERIFY"
      },
      "geometry": {
        "type": "Polygon",
        "coordinates": [
          [
            [
              91.17715367614376,
              26.278824344451184
            ],
            [
              91.17701258460087,
              26.287849260591855
            ],
            [
              91.16700093301276,
              26.287721696311337
            ],
            [
              91.16714279836063,
              26.27869683055551
            ],
            [
              91.17715367614376,
              26.278824344451184
            ]
          ]
        ]
      }
    },
    {
      "id": "374",
      "type": "Feature",
      "properties": {
        "zone_id": "Grid-12-2",
        "name": "Grid-12-2",
        "flood_km2": 0.1404,
        "flood_pct": 14.04,
        "zone_area_km2": 1.0,
        "population": 851.713,
        "people_affected": 119.5805,
        "facilities_hit": 0,
        "facilities_by_type": {},
        "road_cut_km": 0.0,
        "confidence": "Low",
        "confidence_score": 0.336,
        "reason": "Flagged for on-ground verification: High impact (P2) with Low detection confidence",
        "conf_detail": {
          "agreement_ratio": 0.0,
          "terrain_penalty": 0.0,
          "time_penalty": 0.375,
          "margin_score": 0.555,
          "method_penalty": 0.15
        },
        "breakdown": {
          "severity": 0.0597,
          "people": 0.0464,
          "facilities": 0.0,
          "roads": 0.0
        },
        "score": 0.1061,
        "rank": 149,
        "tier": "VERIFY"
      },
      "geometry": {
        "type": "Polygon",
        "coordinates": [
          [
            [
              90.97741854851311,
              26.249069909614615
            ],
            [
              90.97726220764447,
              26.25809380234644
            ],
            [
              90.96725428874899,
              26.257952452551024
            ],
            [
              90.9674114018516,
              26.248928615687475
            ],
            [
              90.97741854851311,
              26.249069909614615
            ]
          ]
        ]
      }
    },
    {
      "id": "134",
      "type": "Feature",
      "properties": {
        "zone_id": "Grid-4-10",
        "name": "Grid-4-10",
        "flood_km2": 0.1284,
        "flood_pct": 12.84,
        "zone_area_km2": 1.0,
        "population": 1015.2698,
        "people_affected": 130.3606,
        "facilities_hit": 0,
        "facilities_by_type": {},
        "road_cut_km": 0.0,
        "confidence": "Low",
        "confidence_score": 0.345,
        "reason": "Flagged for on-ground verification: High impact (P2) with Low detection confidence",
        "conf_detail": {
          "agreement_ratio": 0.0,
          "terrain_penalty": 0.0,
          "time_penalty": 0.375,
          "margin_score": 0.601,
          "method_penalty": 0.15
        },
        "breakdown": {
          "severity": 0.0546,
          "people": 0.0506,
          "facilities": 0.0,
          "roads": 0.0
        },
        "score": 0.1052,
        "rank": 150,
        "tier": "VERIFY"
      },
      "geometry": {
        "type": "Polygon",
        "coordinates": [
          [
            [
              91.05627506662869,
              26.322369487945842
            ],
            [
              91.05612433450335,
              26.331393720507776
            ],
            [
              91.04610964048712,
              26.331257514841063
            ],
            [
              91.04626114797125,
              26.32223333601006
            ],
            [
              91.05627506662869,
              26.322369487945842
            ]
          ]
        ]
      }
    },
    {
      "id": "193",
      "type": "Feature",
      "properties": {
        "zone_id": "Grid-6-7",
        "name": "Grid-6-7",
        "flood_km2": 0.13,
        "flood_pct": 13.0,
        "zone_area_km2": 1.0,
        "population": 986.9685,
        "people_affected": 128.3059,
        "facilities_hit": 0,
        "facilities_by_type": {},
        "road_cut_km": 0.0,
        "confidence": "Low",
        "confidence_score": 0.348,
        "reason": "Flagged for on-ground verification: High impact (P2) with Low detection confidence",
        "conf_detail": {
          "agreement_ratio": 0.0,
          "terrain_penalty": 0.0,
          "time_penalty": 0.375,
          "margin_score": 0.616,
          "method_penalty": 0.15
        },
        "breakdown": {
          "severity": 0.0553,
          "people": 0.0498,
          "facilities": 0.0,
          "roads": 0.0
        },
        "score": 0.1051,
        "rank": 151,
        "tier": "VERIFY"
      },
      "geometry": {
        "type": "Polygon",
        "coordinates": [
          [
            [
              91.02653942510617,
              26.303910758373267
            ],
            [
              91.02638651182235,
              26.31293485328518
            ],
            [
              91.01637358428934,
              26.312796659812864
            ],
            [
              91.01652727212627,
              26.30377261944225
            ],
            [
              91.02653942510617,
              26.303910758373267
            ]
          ]
        ]
      }
    },
    {
      "id": "850",
      "type": "Feature",
      "properties": {
        "zone_id": "Grid-27-13",
        "name": "Grid-27-13",
        "flood_km2": 0.112,
        "flood_pct": 11.2,
        "zone_area_km2": 1.0,
        "population": 1319.5105,
        "people_affected": 147.7852,
        "facilities_hit": 0,
        "facilities_by_type": {},
        "road_cut_km": 0.0,
        "confidence": "Low",
        "confidence_score": 0.331,
        "reason": "Flagged for on-ground verification: High impact (P2) with Low detection confidence",
        "conf_detail": {
          "agreement_ratio": 0.0,
          "terrain_penalty": 0.0,
          "time_penalty": 0.375,
          "margin_score": 0.529,
          "method_penalty": 0.15
        },
        "breakdown": {
          "severity": 0.0476,
          "people": 0.0573,
          "facilities": 0.0,
          "roads": 0.0
        },
        "score": 0.105,
        "rank": 152,
        "tier": "VERIFY"
      },
      "geometry": {
        "type": "Polygon",
        "coordinates": [
          [
            [
              91.08971124766956,
              26.115209389251593
            ],
            [
              91.08956445123283,
              26.124234059728728
            ],
            [
              91.07956728657457,
              26.12410116592982
            ],
            [
              91.07971485003807,
              26.115076548174393
            ],
            [
              91.08971124766956,
              26.115209389251593
            ]
          ]
        ]
      }
    },
    {
      "id": "280",
      "type": "Feature",
      "properties": {
        "zone_id": "Grid-9-1",
        "name": "Grid-9-1",
        "flood_km2": 0.1368,
        "flood_pct": 13.68,
        "zone_area_km2": 1.0,
        "population": 845.2344,
        "people_affected": 115.6281,
        "facilities_hit": 0,
        "facilities_by_type": {},
        "road_cut_km": 0.0,
        "confidence": "Low",
        "confidence_score": 0.339,
        "reason": "Flagged for on-ground verification: High impact (P2) with Low detection confidence",
        "conf_detail": {
          "agreement_ratio": 0.0,
          "terrain_penalty": 0.0,
          "time_penalty": 0.375,
          "margin_score": 0.569,
          "method_penalty": 0.15
        },
        "breakdown": {
          "severity": 0.0582,
          "people": 0.0448,
          "facilities": 0.0,
          "roads": 0.0
        },
        "score": 0.103,
        "rank": 153,
        "tier": "VERIFY"
      },
      "geometry": {
        "type": "Polygon",
        "coordinates": [
          [
            [
              90.96693983914032,
              26.276000089632998
            ],
            [
              90.96678250258437,
              26.285023889845007
            ],
            [
              90.9567723393268,
              26.28488167493808
            ],
            [
              90.95693044918916,
              26.275857930894887
            ],
            [
              90.96693983914032,
              26.276000089632998
            ]
          ]
        ]
      }
    },
    {
      "id": "218",
      "type": "Feature",
      "properties": {
        "zone_id": "Grid-7-1",
        "name": "Grid-7-1",
        "flood_km2": 0.1472,
        "flood_pct": 14.72,
        "zone_area_km2": 1.0,
        "population": 703.6044,
        "people_affected": 103.5706,
        "facilities_hit": 0,
        "facilities_by_type": {},
        "road_cut_km": 0.0,
        "confidence": "Low",
        "confidence_score": 0.336,
        "reason": "Flagged for on-ground verification: High impact (P2) with Low detection confidence",
        "conf_detail": {
          "agreement_ratio": 0.0,
          "terrain_penalty": 0.0,
          "time_penalty": 0.375,
          "margin_score": 0.557,
          "method_penalty": 0.15
        },
        "breakdown": {
          "severity": 0.0626,
          "people": 0.0402,
          "facilities": 0.0,
          "roads": 0.0
        },
        "score": 0.1028,
        "rank": 154,
        "tier": "VERIFY"
      },
      "geometry": {
        "type": "Polygon",
        "coordinates": [
          [
            [
              90.96662509149405,
              26.294047677833444
            ],
            [
              90.9664676058444,
              26.30307145359511
            ],
            [
              90.95645589487582,
              26.302929126325182
            ],
            [
              90.95661415456405,
              26.293905406749246
            ],
            [
              90.96662509149405,
              26.294047677833444
            ]
          ]
        ]
      }
    },
    {
      "id": "829",
      "type": "Feature",
      "properties": {
        "zone_id": "Grid-26-23",
        "name": "Grid-26-23",
        "flood_km2": 0.1044,
        "flood_pct": 10.44,
        "zone_area_km2": 1.0,
        "population": 1430.8577,
        "people_affected": 149.3815,
        "facilities_hit": 0,
        "facilities_by_type": {},
        "road_cut_km": 0.0,
        "confidence": "Low",
        "confidence_score": 0.355,
        "reason": "Flagged for on-ground verification: High impact (P2) with Low detection confidence",
        "conf_detail": {
          "agreement_ratio": 0.0,
          "terrain_penalty": 0.0,
          "time_penalty": 0.375,
          "margin_score": 0.649,
          "method_penalty": 0.15
        },
        "breakdown": {
          "severity": 0.0444,
          "people": 0.0579,
          "facilities": 0.0,
          "roads": 0.0
        },
        "score": 0.1023,
        "rank": 155,
        "tier": "VERIFY"
      },
      "geometry": {
        "type": "Polygon",
        "coordinates": [
          [
            [
              91.1895398723496,
              26.125524894175733
            ],
            [
              91.1894006813591,
              26.134550064767435
            ],
            [
              91.17940206826573,
              26.13442404917586
            ],
            [
              91.17954202687397,
              26.125398928565854
            ],
            [
              91.1895398723496,
              26.125524894175733
            ]
          ]
        ]
      }
    },
    {
      "id": "917",
      "type": "Feature",
      "properties": {
        "zone_id": "Grid-29-18",
        "name": "Grid-29-18",
        "flood_km2": 0.0744,
        "flood_pct": 16.1739,
        "zone_area_km2": 0.47237621329026297,
        "population": 486.4163,
        "people_affected": 78.6725,
        "facilities_hit": 0,
        "facilities_by_type": {},
        "road_cut_km": 0.0,
        "confidence": "Low",
        "confidence_score": 0.354,
        "reason": "Flagged for on-ground verification: High impact (P2) with Low detection confidence",
        "conf_detail": {
          "agreement_ratio": 0.0,
          "terrain_penalty": 0.0,
          "time_penalty": 0.375,
          "margin_score": 0.644,
          "method_penalty": 0.15
        },
        "breakdown": {
          "severity": 0.0688,
          "people": 0.0305,
          "facilities": 0.0,
          "roads": 0.0
        },
        "score": 0.0993,
        "rank": 156,
        "tier": "VERIFY"
      },
      "geometry": {
        "type": "Polygon",
        "coordinates": [
          [
            [
              91.13990464277494,
              26.102575093243296
            ],
            [
              91.13983716708134,
              26.10683826534793
            ],
            [
              91.1298411913825,
              26.106708938105115
            ],
            [
              91.12990902915709,
              26.102445790249806
            ],
            [
              91.13990464277494,
              26.102575093243296
            ]
          ]
        ]
      }
    },
    {
      "id": "178",
      "type": "Feature",
      "properties": {
        "zone_id": "Grid-5-23",
        "name": "Grid-5-23",
        "flood_km2": 0.0988,
        "flood_pct": 9.88,
        "zone_area_km2": 1.0,
        "population": 1494.0834,
        "people_affected": 147.6154,
        "facilities_hit": 0,
        "facilities_by_type": {},
        "road_cut_km": 0.0,
        "confidence": "Low",
        "confidence_score": 0.346,
        "reason": "Flagged for on-ground verification: High impact (P2) with Low detection confidence",
        "conf_detail": {
          "agreement_ratio": 0.0,
          "terrain_penalty": 0.0,
          "time_penalty": 0.375,
          "margin_score": 0.603,
          "method_penalty": 0.15
        },
        "breakdown": {
          "severity": 0.042,
          "people": 0.0572,
          "facilities": 0.0,
          "roads": 0.0
        },
        "score": 0.0993,
        "rank": 157,
        "tier": "VERIFY"
      },
      "geometry": {
        "type": "Polygon",
        "coordinates": [
          [
            [
              91.1866029509312,
              26.315050953468436
            ],
            [
              91.18646236717109,
              26.324075871507638
            ],
            [
              91.17644754976442,
              26.323948804567575
            ],
            [
              91.17658890881813,
              26.314923936667896
            ],
            [
              91.1866029509312,
              26.315050953468436
            ]
          ]
        ]
      }
    },
    {
      "id": "138",
      "type": "Feature",
      "properties": {
        "zone_id": "Grid-4-14",
        "name": "Grid-4-14",
        "flood_km2": 0.1088,
        "flood_pct": 10.88,
        "zone_area_km2": 1.0,
        "population": 1246.4015,
        "people_affected": 135.6085,
        "facilities_hit": 0,
        "facilities_by_type": {},
        "road_cut_km": 0.0,
        "confidence": "Low",
        "confidence_score": 0.334,
        "reason": "Flagged for on-ground verification: High impact (P2) with Low detection confidence",
        "conf_detail": {
          "agreement_ratio": 0.0,
          "terrain_penalty": 0.0,
          "time_penalty": 0.375,
          "margin_score": 0.546,
          "method_penalty": 0.15
        },
        "breakdown": {
          "severity": 0.0463,
          "people": 0.0526,
          "facilities": 0.0,
          "roads": 0.0
        },
        "score": 0.0989,
        "rank": 158,
        "tier": "VERIFY"
      },
      "geometry": {
        "type": "Polygon",
        "coordinates": [
          [
            [
              91.09633145094134,
              26.322907108161512
            ],
            [
              91.09618382048933,
              26.331931552890826
            ],
            [
              91.08616884323833,
              26.33179814337553
            ],
            [
              91.08631724914414,
              26.322773751274585
            ],
            [
              91.09633145094134,
              26.322907108161512
            ]
          ]
        ]
      }
    },
    {
      "id": "323",
      "type": "Feature",
      "properties": {
        "zone_id": "Grid-10-13",
        "name": "Grid-10-13",
        "flood_km2": 0.1148,
        "flood_pct": 11.48,
        "zone_area_km2": 1.0,
        "population": 1118.7622,
        "people_affected": 128.4339,
        "facilities_hit": 0,
        "facilities_by_type": {},
        "road_cut_km": 0.0,
        "confidence": "Low",
        "confidence_score": 0.342,
        "reason": "Flagged for on-ground verification: High impact (P2) with Low detection confidence",
        "conf_detail": {
          "agreement_ratio": 0.0,
          "terrain_penalty": 0.0,
          "time_penalty": 0.375,
          "margin_score": 0.585,
          "method_penalty": 0.15
        },
        "breakdown": {
          "severity": 0.0488,
          "people": 0.0498,
          "facilities": 0.0,
          "roads": 0.0
        },
        "score": 0.0986,
        "rank": 159,
        "tier": "VERIFY"
      },
      "geometry": {
        "type": "Polygon",
        "coordinates": [
          [
            [
              91.08720621047043,
              26.26862714388257
            ],
            [
              91.08705822562085,
              26.277651608763914
            ],
            [
              91.07704796571154,
              26.277517817487016
            ],
            [
              91.07719672379294,
              26.26849340546191
            ],
            [
              91.08720621047043,
              26.26862714388257
            ]
          ]
        ]
      }
    },
    {
      "id": "124",
      "type": "Feature",
      "properties": {
        "zone_id": "Grid-4-0",
        "name": "Grid-4-0",
        "flood_km2": 0.1316,
        "flood_pct": 13.16,
        "zone_area_km2": 1.0,
        "population": 831.394,
        "people_affected": 109.4115,
        "facilities_hit": 0,
        "facilities_by_type": {},
        "road_cut_km": 0.0,
        "confidence": "Low",
        "confidence_score": 0.344,
        "reason": "Flagged for on-ground verification: High impact (P2) with Low detection confidence",
        "conf_detail": {
          "agreement_ratio": 0.0,
          "terrain_penalty": 0.0,
          "time_penalty": 0.375,
          "margin_score": 0.593,
          "method_penalty": 0.15
        },
        "breakdown": {
          "severity": 0.056,
          "people": 0.0424,
          "facilities": 0.0,
          "roads": 0.0
        },
        "score": 0.0984,
        "rank": 160,
        "tier": "VERIFY"
      },
      "geometry": {
        "type": "Polygon",
        "coordinates": [
          [
            [
              90.95613915062236,
              26.320976528758546
            ],
            [
              90.95598066600685,
              26.330000211609583
            ],
            [
              90.94596670575045,
              26.32985701691815
            ],
            [
              90.94612596547856,
              26.320833390553773
            ],
            [
              90.95613915062236,
              26.320976528758546
            ]
          ]
        ]
      }
    },
    {
      "id": "201",
      "type": "Feature",
      "properties": {
        "zone_id": "Grid-6-15",
        "name": "Grid-6-15",
        "flood_km2": 0.1072,
        "flood_pct": 10.72,
        "zone_area_km2": 1.0,
        "population": 1266.9287,
        "people_affected": 135.8148,
        "facilities_hit": 0,
        "facilities_by_type": {},
        "road_cut_km": 0.0,
        "confidence": "Low",
        "confidence_score": 0.35,
        "reason": "Flagged for on-ground verification: High impact (P2) with Low detection confidence",
        "conf_detail": {
          "agreement_ratio": 0.0,
          "terrain_penalty": 0.0,
          "time_penalty": 0.375,
          "margin_score": 0.624,
          "method_penalty": 0.15
        },
        "breakdown": {
          "severity": 0.0456,
          "people": 0.0527,
          "facilities": 0.0,
          "roads": 0.0
        },
        "score": 0.0983,
        "rank": 161,
        "tier": "VERIFY"
      },
      "geometry": {
        "type": "Polygon",
        "coordinates": [
          [
            [
              91.10663922407521,
              26.304990735711918
            ],
            [
              91.10649250808,
              26.314015257034992
            ],
            [
              91.09647901152518,
              26.313882651302208
            ],
            [
              91.09662650226429,
              26.304858182316067
            ],
            [
              91.10663922407521,
              26.304990735711918
            ]
          ]
        ]
      }
    },
    {
      "id": "62",
      "type": "Feature",
      "properties": {
        "zone_id": "Grid-2-0",
        "name": "Grid-2-0",
        "flood_km2": 0.1032,
        "flood_pct": 10.32,
        "zone_area_km2": 1.0,
        "population": 1345.3354,
        "people_affected": 138.8386,
        "facilities_hit": 0,
        "facilities_by_type": {},
        "road_cut_km": 0.0,
        "confidence": "Low",
        "confidence_score": 0.357,
        "reason": "Flagged for on-ground verification: High impact (P2) with Low detection confidence",
        "conf_detail": {
          "agreement_ratio": 0.0,
          "terrain_penalty": 0.0,
          "time_penalty": 0.375,
          "margin_score": 0.661,
          "method_penalty": 0.15
        },
        "breakdown": {
          "severity": 0.0439,
          "people": 0.0538,
          "facilities": 0.0,
          "roads": 0.0
        },
        "score": 0.0977,
        "rank": 162,
        "tier": "VERIFY"
      },
      "geometry": {
        "type": "Polygon",
        "coordinates": [
          [
            [
              90.95582210636526,
              26.33902388221259
            ],
            [
              90.95566347167242,
              26.34804754056437
            ],
            [
              90.9456479600908,
              26.347904232874054
            ],
            [
              90.94580737062962,
              26.338880631025976
            ],
            [
              90.95582210636526,
              26.33902388221259
            ]
          ]
        ]
      }
    },
    {
      "id": "291",
      "type": "Feature",
      "properties": {
        "zone_id": "Grid-9-12",
        "name": "Grid-9-12",
        "flood_km2": 0.1208,
        "flood_pct": 12.08,
        "zone_area_km2": 1.0,
        "population": 985.2384,
        "people_affected": 119.0168,
        "facilities_hit": 0,
        "facilities_by_type": {},
        "road_cut_km": 0.0,
        "confidence": "Low",
        "confidence_score": 0.346,
        "reason": "Flagged for on-ground verification: High impact (P2) with Low detection confidence",
        "conf_detail": {
          "agreement_ratio": 0.0,
          "terrain_penalty": 0.0,
          "time_penalty": 0.375,
          "margin_score": 0.606,
          "method_penalty": 0.15
        },
        "breakdown": {
          "severity": 0.0514,
          "people": 0.0462,
          "facilities": 0.0,
          "roads": 0.0
        },
        "score": 0.0975,
        "rank": 163,
        "tier": "VERIFY"
      },
      "geometry": {
        "type": "Polygon",
        "coordinates": [
          [
            [
              91.07704796571154,
              26.277517817487016
            ],
            [
              91.07689913714682,
              26.286542217381946
            ],
            [
              91.06688817414657,
              26.28640767557128
            ],
            [
              91.06703777628559,
              26.27738332881598
            ],
            [
              91.07704796571154,
              26.277517817487016
            ]
          ]
        ]
      }
    },
    {
      "id": "710",
      "type": "Feature",
      "properties": {
        "zone_id": "Grid-22-28",
        "name": "Grid-22-28",
        "flood_km2": 0.1856,
        "flood_pct": 18.56,
        "zone_area_km2": 1.0,
        "population": 251.7947,
        "people_affected": 46.7331,
        "facilities_hit": 0,
        "facilities_by_type": {},
        "road_cut_km": 0.0,
        "confidence": "Low",
        "confidence_score": 0.369,
        "reason": "Flagged for on-ground verification: High impact (P2) with Low detection confidence",
        "conf_detail": {
          "agreement_ratio": 0.0,
          "terrain_penalty": 0.0,
          "time_penalty": 0.375,
          "margin_score": 0.722,
          "method_penalty": 0.15
        },
        "breakdown": {
          "severity": 0.079,
          "people": 0.0181,
          "facilities": 0.0,
          "roads": 0.0
        },
        "score": 0.0971,
        "rank": 164,
        "tier": "VERIFY"
      },
      "geometry": {
        "type": "Polygon",
        "coordinates": [
          [
            [
              91.23898828757213,
              26.162245921856687
            ],
            [
              91.23885267775248,
              26.17127129038174
            ],
            [
              91.2288506632456,
              26.171148546425144
            ],
            [
              91.22898704225014,
              26.162123226536615
            ],
            [
              91.23898828757213,
              26.162245921856687
            ]
          ]
        ]
      }
    },
    {
      "id": "347",
      "type": "Feature",
      "properties": {
        "zone_id": "Grid-11-6",
        "name": "Grid-11-6",
        "flood_km2": 0.134,
        "flood_pct": 13.4,
        "zone_area_km2": 1.0,
        "population": 753.9406,
        "people_affected": 101.028,
        "facilities_hit": 0,
        "facilities_by_type": {},
        "road_cut_km": 0.0,
        "confidence": "Low",
        "confidence_score": 0.351,
        "reason": "Flagged for on-ground verification: High impact (P2) with Low detection confidence",
        "conf_detail": {
          "agreement_ratio": 0.0,
          "terrain_penalty": 0.0,
          "time_penalty": 0.375,
          "margin_score": 0.63,
          "method_penalty": 0.15
        },
        "breakdown": {
          "severity": 0.057,
          "people": 0.0392,
          "facilities": 0.0,
          "roads": 0.0
        },
        "score": 0.0962,
        "rank": 165,
        "tier": "VERIFY"
      },
      "geometry": {
        "type": "Polygon",
        "coordinates": [
          [
            [
              91.0172946205076,
              26.258652234828542
            ],
            [
              91.01714129619057,
              26.267676336108785
            ],
            [
              91.00713231041587,
              26.26753771825693
            ],
            [
              91.00728640743105,
              26.258513671752258
            ],
            [
              91.0172946205076,
              26.258652234828542
            ]
          ]
        ]
      }
    },
    {
      "id": "346",
      "type": "Feature",
      "properties": {
        "zone_id": "Grid-11-5",
        "name": "Grid-11-5",
        "flood_km2": 0.1312,
        "flood_pct": 13.12,
        "zone_area_km2": 1.0,
        "population": 781.707,
        "people_affected": 102.56,
        "facilities_hit": 0,
        "facilities_by_type": {},
        "road_cut_km": 0.0,
        "confidence": "Low",
        "confidence_score": 0.348,
        "reason": "Flagged for on-ground verification: High impact (P2) with Low detection confidence",
        "conf_detail": {
          "agreement_ratio": 0.0,
          "terrain_penalty": 0.0,
          "time_penalty": 0.375,
          "margin_score": 0.615,
          "method_penalty": 0.15
        },
        "breakdown": {
          "severity": 0.0558,
          "people": 0.0398,
          "facilities": 0.0,
          "roads": 0.0
        },
        "score": 0.0956,
        "rank": 166,
        "tier": "VERIFY"
      },
      "geometry": {
        "type": "Polygon",
        "coordinates": [
          [
            [
              91.00728640743105,
              26.258513671752258
            ],
            [
              91.00713231041587,
              26.26753771825693
            ],
            [
              90.99712339766232,
              26.267398403420565
            ],
            [
              90.9972782673512,
              26.25837441196676
            ],
            [
              91.00728640743105,
              26.258513671752258
            ]
          ]
        ]
      }
    },
    {
      "id": "436",
      "type": "Feature",
      "properties": {
        "zone_id": "Grid-14-2",
        "name": "Grid-14-2",
        "flood_km2": 0.1312,
        "flood_pct": 13.12,
        "zone_area_km2": 1.0,
        "population": 780.9003,
        "people_affected": 102.4541,
        "facilities_hit": 0,
        "facilities_by_type": {},
        "road_cut_km": 0.0,
        "confidence": "Low",
        "confidence_score": 0.341,
        "reason": "Flagged for on-ground verification: High impact (P2) with Low detection confidence",
        "conf_detail": {
          "agreement_ratio": 0.0,
          "terrain_penalty": 0.0,
          "time_penalty": 0.375,
          "margin_score": 0.581,
          "method_penalty": 0.15
        },
        "breakdown": {
          "severity": 0.0558,
          "people": 0.0397,
          "facilities": 0.0,
          "roads": 0.0
        },
        "score": 0.0955,
        "rank": 167,
        "tier": "VERIFY"
      },
      "geometry": {
        "type": "Polygon",
        "coordinates": [
          [
            [
              90.97773100806808,
              26.231022087546982
            ],
            [
              90.97757481531272,
              26.240046004680394
            ],
            [
              90.96756844051961,
              26.239904766613133
            ],
            [
              90.96772540477792,
              26.230880905331215
            ],
            [
              90.97773100806808,
              26.231022087546982
            ]
          ]
        ]
      }
    },
    {
      "id": "674",
      "type": "Feature",
      "properties": {
        "zone_id": "Grid-21-23",
        "name": "Grid-21-23",
        "flood_km2": 0.1748,
        "flood_pct": 17.48,
        "zone_area_km2": 1.0,
        "population": 308.6979,
        "people_affected": 53.9604,
        "facilities_hit": 0,
        "facilities_by_type": {},
        "road_cut_km": 0.0,
        "confidence": "Low",
        "confidence_score": 0.362,
        "reason": "Flagged for on-ground verification: High impact (P2) with Low detection confidence",
        "conf_detail": {
          "agreement_ratio": 0.0,
          "terrain_penalty": 0.0,
          "time_penalty": 0.375,
          "margin_score": 0.687,
          "method_penalty": 0.15
        },
        "breakdown": {
          "severity": 0.0744,
          "people": 0.0209,
          "facilities": 0.0,
          "roads": 0.0
        },
        "score": 0.0953,
        "rank": 168,
        "tier": "VERIFY"
      },
      "geometry": {
        "type": "Polygon",
        "coordinates": [
          [
            [
              91.18884325616638,
              26.170650627150962
            ],
            [
              91.18870373445019,
              26.179675737735447
            ],
            [
              91.1787012778011,
              26.17954947212319
            ],
            [
              91.17884156895776,
              26.170524411557814
            ],
            [
              91.18884325616638,
              26.170650627150962
            ]
          ]
        ]
      }
    },
    {
      "id": "810",
      "type": "Feature",
      "properties": {
        "zone_id": "Grid-26-4",
        "name": "Grid-26-4",
        "flood_km2": 0.1544,
        "flood_pct": 15.44,
        "zone_area_km2": 1.0,
        "population": 486.9742,
        "people_affected": 75.1888,
        "facilities_hit": 0,
        "facilities_by_type": {},
        "road_cut_km": 0.0,
        "confidence": "Low",
        "confidence_score": 0.33,
        "reason": "Flagged for on-ground verification: High impact (P2) with Low detection confidence",
        "conf_detail": {
          "agreement_ratio": 0.0,
          "terrain_penalty": 0.0,
          "time_penalty": 0.375,
          "margin_score": 0.526,
          "method_penalty": 0.15
        },
        "breakdown": {
          "severity": 0.0657,
          "people": 0.0292,
          "facilities": 0.0,
          "roads": 0.0
        },
        "score": 0.0948,
        "rank": 169,
        "tier": "VERIFY"
      },
      "geometry": {
        "type": "Polygon",
        "coordinates": [
          [
            [
              90.99959252291315,
              26.12301307927659
            ],
            [
              90.99943875109004,
              26.132037253229036
            ],
            [
              90.98944146311614,
              26.13189807044884
            ],
            [
              90.98959600211548,
              26.122873951698285
            ],
            [
              90.99959252291315,
              26.12301307927659
            ]
          ]
        ]
      }
    },
    {
      "id": "145",
      "type": "Feature",
      "properties": {
        "zone_id": "Grid-4-21",
        "name": "Grid-4-21",
        "flood_km2": 0.1224,
        "flood_pct": 12.24,
        "zone_area_km2": 1.0,
        "population": 893.7118,
        "people_affected": 109.3903,
        "facilities_hit": 0,
        "facilities_by_type": {},
        "road_cut_km": 0.0,
        "confidence": "Low",
        "confidence_score": 0.345,
        "reason": "Flagged for on-ground verification: High impact (P2) with Low detection confidence",
        "conf_detail": {
          "agreement_ratio": 0.0,
          "terrain_penalty": 0.0,
          "time_penalty": 0.375,
          "margin_score": 0.602,
          "method_penalty": 0.15
        },
        "breakdown": {
          "severity": 0.0521,
          "people": 0.0424,
          "facilities": 0.0,
          "roads": 0.0
        },
        "score": 0.0945,
        "rank": 170,
        "tier": "VERIFY"
      },
      "geometry": {
        "type": "Polygon",
        "coordinates": [
          [
            [
              91.16643279929157,
              26.323821038671777
            ],
            [
              91.16629059766608,
              26.332845844080644
            ],
            [
              91.15627513887847,
              26.332717328548526
            ],
            [
              91.15641811611937,
              26.323692573838205
            ],
            [
              91.16643279929157,
              26.323821038671777
            ]
          ]
        ]
      }
    },
    {
      "id": "584",
      "type": "Feature",
      "properties": {
        "zone_id": "Grid-18-26",
        "name": "Grid-18-26",
        "flood_km2": 0.2144,
        "flood_pct": 21.44,
        "zone_area_km2": 1.0,
        "population": 38.5524,
        "people_affected": 8.2656,
        "facilities_hit": 0,
        "facilities_by_type": {},
        "road_cut_km": 0.0,
        "confidence": "Low",
        "confidence_score": 0.357,
        "reason": "Flagged for on-ground verification: High impact (P2) with Low detection confidence",
        "conf_detail": {
          "agreement_ratio": 0.0,
          "terrain_penalty": 0.0,
          "time_penalty": 0.375,
          "margin_score": 0.66,
          "method_penalty": 0.15
        },
        "breakdown": {
          "severity": 0.0912,
          "people": 0.0032,
          "facilities": 0.0,
          "roads": 0.0
        },
        "score": 0.0944,
        "rank": 171,
        "tier": "VERIFY"
      },
      "geometry": {
        "type": "Polygon",
        "coordinates": [
          [
            [
              91.21843687830918,
              26.1981008491122
            ],
            [
              91.2182994696315,
              26.20712607212879
            ],
            [
              91.20829450473367,
              26.20700174264515
            ],
            [
              91.20843268401296,
              26.19797656884465
            ],
            [
              91.21843687830918,
              26.1981008491122
            ]
          ]
        ]
      }
    },
    {
      "id": "763",
      "type": "Feature",
      "properties": {
        "zone_id": "Grid-24-19",
        "name": "Grid-24-19",
        "flood_km2": 0.1244,
        "flood_pct": 12.44,
        "zone_area_km2": 1.0,
        "population": 857.0403,
        "people_affected": 106.6158,
        "facilities_hit": 0,
        "facilities_by_type": {},
        "road_cut_km": 0.0,
        "confidence": "Low",
        "confidence_score": 0.364,
        "reason": "Flagged for on-ground verification: High impact (P2) with Low detection confidence",
        "conf_detail": {
          "agreement_ratio": 0.0,
          "terrain_penalty": 0.0,
          "time_penalty": 0.375,
          "margin_score": 0.697,
          "method_penalty": 0.15
        },
        "breakdown": {
          "severity": 0.0529,
          "people": 0.0413,
          "facilities": 0.0,
          "roads": 0.0
        },
        "score": 0.0943,
        "rank": 172,
        "tier": "VERIFY"
      },
      "geometry": {
        "type": "Polygon",
        "coordinates": [
          [
            [
              91.14926430034838,
              26.14306680041392
            ],
            [
              91.14912190388142,
              26.15209174537606
            ],
            [
              91.13912202268527,
              26.15196285500733
            ],
            [
              91.13926518740926,
              26.14293796114144
            ],
            [
              91.14926430034838,
              26.14306680041392
            ]
          ]
        ]
      }
    },
    {
      "id": "162",
      "type": "Feature",
      "properties": {
        "zone_id": "Grid-5-7",
        "name": "Grid-5-7",
        "flood_km2": 0.08,
        "flood_pct": 8.0,
        "zone_area_km2": 1.0,
        "population": 1912.7495,
        "people_affected": 153.02,
        "facilities_hit": 0,
        "facilities_by_type": {},
        "road_cut_km": 0.0,
        "confidence": "Low",
        "confidence_score": 0.345,
        "reason": "Flagged for on-ground verification: High impact (P2) with Low detection confidence",
        "conf_detail": {
          "agreement_ratio": 0.0,
          "terrain_penalty": 0.0,
          "time_penalty": 0.375,
          "margin_score": 0.602,
          "method_penalty": 0.15
        },
        "breakdown": {
          "severity": 0.034,
          "people": 0.0593,
          "facilities": 0.0,
          "roads": 0.0
        },
        "score": 0.0934,
        "rank": 173,
        "tier": "VERIFY"
      },
      "geometry": {
        "type": "Polygon",
        "coordinates": [
          [
            [
              91.02638651182235,
              26.31293485328518
            ],
            [
              91.02623352612791,
              26.321958936013868
            ],
            [
              91.01621982367529,
              26.321820687992023
            ],
            [
              91.01637358428934,
              26.312796659812864
            ],
            [
              91.02638651182235,
              26.31293485328518
            ]
          ]
        ]
      }
    },
    {
      "id": "403",
      "type": "Feature",
      "properties": {
        "zone_id": "Grid-13-0",
        "name": "Grid-13-0",
        "flood_km2": 0.1236,
        "flood_pct": 12.36,
        "zone_area_km2": 1.0,
        "population": 826.1133,
        "people_affected": 102.1076,
        "facilities_hit": 0,
        "facilities_by_type": {},
        "road_cut_km": 0.0,
        "confidence": "Low",
        "confidence_score": 0.338,
        "reason": "Flagged for on-ground verification: High impact (P2) with Low detection confidence",
        "conf_detail": {
          "agreement_ratio": 0.0,
          "terrain_penalty": 0.0,
          "time_penalty": 0.375,
          "margin_score": 0.567,
          "method_penalty": 0.15
        },
        "breakdown": {
          "severity": 0.0526,
          "people": 0.0396,
          "facilities": 0.0,
          "roads": 0.0
        },
        "score": 0.0922,
        "rank": 174,
        "tier": "VERIFY"
      },
      "geometry": {
        "type": "Polygon",
        "coordinates": [
          [
            [
              90.95756214013619,
              26.239762832465843
            ],
            [
              90.95740432962468,
              26.248786625405135
            ],
            [
              90.94739733219788,
              26.248643938787534
            ],
            [
              90.94755591452787,
              26.23962020225845
            ],
            [
              90.95756214013619,
              26.239762832465843
            ]
          ]
        ]
      }
    },
    {
      "id": "780",
      "type": "Feature",
      "properties": {
        "zone_id": "Grid-25-5",
        "name": "Grid-25-5",
        "flood_km2": 0.1528,
        "flood_pct": 15.28,
        "zone_area_km2": 1.0,
        "population": 455.7981,
        "people_affected": 69.6459,
        "facilities_hit": 0,
        "facilities_by_type": {},
        "road_cut_km": 0.0,
        "confidence": "Low",
        "confidence_score": 0.33,
        "reason": "Flagged for on-ground verification: High impact (P2) with Low detection confidence",
        "conf_detail": {
          "agreement_ratio": 0.0,
          "terrain_penalty": 0.0,
          "time_penalty": 0.375,
          "margin_score": 0.525,
          "method_penalty": 0.15
        },
        "breakdown": {
          "severity": 0.065,
          "people": 0.027,
          "facilities": 0.0,
          "roads": 0.0
        },
        "score": 0.092,
        "rank": 175,
        "tier": "VERIFY"
      },
      "geometry": {
        "type": "Polygon",
        "coordinates": [
          [
            [
              91.0094361120841,
              26.132175743169157
            ],
            [
              91.00928303480542,
              26.14119995991284
            ],
            [
              90.99928490624677,
              26.141061415037274
            ],
            [
              90.99943875109004,
              26.132037253229036
            ],
            [
              91.0094361120841,
              26.132175743169157
            ]
          ]
        ]
      }
    },
    {
      "id": "712",
      "type": "Feature",
      "properties": {
        "zone_id": "Grid-22-30",
        "name": "Grid-22-30",
        "flood_km2": 0.0728,
        "flood_pct": 17.3333,
        "zone_area_km2": 0.41200812744302673,
        "population": 269.3911,
        "people_affected": 46.6945,
        "facilities_hit": 0,
        "facilities_by_type": {},
        "road_cut_km": 0.0,
        "confidence": "Low",
        "confidence_score": 0.379,
        "reason": "Flagged for on-ground verification: High impact (P2) with Low detection confidence",
        "conf_detail": {
          "agreement_ratio": 0.0,
          "terrain_penalty": 0.0,
          "time_penalty": 0.375,
          "margin_score": 0.772,
          "method_penalty": 0.15
        },
        "breakdown": {
          "severity": 0.0737,
          "people": 0.0181,
          "facilities": 0.0,
          "roads": 0.0
        },
        "score": 0.0918,
        "rank": 176,
        "tier": "VERIFY"
      },
      "geometry": {
        "type": "Polygon",
        "coordinates": [
          [
            [
              91.25311023673605,
              26.162417986660206
            ],
            [
              91.25297571304829,
              26.171443423392056
            ],
            [
              91.2488547566245,
              26.17139333995896
            ],
            [
              91.24898959723777,
              26.16236792307243
            ],
            [
              91.25311023673605,
              26.162417986660206
            ]
          ]
        ]
      }
    },
    {
      "id": "327",
      "type": "Feature",
      "properties": {
        "zone_id": "Grid-10-17",
        "name": "Grid-10-17",
        "flood_km2": 0.1192,
        "flood_pct": 11.92,
        "zone_area_km2": 1.0,
        "population": 877.0147,
        "people_affected": 104.5402,
        "facilities_hit": 0,
        "facilities_by_type": {},
        "road_cut_km": 0.0,
        "confidence": "Low",
        "confidence_score": 0.342,
        "reason": "Flagged for on-ground verification: High impact (P2) with Low detection confidence",
        "conf_detail": {
          "agreement_ratio": 0.0,
          "terrain_penalty": 0.0,
          "time_penalty": 0.375,
          "margin_score": 0.583,
          "method_penalty": 0.15
        },
        "breakdown": {
          "severity": 0.0507,
          "people": 0.0405,
          "facilities": 0.0,
          "roads": 0.0
        },
        "score": 0.0913,
        "rank": 177,
        "tier": "VERIFY"
      },
      "geometry": {
        "type": "Polygon",
        "coordinates": [
          [
            [
              91.12724485445801,
              26.269155126003614
            ],
            [
              91.12709996276931,
              26.27817979955577
            ],
            [
              91.11708942458776,
              26.27804879804237
            ],
            [
              91.11723508960148,
              26.269024176244777
            ],
            [
              91.12724485445801,
              26.269155126003614
            ]
          ]
        ]
      }
    },
    {
      "id": "910",
      "type": "Feature",
      "properties": {
        "zone_id": "Grid-29-11",
        "name": "Grid-29-11",
        "flood_km2": 0.0692,
        "flood_pct": 15.0435,
        "zone_area_km2": 0.47237621329026297,
        "population": 454.3095,
        "people_affected": 68.344,
        "facilities_hit": 0,
        "facilities_by_type": {},
        "road_cut_km": 0.0,
        "confidence": "Low",
        "confidence_score": 0.345,
        "reason": "Flagged for on-ground verification: High impact (P2) with Low detection confidence",
        "conf_detail": {
          "agreement_ratio": 0.0,
          "terrain_penalty": 0.0,
          "time_penalty": 0.375,
          "margin_score": 0.599,
          "method_penalty": 0.15
        },
        "breakdown": {
          "severity": 0.064,
          "people": 0.0265,
          "facilities": 0.0,
          "roads": 0.0
        },
        "score": 0.0905,
        "rank": 178,
        "tier": "VERIFY"
      },
      "geometry": {
        "type": "Polygon",
        "coordinates": [
          [
            [
              91.06993679254298,
              26.101655438178785
            ],
            [
              91.06986678250965,
              26.10591843781359
            ],
            [
              91.05987129197977,
              26.105784265131653
            ],
            [
              91.05994166401781,
              26.10152129065432
            ],
            [
              91.06993679254298,
              26.101655438178785
            ]
          ]
        ]
      }
    },
    {
      "id": "210",
      "type": "Feature",
      "properties": {
        "zone_id": "Grid-6-24",
        "name": "Grid-6-24",
        "flood_km2": 0.0992,
        "flood_pct": 9.92,
        "zone_area_km2": 1.0,
        "population": 1230.1375,
        "people_affected": 122.0296,
        "facilities_hit": 0,
        "facilities_by_type": {},
        "road_cut_km": 0.0,
        "confidence": "Low",
        "confidence_score": 0.339,
        "reason": "Flagged for on-ground verification: High impact (P2) with Low detection confidence",
        "conf_detail": {
          "agreement_ratio": 0.0,
          "terrain_penalty": 0.0,
          "time_penalty": 0.375,
          "margin_score": 0.572,
          "method_penalty": 0.15
        },
        "breakdown": {
          "severity": 0.0422,
          "people": 0.0473,
          "facilities": 0.0,
          "roads": 0.0
        },
        "score": 0.0895,
        "rank": 179,
        "tier": "VERIFY"
      },
      "geometry": {
        "type": "Polygon",
        "coordinates": [
          [
            [
              91.19675680185517,
              26.306152291618236
            ],
            [
              91.19661705958886,
              26.315177271571077
            ],
            [
              91.1866029509312,
              26.315050953468436
            ],
            [
              91.18674346814669,
              26.306026023371892
            ],
            [
              91.19675680185517,
              26.306152291618236
            ]
          ]
        ]
      }
    },
    {
      "id": "117",
      "type": "Feature",
      "properties": {
        "zone_id": "Grid-3-24",
        "name": "Grid-3-24",
        "flood_km2": 0.1408,
        "flood_pct": 14.08,
        "zone_area_km2": 1.0,
        "population": 540.1704,
        "people_affected": 76.056,
        "facilities_hit": 0,
        "facilities_by_type": {},
        "road_cut_km": 0.0,
        "confidence": "Low",
        "confidence_score": 0.349,
        "reason": "Flagged for on-ground verification: High impact (P2) with Low detection confidence",
        "conf_detail": {
          "agreement_ratio": 0.0,
          "terrain_penalty": 0.0,
          "time_penalty": 0.375,
          "margin_score": 0.618,
          "method_penalty": 0.15
        },
        "breakdown": {
          "severity": 0.0599,
          "people": 0.0295,
          "facilities": 0.0,
          "roads": 0.0
        },
        "score": 0.0894,
        "rank": 180,
        "tier": "VERIFY"
      },
      "geometry": {
        "type": "Polygon",
        "coordinates": [
          [
            [
              91.19633737650045,
              26.333227195324202
            ],
            [
              91.1961974356339,
              26.342252139118287
            ],
            [
              91.18618099992769,
              26.34212567140163
            ],
            [
              91.18632171684403,
              26.333100777486393
            ],
            [
              91.19633737650045,
              26.333227195324202
            ]
          ]
        ]
      }
    },
    {
      "id": "345",
      "type": "Feature",
      "properties": {
        "zone_id": "Grid-11-4",
        "name": "Grid-11-4",
        "flood_km2": 0.1232,
        "flood_pct": 12.32,
        "zone_area_km2": 1.0,
        "population": 772.0367,
        "people_affected": 95.1149,
        "facilities_hit": 0,
        "facilities_by_type": {},
        "road_cut_km": 0.0,
        "confidence": "Low",
        "confidence_score": 0.34,
        "reason": "Flagged for on-ground verification: High impact (P2) with Low detection confidence",
        "conf_detail": {
          "agreement_ratio": 0.0,
          "terrain_penalty": 0.0,
          "time_penalty": 0.375,
          "margin_score": 0.575,
          "method_penalty": 0.15
        },
        "breakdown": {
          "severity": 0.0524,
          "people": 0.0369,
          "facilities": 0.0,
          "roads": 0.0
        },
        "score": 0.0893,
        "rank": 181,
        "tier": "VERIFY"
      },
      "geometry": {
        "type": "Polygon",
        "coordinates": [
          [
            [
              90.9972782673512,
              26.25837441196676
            ],
            [
              90.99712339766232,
              26.267398403420565
            ],
            [
              90.98711455829574,
              26.26725839161926
            ],
            [
              90.98727020063377,
              26.258234455491607
            ],
            [
              90.9972782673512,
              26.25837441196676
            ]
          ]
        ]
      }
    },
    {
      "id": "704",
      "type": "Feature",
      "properties": {
        "zone_id": "Grid-22-22",
        "name": "Grid-22-22",
        "flood_km2": 0.1008,
        "flood_pct": 10.08,
        "zone_area_km2": 1.0,
        "population": 1186.4663,
        "people_affected": 119.5958,
        "facilities_hit": 0,
        "facilities_by_type": {},
        "road_cut_km": 0.0,
        "confidence": "Low",
        "confidence_score": 0.386,
        "reason": "Flagged for on-ground verification: High impact (P2) with Low detection confidence",
        "conf_detail": {
          "agreement_ratio": 0.0,
          "terrain_penalty": 0.0,
          "time_penalty": 0.375,
          "margin_score": 0.805,
          "method_penalty": 0.15
        },
        "breakdown": {
          "severity": 0.0429,
          "people": 0.0464,
          "facilities": 0.0,
          "roads": 0.0
        },
        "score": 0.0893,
        "rank": 182,
        "tier": "VERIFY"
      },
      "geometry": {
        "type": "Polygon",
        "coordinates": [
          [
            [
              91.17898179356034,
              26.16149933897728
            ],
            [
              91.17884156895776,
              26.170524411557814
            ],
            [
              91.16883994830322,
              26.170397501690104
            ],
            [
              91.16898094195928,
              26.16137247939618
            ],
            [
              91.17898179356034,
              26.16149933897728
            ]
          ]
        ]
      }
    },
    {
      "id": "297",
      "type": "Feature",
      "properties": {
        "zone_id": "Grid-9-18",
        "name": "Grid-9-18",
        "flood_km2": 0.116,
        "flood_pct": 11.6,
        "zone_area_km2": 1.0,
        "population": 831.2216,
        "people_affected": 96.4217,
        "facilities_hit": 0,
        "facilities_by_type": {},
        "road_cut_km": 0.0,
        "confidence": "Low",
        "confidence_score": 0.339,
        "reason": "Flagged for on-ground verification: High impact (P2) with Low detection confidence",
        "conf_detail": {
          "agreement_ratio": 0.0,
          "terrain_penalty": 0.0,
          "time_penalty": 0.375,
          "margin_score": 0.569,
          "method_penalty": 0.15
        },
        "breakdown": {
          "severity": 0.0493,
          "people": 0.0374,
          "facilities": 0.0,
          "roads": 0.0
        },
        "score": 0.0867,
        "rank": 183,
        "tier": "VERIFY"
      },
      "geometry": {
        "type": "Polygon",
        "coordinates": [
          [
            [
              91.13711056960355,
              26.278310103582044
            ],
            [
              91.13696638297633,
              26.28733481653025
            ],
            [
              91.1269550024279,
              26.287204461017115
            ],
            [
              91.12709996276931,
              26.27817979955577
            ],
            [
              91.13711056960355,
              26.278310103582044
            ]
          ]
        ]
      }
    },
    {
      "id": "84",
      "type": "Feature",
      "properties": {
        "zone_id": "Grid-2-22",
        "name": "Grid-2-22",
        "flood_km2": 0.1208,
        "flood_pct": 12.08,
        "zone_area_km2": 1.0,
        "population": 753.5903,
        "people_affected": 91.0337,
        "facilities_hit": 0,
        "facilities_by_type": {},
        "road_cut_km": 0.0,
        "confidence": "Low",
        "confidence_score": 0.336,
        "reason": "Flagged for on-ground verification: High impact (P2) with Low detection confidence",
        "conf_detail": {
          "agreement_ratio": 0.0,
          "terrain_penalty": 0.0,
          "time_penalty": 0.375,
          "margin_score": 0.555,
          "method_penalty": 0.15
        },
        "breakdown": {
          "severity": 0.0514,
          "people": 0.0353,
          "facilities": 0.0,
          "roads": 0.0
        },
        "score": 0.0867,
        "rank": 184,
        "tier": "VERIFY"
      },
      "geometry": {
        "type": "Polygon",
        "coordinates": [
          [
            [
              91.17616463083313,
              26.34199850415984
            ],
            [
              91.17602307091059,
              26.351023335846214
            ],
            [
              91.16600599242273,
              26.350895418659146
            ],
            [
              91.16614832871733,
              26.341870637410796
            ],
            [
              91.17616463083313,
              26.34199850415984
            ]
          ]
        ]
      }
    },
    {
      "id": "623",
      "type": "Feature",
      "properties": {
        "zone_id": "Grid-20-3",
        "name": "Grid-20-3",
        "flood_km2": 0.1424,
        "flood_pct": 14.24,
        "zone_area_km2": 1.0,
        "population": 455.3053,
        "people_affected": 64.8355,
        "facilities_hit": 0,
        "facilities_by_type": {},
        "road_cut_km": 0.0,
        "confidence": "Low",
        "confidence_score": 0.347,
        "reason": "Flagged for on-ground verification: High impact (P2) with Low detection confidence",
        "conf_detail": {
          "agreement_ratio": 0.0,
          "terrain_penalty": 0.0,
          "time_penalty": 0.375,
          "margin_score": 0.61,
          "method_penalty": 0.15
        },
        "breakdown": {
          "severity": 0.0606,
          "people": 0.0251,
          "facilities": 0.0,
          "roads": 0.0
        },
        "score": 0.0857,
        "rank": 185,
        "tier": "VERIFY"
      },
      "geometry": {
        "type": "Polygon",
        "coordinates": [
          [
            [
              90.98866766686729,
              26.17701848185061
            ],
            [
              90.98851268719561,
              26.186042527638346
            ],
            [
              90.97851086204707,
              26.185902319004036
            ],
            [
              90.97866661105633,
              26.17687832874266
            ],
            [
              90.98866766686729,
              26.17701848185061
            ]
          ]
        ]
      }
    },
    {
      "id": "711",
      "type": "Feature",
      "properties": {
        "zone_id": "Grid-22-29",
        "name": "Grid-22-29",
        "flood_km2": 0.0956,
        "flood_pct": 9.56,
        "zone_area_km2": 1.0,
        "population": 1184.028,
        "people_affected": 113.1931,
        "facilities_hit": 0,
        "facilities_by_type": {},
        "road_cut_km": 0.0,
        "confidence": "Low",
        "confidence_score": 0.363,
        "reason": "Flagged for on-ground verification: High impact (P2) with Low detection confidence",
        "conf_detail": {
          "agreement_ratio": 0.0,
          "terrain_penalty": 0.0,
          "time_penalty": 0.375,
          "margin_score": 0.691,
          "method_penalty": 0.15
        },
        "breakdown": {
          "severity": 0.0407,
          "people": 0.0439,
          "facilities": 0.0,
          "roads": 0.0
        },
        "score": 0.0846,
        "rank": 186,
        "tier": "VERIFY"
      },
      "geometry": {
        "type": "Polygon",
        "coordinates": [
          [
            [
              91.24898959723777,
              26.16236792307243
            ],
            [
              91.2488547566245,
              26.17139333995896
            ],
            [
              91.23885267775248,
              26.17127129038174
            ],
            [
              91.23898828757213,
              26.162245921856687
            ],
            [
              91.24898959723777,
              26.16236792307243
            ]
          ]
        ]
      }
    },
    {
      "id": "882",
      "type": "Feature",
      "properties": {
        "zone_id": "Grid-28-14",
        "name": "Grid-28-14",
        "flood_km2": 0.096,
        "flood_pct": 9.6,
        "zone_area_km2": 1.0,
        "population": 1153.7322,
        "people_affected": 110.7583,
        "facilities_hit": 0,
        "facilities_by_type": {},
        "road_cut_km": 0.0,
        "confidence": "Low",
        "confidence_score": 0.335,
        "reason": "Flagged for on-ground verification: High impact (P2) with Low detection confidence",
        "conf_detail": {
          "agreement_ratio": 0.0,
          "terrain_penalty": 0.0,
          "time_penalty": 0.375,
          "margin_score": 0.55,
          "method_penalty": 0.15
        },
        "breakdown": {
          "severity": 0.0408,
          "people": 0.043,
          "facilities": 0.0,
          "roads": 0.0
        },
        "score": 0.0838,
        "rank": 187,
        "tier": "VERIFY"
      },
      "geometry": {
        "type": "Polygon",
        "coordinates": [
          [
            [
              91.09985367505165,
              26.10631680288509
            ],
            [
              91.0997077149979,
              26.11534153786687
            ],
            [
              91.08971124766956,
              26.115209389251593
            ],
            [
              91.08985797440937,
              26.106184706708977
            ],
            [
              91.09985367505165,
              26.10631680288509
            ]
          ]
        ]
      }
    },
    {
      "id": "22",
      "type": "Feature",
      "properties": {
        "zone_id": "Grid-0-22",
        "name": "Grid-0-22",
        "flood_km2": 0.1316,
        "flood_pct": 13.16,
        "zone_area_km2": 1.0,
        "population": 542.8549,
        "people_affected": 71.4397,
        "facilities_hit": 0,
        "facilities_by_type": {},
        "road_cut_km": 0.0,
        "confidence": "Low",
        "confidence_score": 0.345,
        "reason": "Flagged for on-ground verification: High impact (P2) with Low detection confidence",
        "conf_detail": {
          "agreement_ratio": 0.0,
          "terrain_penalty": 0.0,
          "time_penalty": 0.375,
          "margin_score": 0.6,
          "method_penalty": 0.15
        },
        "breakdown": {
          "severity": 0.056,
          "people": 0.0277,
          "facilities": 0.0,
          "roads": 0.0
        },
        "score": 0.0837,
        "rank": 188,
        "tier": "VERIFY"
      },
      "geometry": {
        "type": "Polygon",
        "coordinates": [
          [
            [
              91.17588144398678,
              26.3600481554553
            ],
            [
              91.1757397500392,
              26.369072962983992
            ],
            [
              91.16572111770546,
              26.368944944898004
            ],
            [
              91.16586358875965,
              26.359920187822578
            ],
            [
              91.17588144398678,
              26.3600481554553
            ]
          ]
        ]
      }
    },
    {
      "id": "405",
      "type": "Feature",
      "properties": {
        "zone_id": "Grid-13-2",
        "name": "Grid-13-2",
        "flood_km2": 0.126,
        "flood_pct": 12.6,
        "zone_area_km2": 1.0,
        "population": 607.6471,
        "people_affected": 76.5635,
        "facilities_hit": 0,
        "facilities_by_type": {},
        "road_cut_km": 0.0,
        "confidence": "Low",
        "confidence_score": 0.337,
        "reason": "Flagged for on-ground verification: High impact (P2) with Low detection confidence",
        "conf_detail": {
          "agreement_ratio": 0.0,
          "terrain_penalty": 0.0,
          "time_penalty": 0.375,
          "margin_score": 0.559,
          "method_penalty": 0.15
        },
        "breakdown": {
          "severity": 0.0536,
          "people": 0.0297,
          "facilities": 0.0,
          "roads": 0.0
        },
        "score": 0.0833,
        "rank": 189,
        "tier": "VERIFY"
      },
      "geometry": {
        "type": "Polygon",
        "coordinates": [
          [
            [
              90.97757481531272,
              26.240046004680394
            ],
            [
              90.97741854851311,
              26.249069909614615
            ],
            [
              90.9674114018516,
              26.248928615687475
            ],
            [
              90.96756844051961,
              26.239904766613133
            ],
            [
              90.97757481531272,
              26.240046004680394
            ]
          ]
        ]
      }
    },
    {
      "id": "294",
      "type": "Feature",
      "properties": {
        "zone_id": "Grid-9-15",
        "name": "Grid-9-15",
        "flood_km2": 0.0856,
        "flood_pct": 8.56,
        "zone_area_km2": 1.0,
        "population": 1411.2218,
        "people_affected": 120.8006,
        "facilities_hit": 0,
        "facilities_by_type": {},
        "road_cut_km": 0.0,
        "confidence": "Low",
        "confidence_score": 0.34,
        "reason": "Flagged for on-ground verification: High impact (P2) with Low detection confidence",
        "conf_detail": {
          "agreement_ratio": 0.0,
          "terrain_penalty": 0.0,
          "time_penalty": 0.375,
          "margin_score": 0.577,
          "method_penalty": 0.15
        },
        "breakdown": {
          "severity": 0.0364,
          "people": 0.0469,
          "facilities": 0.0,
          "roads": 0.0
        },
        "score": 0.0833,
        "rank": 190,
        "tier": "VERIFY"
      },
      "geometry": {
        "type": "Polygon",
        "coordinates": [
          [
            [
              91.10707895542508,
              26.27791709906024
            ],
            [
              91.10693244772447,
              26.286941656721407
            ],
            [
              91.096921274302,
              26.286809207975768
            ],
            [
              91.09706855564741,
              26.277784702627894
            ],
            [
              91.10707895542508,
              26.27791709906024
            ]
          ]
        ]
      }
    },
    {
      "id": "903",
      "type": "Feature",
      "properties": {
        "zone_id": "Grid-29-4",
        "name": "Grid-29-4",
        "flood_km2": 0.0628,
        "flood_pct": 13.6522,
        "zone_area_km2": 0.47237621329026297,
        "population": 474.7743,
        "people_affected": 64.817,
        "facilities_hit": 0,
        "facilities_by_type": {},
        "road_cut_km": 0.0,
        "confidence": "Low",
        "confidence_score": 0.345,
        "reason": "Flagged for on-ground verification: High impact (P2) with Low detection confidence",
        "conf_detail": {
          "agreement_ratio": 0.0,
          "terrain_penalty": 0.0,
          "time_penalty": 0.375,
          "margin_score": 0.602,
          "method_penalty": 0.15
        },
        "breakdown": {
          "severity": 0.0581,
          "people": 0.0251,
          "facilities": 0.0,
          "roads": 0.0
        },
        "score": 0.0832,
        "rank": 191,
        "tier": "VERIFY"
      },
      "geometry": {
        "type": "Polygon",
        "coordinates": [
          [
            [
              90.9999723914267,
              26.100701874143258
            ],
            [
              90.99989984759615,
              26.104964694951832
            ],
            [
              90.98990486005937,
              26.104825677752576
            ],
            [
              90.98997776581552,
              26.100562883009406
            ],
            [
              90.9999723914267,
              26.100701874143258
            ]
          ]
        ]
      }
    },
    {
      "id": "916",
      "type": "Feature",
      "properties": {
        "zone_id": "Grid-29-17",
        "name": "Grid-29-17",
        "flood_km2": 0.0632,
        "flood_pct": 13.7391,
        "zone_area_km2": 0.47237621329026297,
        "population": 461.9593,
        "people_affected": 63.4692,
        "facilities_hit": 0,
        "facilities_by_type": {},
        "road_cut_km": 0.0,
        "confidence": "Low",
        "confidence_score": 0.344,
        "reason": "Flagged for on-ground verification: High impact (P2) with Low detection confidence",
        "conf_detail": {
          "agreement_ratio": 0.0,
          "terrain_penalty": 0.0,
          "time_penalty": 0.375,
          "margin_score": 0.596,
          "method_penalty": 0.15
        },
        "breakdown": {
          "severity": 0.0584,
          "people": 0.0246,
          "facilities": 0.0,
          "roads": 0.0
        },
        "score": 0.0831,
        "rank": 192,
        "tier": "VERIFY"
      },
      "geometry": {
        "type": "Polygon",
        "coordinates": [
          [
            [
              91.12990902915709,
              26.102445790249806
            ],
            [
              91.1298411913825,
              26.106708938105115
            ],
            [
              91.11984528390204,
              26.10657891860153
            ],
            [
              91.1199134837469,
              26.102315795125296
            ],
            [
              91.12990902915709,
              26.102445790249806
            ]
          ]
        ]
      }
    },
    {
      "id": "76",
      "type": "Feature",
      "properties": {
        "zone_id": "Grid-2-14",
        "name": "Grid-2-14",
        "flood_km2": 0.1004,
        "flood_pct": 10.04,
        "zone_area_km2": 1.0,
        "population": 1024.3951,
        "people_affected": 102.8493,
        "facilities_hit": 0,
        "facilities_by_type": {},
        "road_cut_km": 0.0,
        "confidence": "Low",
        "confidence_score": 0.337,
        "reason": "Flagged for on-ground verification: High impact (P2) with Low detection confidence",
        "conf_detail": {
          "agreement_ratio": 0.0,
          "terrain_penalty": 0.0,
          "time_penalty": 0.375,
          "margin_score": 0.56,
          "method_penalty": 0.15
        },
        "breakdown": {
          "severity": 0.0427,
          "people": 0.0399,
          "facilities": 0.0,
          "roads": 0.0
        },
        "score": 0.0826,
        "rank": 193,
        "tier": "VERIFY"
      },
      "geometry": {
        "type": "Polygon",
        "coordinates": [
          [
            [
              91.09603612014573,
              26.340955985487025
            ],
            [
              91.09588834988703,
              26.349980405946965
            ],
            [
              91.08587182062772,
              26.349846891151103
            ],
            [
              91.08602036707404,
              26.340822523335415
            ],
            [
              91.09603612014573,
              26.340955985487025
            ]
          ]
        ]
      }
    },
    {
      "id": "142",
      "type": "Feature",
      "properties": {
        "zone_id": "Grid-4-18",
        "name": "Grid-4-18",
        "flood_km2": 0.1324,
        "flood_pct": 13.24,
        "zone_area_km2": 1.0,
        "population": 500.0696,
        "people_affected": 66.2092,
        "facilities_hit": 0,
        "facilities_by_type": {},
        "road_cut_km": 0.0,
        "confidence": "Low",
        "confidence_score": 0.341,
        "reason": "Flagged for on-ground verification: High impact (P2) with Low detection confidence",
        "conf_detail": {
          "agreement_ratio": 0.0,
          "terrain_penalty": 0.0,
          "time_penalty": 0.375,
          "margin_score": 0.582,
          "method_penalty": 0.15
        },
        "breakdown": {
          "severity": 0.0563,
          "people": 0.0257,
          "facilities": 0.0,
          "roads": 0.0
        },
        "score": 0.082,
        "rank": 194,
        "tier": "VERIFY"
      },
      "geometry": {
        "type": "Polygon",
        "coordinates": [
          [
            [
              91.13638895314422,
              26.32343354743005
            ],
            [
              91.1362444247408,
              26.332458199916143
            ],
            [
              91.12622917012457,
              26.332327586852305
            ],
            [
              91.1263744740749,
              26.323302985891885
            ],
            [
              91.13638895314422,
              26.32343354743005
            ]
          ]
        ]
      }
    },
    {
      "id": "298",
      "type": "Feature",
      "properties": {
        "zone_id": "Grid-9-19",
        "name": "Grid-9-19",
        "flood_km2": 0.1048,
        "flood_pct": 10.48,
        "zone_area_km2": 1.0,
        "population": 911.2233,
        "people_affected": 95.4962,
        "facilities_hit": 0,
        "facilities_by_type": {},
        "road_cut_km": 0.0,
        "confidence": "Low",
        "confidence_score": 0.336,
        "reason": "Flagged for on-ground verification: High impact (P2) with Low detection confidence",
        "conf_detail": {
          "agreement_ratio": 0.0,
          "terrain_penalty": 0.0,
          "time_penalty": 0.375,
          "margin_score": 0.557,
          "method_penalty": 0.15
        },
        "breakdown": {
          "severity": 0.0446,
          "people": 0.037,
          "facilities": 0.0,
          "roads": 0.0
        },
        "score": 0.0816,
        "rank": 195,
        "tier": "VERIFY"
      },
      "geometry": {
        "type": "Polygon",
        "coordinates": [
          [
            [
              91.1471212447243,
              26.278439710102877
            ],
            [
              91.14697783183414,
              26.287464474262464
            ],
            [
              91.13696638297633,
              26.28733481653025
            ],
            [
              91.13711056960355,
              26.278310103582044
            ],
            [
              91.1471212447243,
              26.278439710102877
            ]
          ]
        ]
      }
    },
    {
      "id": "219",
      "type": "Feature",
      "properties": {
        "zone_id": "Grid-7-2",
        "name": "Grid-7-2",
        "flood_km2": 0.1156,
        "flood_pct": 11.56,
        "zone_area_km2": 1.0,
        "population": 706.4785,
        "people_affected": 81.6689,
        "facilities_hit": 0,
        "facilities_by_type": {},
        "road_cut_km": 0.0,
        "confidence": "Low",
        "confidence_score": 0.34,
        "reason": "Flagged for on-ground verification: High impact (P2) with Low detection confidence",
        "conf_detail": {
          "agreement_ratio": 0.0,
          "terrain_penalty": 0.0,
          "time_penalty": 0.375,
          "margin_score": 0.573,
          "method_penalty": 0.15
        },
        "breakdown": {
          "severity": 0.0492,
          "people": 0.0317,
          "facilities": 0.0,
          "roads": 0.0
        },
        "score": 0.0809,
        "rank": 196,
        "tier": "VERIFY"
      },
      "geometry": {
        "type": "Polygon",
        "coordinates": [
          [
            [
              90.97663610298338,
              26.29418925118599
            ],
            [
              90.97647939139732,
              26.303213082857965
            ],
            [
              90.9664676058444,
              26.30307145359511
            ],
            [
              90.96662509149405,
              26.294047677833444
            ],
            [
              90.97663610298338,
              26.29418925118599
            ]
          ]
        ]
      }
    },
    {
      "id": "8",
      "type": "Feature",
      "properties": {
        "zone_id": "Grid-0-8",
        "name": "Grid-0-8",
        "flood_km2": 0.0824,
        "flood_pct": 8.24,
        "zone_area_km2": 1.0,
        "population": 1425.4595,
        "people_affected": 117.4579,
        "facilities_hit": 0,
        "facilities_by_type": {},
        "road_cut_km": 0.0,
        "confidence": "Low",
        "confidence_score": 0.345,
        "reason": "Flagged for on-ground verification: High impact (P2) with Low detection confidence",
        "conf_detail": {
          "agreement_ratio": 0.0,
          "terrain_penalty": 0.0,
          "time_penalty": 0.375,
          "margin_score": 0.602,
          "method_penalty": 0.15
        },
        "breakdown": {
          "severity": 0.0351,
          "people": 0.0456,
          "facilities": 0.0,
          "roads": 0.0
        },
        "score": 0.0806,
        "rank": 197,
        "tier": "VERIFY"
      },
      "geometry": {
        "type": "Polygon",
        "coordinates": [
          [
            [
              91.0356377370884,
              26.358192911556593
            ],
            [
              91.03548516575437,
              26.367216987636606
            ],
            [
              91.0254675106454,
              26.367079166798128
            ],
            [
              91.0256208587577,
              26.358055145033045
            ],
            [
              91.0356377370884,
              26.358192911556593
            ]
          ]
        ]
      }
    },
    {
      "id": "174",
      "type": "Feature",
      "properties": {
        "zone_id": "Grid-5-19",
        "name": "Grid-5-19",
        "flood_km2": 0.086,
        "flood_pct": 8.6,
        "zone_area_km2": 1.0,
        "population": 1319.2882,
        "people_affected": 113.4588,
        "facilities_hit": 0,
        "facilities_by_type": {},
        "road_cut_km": 0.0,
        "confidence": "Low",
        "confidence_score": 0.348,
        "reason": "Flagged for on-ground verification: High impact (P2) with Low detection confidence",
        "conf_detail": {
          "agreement_ratio": 0.0,
          "terrain_penalty": 0.0,
          "time_penalty": 0.375,
          "margin_score": 0.614,
          "method_penalty": 0.15
        },
        "breakdown": {
          "severity": 0.0366,
          "people": 0.044,
          "facilities": 0.0,
          "roads": 0.0
        },
        "score": 0.0806,
        "rank": 198,
        "tier": "VERIFY"
      },
      "geometry": {
        "type": "Polygon",
        "coordinates": [
          [
            [
              91.14654718541394,
              26.314538694257912
            ],
            [
              91.14640350061464,
              26.323563410084905
            ],
            [
              91.13638895314422,
              26.32343354743005
            ],
            [
              91.13653341314655,
              26.3144088828453
            ],
            [
              91.14654718541394,
              26.314538694257912
            ]
          ]
        ]
      }
    },
    {
      "id": "348",
      "type": "Feature",
      "properties": {
        "zone_id": "Grid-11-7",
        "name": "Grid-11-7",
        "flood_km2": 0.1136,
        "flood_pct": 11.36,
        "zone_area_km2": 1.0,
        "population": 727.3727,
        "people_affected": 82.6295,
        "facilities_hit": 0,
        "facilities_by_type": {},
        "road_cut_km": 0.0,
        "confidence": "Low",
        "confidence_score": 0.343,
        "reason": "Flagged for on-ground verification: High impact (P2) with Low detection confidence",
        "conf_detail": {
          "agreement_ratio": 0.0,
          "terrain_penalty": 0.0,
          "time_penalty": 0.375,
          "margin_score": 0.59,
          "method_penalty": 0.15
        },
        "breakdown": {
          "severity": 0.0483,
          "people": 0.032,
          "facilities": 0.0,
          "roads": 0.0
        },
        "score": 0.0804,
        "rank": 199,
        "tier": "VERIFY"
      },
      "geometry": {
        "type": "Polygon",
        "coordinates": [
          [
            [
              91.0273029062151,
              26.258790101176146
            ],
            [
              91.02715035462055,
              26.267814256956672
            ],
            [
              91.01714129619057,
              26.267676336108785
            ],
            [
              91.0172946205076,
              26.258652234828542
            ],
            [
              91.0273029062151,
              26.258790101176146
            ]
          ]
        ]
      }
    },
    {
      "id": "295",
      "type": "Feature",
      "properties": {
        "zone_id": "Grid-9-16",
        "name": "Grid-9-16",
        "flood_km2": 0.0908,
        "flood_pct": 9.08,
        "zone_area_km2": 1.0,
        "population": 1182.6403,
        "people_affected": 107.3837,
        "facilities_hit": 0,
        "facilities_by_type": {},
        "road_cut_km": 0.0,
        "confidence": "Low",
        "confidence_score": 0.345,
        "reason": "Flagged for on-ground verification: High impact (P2) with Low detection confidence",
        "conf_detail": {
          "agreement_ratio": 0.0,
          "terrain_penalty": 0.0,
          "time_penalty": 0.375,
          "margin_score": 0.602,
          "method_penalty": 0.15
        },
        "breakdown": {
          "severity": 0.0386,
          "people": 0.0416,
          "facilities": 0.0,
          "roads": 0.0
        },
        "score": 0.0803,
        "rank": 200,
        "tier": "VERIFY"
      },
      "geometry": {
        "type": "Polygon",
        "coordinates": [
          [
            [
              91.11708942458776,
              26.27804879804237
            ],
            [
              91.11694369055519,
              26.287073407741357
            ],
            [
              91.10693244772447,
              26.286941656721407
            ],
            [
              91.10707895542508,
              26.27791709906024
            ],
            [
              91.11708942458776,
              26.27804879804237
            ]
          ]
        ]
      }
    },
    {
      "id": "912",
      "type": "Feature",
      "properties": {
        "zone_id": "Grid-29-13",
        "name": "Grid-29-13",
        "flood_km2": 0.0552,
        "flood_pct": 12.0,
        "zone_area_km2": 0.47237621329026297,
        "population": 627.9247,
        "people_affected": 75.351,
        "facilities_hit": 0,
        "facilities_by_type": {},
        "road_cut_km": 0.0,
        "confidence": "Low",
        "confidence_score": 0.333,
        "reason": "Flagged for on-ground verification: High impact (P2) with Low detection confidence",
        "conf_detail": {
          "agreement_ratio": 0.0,
          "terrain_penalty": 0.0,
          "time_penalty": 0.375,
          "margin_score": 0.539,
          "method_penalty": 0.15
        },
        "breakdown": {
          "severity": 0.051,
          "people": 0.0292,
          "facilities": 0.0,
          "roads": 0.0
        },
        "score": 0.0803,
        "rank": 201,
        "tier": "VERIFY"
      },
      "geometry": {
        "type": "Polygon",
        "coordinates": [
          [
            [
              91.08992726040013,
              26.1019216571484
            ],
            [
              91.08985797440937,
              26.106184706708977
            ],
            [
              91.07986234344077,
              26.10605191834561
            ],
            [
              91.07993199145832,
              26.101788893683047
            ],
            [
              91.08992726040013,
              26.1019216571484
            ]
          ]
        ]
      }
    },
    {
      "id": "37",
      "type": "Feature",
      "properties": {
        "zone_id": "Grid-1-6",
        "name": "Grid-1-6",
        "flood_km2": 0.1092,
        "flood_pct": 10.92,
        "zone_area_km2": 1.0,
        "population": 795.7642,
        "people_affected": 86.8974,
        "facilities_hit": 0,
        "facilities_by_type": {},
        "road_cut_km": 0.0,
        "confidence": "Low",
        "confidence_score": 0.339,
        "reason": "Flagged for on-ground verification: High impact (P2) with Low detection confidence",
        "conf_detail": {
          "agreement_ratio": 0.0,
          "terrain_penalty": 0.0,
          "time_penalty": 0.375,
          "margin_score": 0.572,
          "method_penalty": 0.15
        },
        "breakdown": {
          "severity": 0.0465,
          "people": 0.0337,
          "facilities": 0.0,
          "roads": 0.0
        },
        "score": 0.0802,
        "rank": 202,
        "tier": "VERIFY"
      },
      "geometry": {
        "type": "Polygon",
        "coordinates": [
          [
            [
              91.01575810492616,
              26.348892699349122
            ],
            [
              91.01560405295929,
              26.357916678730795
            ],
            [
              91.00558732006023,
              26.35777751266932
            ],
            [
              91.00574214838943,
              26.34875358814581
            ],
            [
              91.01575810492616,
              26.348892699349122
            ]
          ]
        ]
      }
    },
    {
      "id": "407",
      "type": "Feature",
      "properties": {
        "zone_id": "Grid-13-4",
        "name": "Grid-13-4",
        "flood_km2": 0.1132,
        "flood_pct": 11.32,
        "zone_area_km2": 1.0,
        "population": 725.2474,
        "people_affected": 82.098,
        "facilities_hit": 0,
        "facilities_by_type": {},
        "road_cut_km": 0.0,
        "confidence": "Low",
        "confidence_score": 0.342,
        "reason": "Flagged for on-ground verification: High impact (P2) with Low detection confidence",
        "conf_detail": {
          "agreement_ratio": 0.0,
          "terrain_penalty": 0.0,
          "time_penalty": 0.375,
          "margin_score": 0.586,
          "method_penalty": 0.15
        },
        "breakdown": {
          "severity": 0.0482,
          "people": 0.0318,
          "facilities": 0.0,
          "roads": 0.0
        },
        "score": 0.08,
        "rank": 203,
        "tier": "VERIFY"
      },
      "geometry": {
        "type": "Polygon",
        "coordinates": [
          [
            [
              90.99758778666627,
              26.240326392495607
            ],
            [
              90.99743306367768,
              26.24935040832405
            ],
            [
              90.98742576924366,
              26.249210507166723
            ],
            [
              90.9875812641501,
              26.24018654664779
            ],
            [
              90.99758778666627,
              26.240326392495607
            ]
          ]
        ]
      }
    },
    {
      "id": "237",
      "type": "Feature",
      "properties": {
        "zone_id": "Grid-7-20",
        "name": "Grid-7-20",
        "flood_km2": 0.0768,
        "flood_pct": 7.68,
        "zone_area_km2": 1.0,
        "population": 1585.051,
        "people_affected": 121.7319,
        "facilities_hit": 0,
        "facilities_by_type": {},
        "road_cut_km": 0.0,
        "confidence": "Low",
        "confidence_score": 0.348,
        "reason": "Flagged for on-ground verification: High impact (P2) with Low detection confidence",
        "conf_detail": {
          "agreement_ratio": 0.0,
          "terrain_penalty": 0.0,
          "time_penalty": 0.375,
          "margin_score": 0.613,
          "method_penalty": 0.15
        },
        "breakdown": {
          "severity": 0.0327,
          "people": 0.0472,
          "facilities": 0.0,
          "roads": 0.0
        },
        "score": 0.0799,
        "rank": 204,
        "tier": "VERIFY"
      },
      "geometry": {
        "type": "Polygon",
        "coordinates": [
          [
            [
              91.15684664192796,
              26.29661823722019
            ],
            [
              91.15670386762142,
              26.30564302817093
            ],
            [
              91.14669080220175,
              26.3055139663431
            ],
            [
              91.14683435100088,
              26.296489226343578
            ],
            [
              91.15684664192796,
              26.29661823722019
            ]
          ]
        ]
      }
    },
    {
      "id": "404",
      "type": "Feature",
      "properties": {
        "zone_id": "Grid-13-1",
        "name": "Grid-13-1",
        "flood_km2": 0.102,
        "flood_pct": 10.2,
        "zone_area_km2": 1.0,
        "population": 891.335,
        "people_affected": 90.9162,
        "facilities_hit": 0,
        "facilities_by_type": {},
        "road_cut_km": 0.0,
        "confidence": "Low",
        "confidence_score": 0.336,
        "reason": "Flagged for on-ground verification: High impact (P2) with Low detection confidence",
        "conf_detail": {
          "agreement_ratio": 0.0,
          "terrain_penalty": 0.0,
          "time_penalty": 0.375,
          "margin_score": 0.553,
          "method_penalty": 0.15
        },
        "breakdown": {
          "severity": 0.0434,
          "people": 0.0353,
          "facilities": 0.0,
          "roads": 0.0
        },
        "score": 0.0787,
        "rank": 205,
        "tier": "VERIFY"
      },
      "geometry": {
        "type": "Polygon",
        "coordinates": [
          [
            [
              90.96756844051961,
              26.239904766613133
            ],
            [
              90.9674114018516,
              26.248928615687475
            ],
            [
              90.95740432962468,
              26.248786625405135
            ],
            [
              90.95756214013619,
              26.239762832465843
            ],
            [
              90.96756844051961,
              26.239904766613133
            ]
          ]
        ]
      }
    },
    {
      "id": "672",
      "type": "Feature",
      "properties": {
        "zone_id": "Grid-21-21",
        "name": "Grid-21-21",
        "flood_km2": 0.0832,
        "flood_pct": 8.32,
        "zone_area_km2": 1.0,
        "population": 1325.597,
        "people_affected": 110.2897,
        "facilities_hit": 0,
        "facilities_by_type": {},
        "road_cut_km": 0.0,
        "confidence": "Low",
        "confidence_score": 0.351,
        "reason": "Flagged for on-ground verification: High impact (P2) with Low detection confidence",
        "conf_detail": {
          "agreement_ratio": 0.0,
          "terrain_penalty": 0.0,
          "time_penalty": 0.375,
          "margin_score": 0.63,
          "method_penalty": 0.15
        },
        "breakdown": {
          "severity": 0.0354,
          "people": 0.0428,
          "facilities": 0.0,
          "roads": 0.0
        },
        "score": 0.0782,
        "rank": 206,
        "tier": "VERIFY"
      },
      "geometry": {
        "type": "Polygon",
        "coordinates": [
          [
            [
              91.16883994830322,
              26.170397501690104
            ],
            [
              91.1686988877283,
              26.17942251196134
            ],
            [
              91.15869656459667,
              26.179294857267717
            ],
            [
              91.15883839456748,
              26.170269897565642
            ],
            [
              91.16883994830322,
              26.170397501690104
            ]
          ]
        ]
      }
    },
    {
      "id": "21",
      "type": "Feature",
      "properties": {
        "zone_id": "Grid-0-21",
        "name": "Grid-0-21",
        "flood_km2": 0.1224,
        "flood_pct": 12.24,
        "zone_area_km2": 1.0,
        "population": 549.6466,
        "people_affected": 67.2767,
        "facilities_hit": 0,
        "facilities_by_type": {},
        "road_cut_km": 0.0,
        "confidence": "Low",
        "confidence_score": 0.356,
        "reason": "Flagged for on-ground verification: High impact (P2) with Low detection confidence",
        "conf_detail": {
          "agreement_ratio": 0.0,
          "terrain_penalty": 0.0,
          "time_penalty": 0.375,
          "margin_score": 0.655,
          "method_penalty": 0.15
        },
        "breakdown": {
          "severity": 0.0521,
          "people": 0.0261,
          "facilities": 0.0,
          "roads": 0.0
        },
        "score": 0.0782,
        "rank": 207,
        "tier": "VERIFY"
      },
      "geometry": {
        "type": "Polygon",
        "coordinates": [
          [
            [
              91.16586358875965,
              26.359920187822578
            ],
            [
              91.16572111770546,
              26.368944944898004
            ],
            [
              91.15570255278548,
              26.368816226495184
            ],
            [
              91.15584580092363,
              26.359791520148924
            ],
            [
              91.16586358875965,
              26.359920187822578
            ]
          ]
        ]
      }
    },
    {
      "id": "768",
      "type": "Feature",
      "properties": {
        "zone_id": "Grid-24-24",
        "name": "Grid-24-24",
        "flood_km2": 0.1392,
        "flood_pct": 13.92,
        "zone_area_km2": 1.0,
        "population": 340.0172,
        "people_affected": 47.3304,
        "facilities_hit": 0,
        "facilities_by_type": {},
        "road_cut_km": 0.0,
        "confidence": "Low",
        "confidence_score": 0.394,
        "reason": "Flagged for on-ground verification: High impact (P2) with Low detection confidence",
        "conf_detail": {
          "agreement_ratio": 0.0,
          "terrain_penalty": 0.0,
          "time_penalty": 0.375,
          "margin_score": 0.847,
          "method_penalty": 0.15
        },
        "breakdown": {
          "severity": 0.0592,
          "people": 0.0184,
          "facilities": 0.0,
          "roads": 0.0
        },
        "score": 0.0776,
        "rank": 208,
        "tier": "VERIFY"
      },
      "geometry": {
        "type": "Polygon",
        "coordinates": [
          [
            [
              91.1992608714661,
              26.143700595477284
            ],
            [
              91.19912231662003,
              26.152725791797174
            ],
            [
              91.18912210105299,
              26.15260036996209
            ],
            [
              91.18926142426758,
              26.143575223363932
            ],
            [
              91.1992608714661,
              26.143700595477284
            ]
          ]
        ]
      }
    },
    {
      "id": "11",
      "type": "Feature",
      "properties": {
        "zone_id": "Grid-0-11",
        "name": "Grid-0-11",
        "flood_km2": 0.0784,
        "flood_pct": 7.84,
        "zone_area_km2": 1.0,
        "population": 1426.5649,
        "people_affected": 111.8427,
        "facilities_hit": 0,
        "facilities_by_type": {},
        "road_cut_km": 0.0,
        "confidence": "Low",
        "confidence_score": 0.343,
        "reason": "Flagged for on-ground verification: High impact (P2) with Low detection confidence",
        "conf_detail": {
          "agreement_ratio": 0.0,
          "terrain_penalty": 0.0,
          "time_penalty": 0.375,
          "margin_score": 0.588,
          "method_penalty": 0.15
        },
        "breakdown": {
          "severity": 0.0334,
          "people": 0.0434,
          "facilities": 0.0,
          "roads": 0.0
        },
        "score": 0.0767,
        "rank": 209,
        "tier": "VERIFY"
      },
      "geometry": {
        "type": "Polygon",
        "coordinates": [
          [
            [
              91.06568880360264,
              26.358602012261894
            ],
            [
              91.0655385627485,
              26.36762624963202
            ],
            [
              91.05552069217318,
              26.367490529072786
            ],
            [
              91.055671709878,
              26.358466345190244
            ],
            [
              91.06568880360264,
              26.358602012261894
            ]
          ]
        ]
      }
    },
    {
      "id": "619",
      "type": "Feature",
      "properties": {
        "zone_id": "Grid-19-30",
        "name": "Grid-19-30",
        "flood_km2": 0.0648,
        "flood_pct": 15.4286,
        "zone_area_km2": 0.41200812744302673,
        "population": 181.4899,
        "people_affected": 28.0013,
        "facilities_hit": 0,
        "facilities_by_type": {},
        "road_cut_km": 0.0,
        "confidence": "Low",
        "confidence_score": 0.321,
        "reason": "Flagged for on-ground verification: High impact (P2) with Low detection confidence",
        "conf_detail": {
          "agreement_ratio": 0.0,
          "terrain_penalty": 0.0,
          "time_penalty": 0.375,
          "margin_score": 0.478,
          "method_penalty": 0.15
        },
        "breakdown": {
          "severity": 0.0656,
          "people": 0.0109,
          "facilities": 0.0,
          "roads": 0.0
        },
        "score": 0.0765,
        "rank": 210,
        "tier": "VERIFY"
      },
      "geometry": {
        "type": "Polygon",
        "coordinates": [
          [
            [
              91.25270647410159,
              26.1894942609708
            ],
            [
              91.2525717588,
              26.19851966181153
            ],
            [
              91.24844985069754,
              26.19846951882465
            ],
            [
              91.24858488337577,
              26.189444137838155
            ],
            [
              91.25270647410159,
              26.1894942609708
            ]
          ]
        ]
      }
    },
    {
      "id": "376",
      "type": "Feature",
      "properties": {
        "zone_id": "Grid-12-4",
        "name": "Grid-12-4",
        "flood_km2": 0.1084,
        "flood_pct": 10.84,
        "zone_area_km2": 1.0,
        "population": 719.8572,
        "people_affected": 78.0325,
        "facilities_hit": 0,
        "facilities_by_type": {},
        "road_cut_km": 0.0,
        "confidence": "Low",
        "confidence_score": 0.333,
        "reason": "Flagged for on-ground verification: High impact (P2) with Low detection confidence",
        "conf_detail": {
          "agreement_ratio": 0.0,
          "terrain_penalty": 0.0,
          "time_penalty": 0.375,
          "margin_score": 0.539,
          "method_penalty": 0.15
        },
        "breakdown": {
          "severity": 0.0461,
          "people": 0.0303,
          "facilities": 0.0,
          "roads": 0.0
        },
        "score": 0.0764,
        "rank": 211,
        "tier": "VERIFY"
      },
      "geometry": {
        "type": "Polygon",
        "coordinates": [
          [
            [
              90.99743306367768,
              26.24935040832405
            ],
            [
              90.9972782673512,
              26.25837441196676
            ],
            [
              90.98727020063377,
              26.258234455491607
            ],
            [
              90.98742576924366,
              26.249210507166723
            ],
            [
              90.99743306367768,
              26.24935040832405
            ]
          ]
        ]
      }
    },
    {
      "id": "751",
      "type": "Feature",
      "properties": {
        "zone_id": "Grid-24-7",
        "name": "Grid-24-7",
        "flood_km2": 0.118,
        "flood_pct": 11.8,
        "zone_area_km2": 1.0,
        "population": 571.7285,
        "people_affected": 67.464,
        "facilities_hit": 0,
        "facilities_by_type": {},
        "road_cut_km": 0.0,
        "confidence": "Low",
        "confidence_score": 0.338,
        "reason": "Flagged for on-ground verification: High impact (P2) with Low detection confidence",
        "conf_detail": {
          "agreement_ratio": 0.0,
          "terrain_penalty": 0.0,
          "time_penalty": 0.375,
          "margin_score": 0.563,
          "method_penalty": 0.15
        },
        "breakdown": {
          "severity": 0.0502,
          "people": 0.0262,
          "facilities": 0.0,
          "roads": 0.0
        },
        "score": 0.0764,
        "rank": 212,
        "tier": "VERIFY"
      },
      "geometry": {
        "type": "Polygon",
        "coordinates": [
          [
            [
              91.02927950959963,
              26.141474970242
            ],
            [
              91.02912789557064,
              26.15049928390951
            ],
            [
              91.01912885403834,
              26.150362070927567
            ],
            [
              91.01928123604442,
              26.14133781165419
            ],
            [
              91.02927950959963,
              26.141474970242
            ]
          ]
        ]
      }
    },
    {
      "id": "622",
      "type": "Feature",
      "properties": {
        "zone_id": "Grid-20-2",
        "name": "Grid-20-2",
        "flood_km2": 0.1188,
        "flood_pct": 11.88,
        "zone_area_km2": 1.0,
        "population": 558.1367,
        "people_affected": 66.3066,
        "facilities_hit": 0,
        "facilities_by_type": {},
        "road_cut_km": 0.0,
        "confidence": "Low",
        "confidence_score": 0.335,
        "reason": "Flagged for on-ground verification: High impact (P2) with Low detection confidence",
        "conf_detail": {
          "agreement_ratio": 0.0,
          "terrain_penalty": 0.0,
          "time_penalty": 0.375,
          "margin_score": 0.55,
          "method_penalty": 0.15
        },
        "breakdown": {
          "severity": 0.0505,
          "people": 0.0257,
          "facilities": 0.0,
          "roads": 0.0
        },
        "score": 0.0763,
        "rank": 213,
        "tier": "VERIFY"
      },
      "geometry": {
        "type": "Polygon",
        "coordinates": [
          [
            [
              90.97866661105633,
              26.17687832874266
            ],
            [
              90.97851086204707,
              26.185902319004036
            ],
            [
              90.96850911079446,
              26.185761415920055
            ],
            [
              90.96866562911661,
              26.17673748145994
            ],
            [
              90.97866661105633,
              26.17687832874266
            ]
          ]
        ]
      }
    },
    {
      "id": "904",
      "type": "Feature",
      "properties": {
        "zone_id": "Grid-29-5",
        "name": "Grid-29-5",
        "flood_km2": 0.0564,
        "flood_pct": 12.2609,
        "zone_area_km2": 0.47237621329026297,
        "population": 485.2657,
        "people_affected": 59.4978,
        "facilities_hit": 0,
        "facilities_by_type": {},
        "road_cut_km": 0.0,
        "confidence": "Low",
        "confidence_score": 0.342,
        "reason": "Flagged for on-ground verification: High impact (P2) with Low detection confidence",
        "conf_detail": {
          "agreement_ratio": 0.0,
          "terrain_penalty": 0.0,
          "time_penalty": 0.375,
          "margin_score": 0.583,
          "method_penalty": 0.15
        },
        "breakdown": {
          "severity": 0.0522,
          "people": 0.0231,
          "facilities": 0.0,
          "roads": 0.0
        },
        "score": 0.0752,
        "rank": 214,
        "tier": "VERIFY"
      },
      "geometry": {
        "type": "Polygon",
        "coordinates": [
          [
            [
              91.00996708997363,
              26.100840173390598
            ],
            [
              91.00989490808016,
              26.10510302013488
            ],
            [
              90.99989984759615,
              26.104964694951832
            ],
            [
              90.9999723914267,
              26.100701874143258
            ],
            [
              91.00996708997363,
              26.100840173390598
            ]
          ]
        ]
      }
    },
    {
      "id": "79",
      "type": "Feature",
      "properties": {
        "zone_id": "Grid-2-17",
        "name": "Grid-2-17",
        "flood_km2": 0.084,
        "flood_pct": 8.4,
        "zone_area_km2": 1.0,
        "population": 1194.1909,
        "people_affected": 100.312,
        "facilities_hit": 0,
        "facilities_by_type": {},
        "road_cut_km": 0.0,
        "confidence": "Low",
        "confidence_score": 0.337,
        "reason": "Flagged for on-ground verification: High impact (P2) with Low detection confidence",
        "conf_detail": {
          "agreement_ratio": 0.0,
          "terrain_penalty": 0.0,
          "time_penalty": 0.375,
          "margin_score": 0.561,
          "method_penalty": 0.15
        },
        "breakdown": {
          "severity": 0.0357,
          "people": 0.0389,
          "facilities": 0.0,
          "roads": 0.0
        },
        "score": 0.0746,
        "rank": 215,
        "tier": "VERIFY"
      },
      "geometry": {
        "type": "Polygon",
        "coordinates": [
          [
            [
              91.12608379738327,
              26.34135217570318
            ],
            [
              91.1259383558279,
              26.35037675244138
            ],
            [
              91.11592161785424,
              26.350245336610733
            ],
            [
              91.11606783566734,
              26.341220811689514
            ],
            [
              91.12608379738327,
              26.34135217570318
            ]
          ]
        ]
      }
    },
    {
      "id": "733",
      "type": "Feature",
      "properties": {
        "zone_id": "Grid-23-20",
        "name": "Grid-23-20",
        "flood_km2": 0.0832,
        "flood_pct": 8.32,
        "zone_area_km2": 1.0,
        "population": 1213.3579,
        "people_affected": 100.9514,
        "facilities_hit": 0,
        "facilities_by_type": {},
        "road_cut_km": 0.0,
        "confidence": "Low",
        "confidence_score": 0.353,
        "reason": "Flagged for on-ground verification: High impact (P2) with Low detection confidence",
        "conf_detail": {
          "agreement_ratio": 0.0,
          "terrain_penalty": 0.0,
          "time_penalty": 0.375,
          "margin_score": 0.641,
          "method_penalty": 0.15
        },
        "breakdown": {
          "severity": 0.0354,
          "people": 0.0392,
          "facilities": 0.0,
          "roads": 0.0
        },
        "score": 0.0745,
        "rank": 216,
        "tier": "VERIFY"
      },
      "geometry": {
        "type": "Polygon",
        "coordinates": [
          [
            [
              91.15912185268077,
              26.15221994207384
            ],
            [
              91.1589801572547,
              26.161244925833312
            ],
            [
              91.14897943981127,
              26.161116678306577
            ],
            [
              91.14912190388142,
              26.15209174537606
            ],
            [
              91.15912185268077,
              26.15221994207384
            ]
          ]
        ]
      }
    },
    {
      "id": "897",
      "type": "Feature",
      "properties": {
        "zone_id": "Grid-28-29",
        "name": "Grid-28-29",
        "flood_km2": 0.0612,
        "flood_pct": 6.12,
        "zone_area_km2": 1.0,
        "population": 2038.5059,
        "people_affected": 124.7566,
        "facilities_hit": 0,
        "facilities_by_type": {},
        "road_cut_km": 0.0,
        "confidence": "Low",
        "confidence_score": 0.347,
        "reason": "Flagged for on-ground verification: High impact (P2) with Low detection confidence",
        "conf_detail": {
          "agreement_ratio": 0.0,
          "terrain_penalty": 0.0,
          "time_penalty": 0.375,
          "margin_score": 0.609,
          "method_penalty": 0.15
        },
        "breakdown": {
          "severity": 0.026,
          "people": 0.0484,
          "facilities": 0.0,
          "roads": 0.0
        },
        "score": 0.0744,
        "rank": 217,
        "tier": "VERIFY"
      },
      "geometry": {
        "type": "Polygon",
        "coordinates": [
          [
            [
              91.2497972981066,
              26.108215170690794
            ],
            [
              91.249662841047,
              26.117240659293998
            ],
            [
              91.23966537194441,
              26.117118899777143
            ],
            [
              91.23980059602373,
              26.108093459492032
            ],
            [
              91.2497972981066,
              26.108215170690794
            ]
          ]
        ]
      }
    },
    {
      "id": "80",
      "type": "Feature",
      "properties": {
        "zone_id": "Grid-2-18",
        "name": "Grid-2-18",
        "flood_km2": 0.1148,
        "flood_pct": 11.48,
        "zone_area_km2": 1.0,
        "population": 572.0829,
        "people_affected": 65.6751,
        "facilities_hit": 0,
        "facilities_by_type": {},
        "road_cut_km": 0.0,
        "confidence": "Low",
        "confidence_score": 0.347,
        "reason": "Flagged for on-ground verification: High impact (P2) with Low detection confidence",
        "conf_detail": {
          "agreement_ratio": 0.0,
          "terrain_penalty": 0.0,
          "time_penalty": 0.375,
          "margin_score": 0.609,
          "method_penalty": 0.15
        },
        "breakdown": {
          "severity": 0.0488,
          "people": 0.0255,
          "facilities": 0.0,
          "roads": 0.0
        },
        "score": 0.0743,
        "rank": 218,
        "tier": "VERIFY"
      },
      "geometry": {
        "type": "Polygon",
        "coordinates": [
          [
            [
              91.13609982791328,
              26.341482840300458
            ],
            [
              91.13595516263875,
              26.350507468579877
            ],
            [
              91.1259383558279,
              26.35037675244138
            ],
            [
              91.12608379738327,
              26.34135217570318
            ],
            [
              91.13609982791328,
              26.341482840300458
            ]
          ]
        ]
      }
    },
    {
      "id": "822",
      "type": "Feature",
      "properties": {
        "zone_id": "Grid-26-16",
        "name": "Grid-26-16",
        "flood_km2": 0.1004,
        "flood_pct": 10.04,
        "zone_area_km2": 1.0,
        "population": 807.4437,
        "people_affected": 81.0673,
        "facilities_hit": 0,
        "facilities_by_type": {},
        "road_cut_km": 0.0,
        "confidence": "Low",
        "confidence_score": 0.36,
        "reason": "Flagged for on-ground verification: High impact (P2) with Low detection confidence",
        "conf_detail": {
          "agreement_ratio": 0.0,
          "terrain_penalty": 0.0,
          "time_penalty": 0.375,
          "margin_score": 0.677,
          "method_penalty": 0.15
        },
        "breakdown": {
          "severity": 0.0427,
          "people": 0.0314,
          "facilities": 0.0,
          "roads": 0.0
        },
        "score": 0.0742,
        "rank": 219,
        "tier": "VERIFY"
      },
      "geometry": {
        "type": "Polygon",
        "coordinates": [
          [
            [
              91.11955636207213,
              26.124628584631576
            ],
            [
              91.11941179822671,
              26.133653399580304
            ],
            [
              91.10941365804005,
              26.13352253214151
            ],
            [
              91.10955898934567,
              26.1244977690981
            ],
            [
              91.11955636207213,
              26.124628584631576
            ]
          ]
        ]
      }
    },
    {
      "id": "270",
      "type": "Feature",
      "properties": {
        "zone_id": "Grid-8-22",
        "name": "Grid-8-22",
        "flood_km2": 0.0772,
        "flood_pct": 7.72,
        "zone_area_km2": 1.0,
        "population": 1362.495,
        "people_affected": 105.1846,
        "facilities_hit": 0,
        "facilities_by_type": {},
        "road_cut_km": 0.0,
        "confidence": "Low",
        "confidence_score": 0.347,
        "reason": "Flagged for on-ground verification: High impact (P2) with Low detection confidence",
        "conf_detail": {
          "agreement_ratio": 0.0,
          "terrain_penalty": 0.0,
          "time_penalty": 0.375,
          "margin_score": 0.609,
          "method_penalty": 0.15
        },
        "breakdown": {
          "severity": 0.0328,
          "people": 0.0408,
          "facilities": 0.0,
          "roads": 0.0
        },
        "score": 0.0736,
        "rank": 220,
        "tier": "VERIFY"
      },
      "geometry": {
        "type": "Polygon",
        "coordinates": [
          [
            [
              91.17701258460087,
              26.287849260591855
            ],
            [
              91.17687142621394,
              26.296874164676932
            ],
            [
              91.16685900045447,
              26.296746550003977
            ],
            [
              91.16700093301276,
              26.287721696311337
            ],
            [
              91.17701258460087,
              26.287849260591855
            ]
          ]
        ]
      }
    },
    {
      "id": "46",
      "type": "Feature",
      "properties": {
        "zone_id": "Grid-1-15",
        "name": "Grid-1-15",
        "flood_km2": 0.0868,
        "flood_pct": 8.68,
        "zone_area_km2": 1.0,
        "population": 1088.5823,
        "people_affected": 94.4889,
        "facilities_hit": 0,
        "facilities_by_type": {},
        "road_cut_km": 0.0,
        "confidence": "Low",
        "confidence_score": 0.346,
        "reason": "Flagged for on-ground verification: High impact (P2) with Low detection confidence",
        "conf_detail": {
          "agreement_ratio": 0.0,
          "terrain_penalty": 0.0,
          "time_penalty": 0.375,
          "margin_score": 0.603,
          "method_penalty": 0.15
        },
        "breakdown": {
          "severity": 0.0369,
          "people": 0.0366,
          "facilities": 0.0,
          "roads": 0.0
        },
        "score": 0.0736,
        "rank": 221,
        "tier": "VERIFY"
      },
      "geometry": {
        "type": "Polygon",
        "coordinates": [
          [
            [
              91.10590494908492,
              26.350113221106405
            ],
            [
              91.1057578854659,
              26.359137681803382
            ],
            [
              91.09574050968979,
              26.359004814267525
            ],
            [
              91.09588834988703,
              26.349980405946965
            ],
            [
              91.10590494908492,
              26.350113221106405
            ]
          ]
        ]
      }
    },
    {
      "id": "802",
      "type": "Feature",
      "properties": {
        "zone_id": "Grid-25-27",
        "name": "Grid-25-27",
        "flood_km2": 0.1236,
        "flood_pct": 12.36,
        "zone_area_km2": 1.0,
        "population": 433.4148,
        "people_affected": 53.5701,
        "facilities_hit": 0,
        "facilities_by_type": {},
        "road_cut_km": 0.0,
        "confidence": "Low",
        "confidence_score": 0.38,
        "reason": "Flagged for on-ground verification: High impact (P2) with Low detection confidence",
        "conf_detail": {
          "agreement_ratio": 0.0,
          "terrain_penalty": 0.0,
          "time_penalty": 0.375,
          "margin_score": 0.776,
          "method_penalty": 0.15
        },
        "breakdown": {
          "severity": 0.0526,
          "people": 0.0208,
          "facilities": 0.0,
          "roads": 0.0
        },
        "score": 0.0734,
        "rank": 222,
        "tier": "VERIFY"
      },
      "geometry": {
        "type": "Polygon",
        "coordinates": [
          [
            [
              91.22939579109968,
              26.13504719503327
            ],
            [
              91.2292596061556,
              26.14407255083758
            ],
            [
              91.21925996277454,
              26.143949259231555
            ],
            [
              91.21939691578812,
              26.134923952316843
            ],
            [
              91.22939579109968,
              26.13504719503327
            ]
          ]
        ]
      }
    },
    {
      "id": "232",
      "type": "Feature",
      "properties": {
        "zone_id": "Grid-7-15",
        "name": "Grid-7-15",
        "flood_km2": 0.0876,
        "flood_pct": 8.76,
        "zone_area_km2": 1.0,
        "population": 1057.0206,
        "people_affected": 92.595,
        "facilities_hit": 0,
        "facilities_by_type": {},
        "road_cut_km": 0.0,
        "confidence": "Low",
        "confidence_score": 0.361,
        "reason": "Flagged for on-ground verification: High impact (P2) with Low detection confidence",
        "conf_detail": {
          "agreement_ratio": 0.0,
          "terrain_penalty": 0.0,
          "time_penalty": 0.375,
          "margin_score": 0.681,
          "method_penalty": 0.15
        },
        "breakdown": {
          "severity": 0.0373,
          "people": 0.0359,
          "facilities": 0.0,
          "roads": 0.0
        },
        "score": 0.0732,
        "rank": 223,
        "tier": "VERIFY"
      },
      "geometry": {
        "type": "Polygon",
        "coordinates": [
          [
            [
              91.10678587061561,
              26.29596620227301
            ],
            [
              91.10663922407521,
              26.304990735711918
            ],
            [
              91.09662650226429,
              26.304858182316067
            ],
            [
              91.0967739231821,
              26.295833701206202
            ],
            [
              91.10678587061561,
              26.29596620227301
            ]
          ]
        ]
      }
    },
    {
      "id": "144",
      "type": "Feature",
      "properties": {
        "zone_id": "Grid-4-20",
        "name": "Grid-4-20",
        "flood_km2": 0.094,
        "flood_pct": 9.4,
        "zone_area_km2": 1.0,
        "population": 904.5994,
        "people_affected": 85.0323,
        "facilities_hit": 0,
        "facilities_by_type": {},
        "road_cut_km": 0.0,
        "confidence": "Low",
        "confidence_score": 0.344,
        "reason": "Flagged for on-ground verification: High impact (P2) with Low detection confidence",
        "conf_detail": {
          "agreement_ratio": 0.0,
          "terrain_penalty": 0.0,
          "time_penalty": 0.375,
          "margin_score": 0.594,
          "method_penalty": 0.15
        },
        "breakdown": {
          "severity": 0.04,
          "people": 0.033,
          "facilities": 0.0,
          "roads": 0.0
        },
        "score": 0.073,
        "rank": 224,
        "tier": "VERIFY"
      },
      "geometry": {
        "type": "Polygon",
        "coordinates": [
          [
            [
              91.15641811611937,
              26.323692573838205
            ],
            [
              91.15627513887847,
              26.332717328548526
            ],
            [
              91.14625974778106,
              26.33258811382097
            ],
            [
              91.14640350061464,
              26.323563410084905
            ],
            [
              91.15641811611937,
              26.323692573838205
            ]
          ]
        ]
      }
    },
    {
      "id": "269",
      "type": "Feature",
      "properties": {
        "zone_id": "Grid-8-21",
        "name": "Grid-8-21",
        "flood_km2": 0.0808,
        "flood_pct": 8.08,
        "zone_area_km2": 1.0,
        "population": 1227.6885,
        "people_affected": 99.1972,
        "facilities_hit": 0,
        "facilities_by_type": {},
        "road_cut_km": 0.0,
        "confidence": "Low",
        "confidence_score": 0.343,
        "reason": "Flagged for on-ground verification: High impact (P2) with Low detection confidence",
        "conf_detail": {
          "agreement_ratio": 0.0,
          "terrain_penalty": 0.0,
          "time_penalty": 0.375,
          "margin_score": 0.59,
          "method_penalty": 0.15
        },
        "breakdown": {
          "severity": 0.0344,
          "people": 0.0385,
          "facilities": 0.0,
          "roads": 0.0
        },
        "score": 0.0728,
        "rank": 225,
        "tier": "VERIFY"
      },
      "geometry": {
        "type": "Polygon",
        "coordinates": [
          [
            [
              91.16700093301276,
              26.287721696311337
            ],
            [
              91.16685900045447,
              26.296746550003977
            ],
            [
              91.15684664192796,
              26.29661823722019
            ],
            [
              91.15698934863505,
              26.287593434195536
            ],
            [
              91.16700093301276,
              26.287721696311337
            ]
          ]
        ]
      }
    },
    {
      "id": "101",
      "type": "Feature",
      "properties": {
        "zone_id": "Grid-3-8",
        "name": "Grid-3-8",
        "flood_km2": 0.0816,
        "flood_pct": 8.16,
        "zone_area_km2": 1.0,
        "population": 1199.97,
        "people_affected": 97.9175,
        "facilities_hit": 0,
        "facilities_by_type": {},
        "road_cut_km": 0.0,
        "confidence": "Low",
        "confidence_score": 0.344,
        "reason": "Flagged for on-ground verification: High impact (P2) with Low detection confidence",
        "conf_detail": {
          "agreement_ratio": 0.0,
          "terrain_penalty": 0.0,
          "time_penalty": 0.375,
          "margin_score": 0.597,
          "method_penalty": 0.15
        },
        "breakdown": {
          "severity": 0.0347,
          "people": 0.038,
          "facilities": 0.0,
          "roads": 0.0
        },
        "score": 0.0727,
        "rank": 226,
        "tier": "VERIFY"
      },
      "geometry": {
        "type": "Polygon",
        "coordinates": [
          [
            [
              91.03609501819659,
              26.33112061018411
            ],
            [
              91.03594266328527,
              26.340144722827194
            ],
            [
              91.02592733740994,
              26.340007064908907
            ],
            [
              91.02608046799853,
              26.33098300655617
            ],
            [
              91.03609501819659,
              26.33112061018411
            ]
          ]
        ]
      }
    },
    {
      "id": "732",
      "type": "Feature",
      "properties": {
        "zone_id": "Grid-23-19",
        "name": "Grid-23-19",
        "flood_km2": 0.0964,
        "flood_pct": 9.64,
        "zone_area_km2": 1.0,
        "population": 844.3945,
        "people_affected": 81.3996,
        "facilities_hit": 0,
        "facilities_by_type": {},
        "road_cut_km": 0.0,
        "confidence": "Low",
        "confidence_score": 0.362,
        "reason": "Flagged for on-ground verification: High impact (P2) with Low detection confidence",
        "conf_detail": {
          "agreement_ratio": 0.0,
          "terrain_penalty": 0.0,
          "time_penalty": 0.375,
          "margin_score": 0.687,
          "method_penalty": 0.15
        },
        "breakdown": {
          "severity": 0.041,
          "people": 0.0316,
          "facilities": 0.0,
          "roads": 0.0
        },
        "score": 0.0726,
        "rank": 227,
        "tier": "VERIFY"
      },
      "geometry": {
        "type": "Polygon",
        "coordinates": [
          [
            [
              91.14912190388142,
              26.15209174537606
            ],
            [
              91.14897943981127,
              26.161116678306577
            ],
            [
              91.1389787899936,
              26.16098773683396
            ],
            [
              91.13912202268527,
              26.15196285500733
            ],
            [
              91.14912190388142,
              26.15209174537606
            ]
          ]
        ]
      }
    },
    {
      "id": "155",
      "type": "Feature",
      "properties": {
        "zone_id": "Grid-5-0",
        "name": "Grid-5-0",
        "flood_km2": 0.108,
        "flood_pct": 10.8,
        "zone_area_km2": 1.0,
        "population": 631.2329,
        "people_affected": 68.1732,
        "facilities_hit": 0,
        "facilities_by_type": {},
        "road_cut_km": 0.0,
        "confidence": "Low",
        "confidence_score": 0.352,
        "reason": "Flagged for on-ground verification: High impact (P2) with Low detection confidence",
        "conf_detail": {
          "agreement_ratio": 0.0,
          "terrain_penalty": 0.0,
          "time_penalty": 0.375,
          "margin_score": 0.634,
          "method_penalty": 0.15
        },
        "breakdown": {
          "severity": 0.0459,
          "people": 0.0264,
          "facilities": 0.0,
          "roads": 0.0
        },
        "score": 0.0724,
        "rank": 228,
        "tier": "VERIFY"
      },
      "geometry": {
        "type": "Polygon",
        "coordinates": [
          [
            [
              90.95629756023696,
              26.31195283366268
            ],
            [
              90.95613915062236,
              26.320976528758546
            ],
            [
              90.94612596547856,
              26.320833390553773
            ],
            [
              90.94628514983927,
              26.311809751936053
            ],
            [
              90.95629756023696,
              26.31195283366268
            ]
          ]
        ]
      }
    },
    {
      "id": "36",
      "type": "Feature",
      "properties": {
        "zone_id": "Grid-1-5",
        "name": "Grid-1-5",
        "flood_km2": 0.1004,
        "flood_pct": 10.04,
        "zone_area_km2": 1.0,
        "population": 741.4194,
        "people_affected": 74.4385,
        "facilities_hit": 0,
        "facilities_by_type": {},
        "road_cut_km": 0.0,
        "confidence": "Low",
        "confidence_score": 0.351,
        "reason": "Flagged for on-ground verification: High impact (P2) with Low detection confidence",
        "conf_detail": {
          "agreement_ratio": 0.0,
          "terrain_penalty": 0.0,
          "time_penalty": 0.375,
          "margin_score": 0.632,
          "method_penalty": 0.15
        },
        "breakdown": {
          "severity": 0.0427,
          "people": 0.0289,
          "facilities": 0.0,
          "roads": 0.0
        },
        "score": 0.0716,
        "rank": 229,
        "tier": "VERIFY"
      },
      "geometry": {
        "type": "Polygon",
        "coordinates": [
          [
            [
              91.00574214838943,
              26.34875358814581
            ],
            [
              91.00558732006023,
              26.35777751266932
            ],
            [
              90.99557066042765,
              26.35763764686818
            ],
            [
              90.99572626509456,
              26.348613777478533
            ],
            [
              91.00574214838943,
              26.34875358814581
            ]
          ]
        ]
      }
    },
    {
      "id": "197",
      "type": "Feature",
      "properties": {
        "zone_id": "Grid-6-11",
        "name": "Grid-6-11",
        "flood_km2": 0.0944,
        "flood_pct": 9.44,
        "zone_area_km2": 1.0,
        "population": 858.193,
        "people_affected": 81.0134,
        "facilities_hit": 0,
        "facilities_by_type": {},
        "road_cut_km": 0.0,
        "confidence": "Low",
        "confidence_score": 0.354,
        "reason": "Flagged for on-ground verification: High impact (P2) with Low detection confidence",
        "conf_detail": {
          "agreement_ratio": 0.0,
          "terrain_penalty": 0.0,
          "time_penalty": 0.375,
          "margin_score": 0.647,
          "method_penalty": 0.15
        },
        "breakdown": {
          "severity": 0.0402,
          "people": 0.0314,
          "facilities": 0.0,
          "roads": 0.0
        },
        "score": 0.0716,
        "rank": 230,
        "tier": "VERIFY"
      },
      "geometry": {
        "type": "Polygon",
        "coordinates": [
          [
            [
              91.06658875722525,
              26.304456332654805
            ],
            [
              91.06643894239544,
              26.313480642976714
            ],
            [
              91.05642572741905,
              26.313345243221942
            ],
            [
              91.05657631689836,
              26.304320986339224
            ],
            [
              91.06658875722525,
              26.304456332654805
            ]
          ]
        ]
      }
    },
    {
      "id": "64",
      "type": "Feature",
      "properties": {
        "zone_id": "Grid-2-2",
        "name": "Grid-2-2",
        "flood_km2": 0.0788,
        "flood_pct": 7.88,
        "zone_area_km2": 1.0,
        "population": 1202.1921,
        "people_affected": 94.7327,
        "facilities_hit": 0,
        "facilities_by_type": {},
        "road_cut_km": 0.0,
        "confidence": "Low",
        "confidence_score": 0.36,
        "reason": "Flagged for on-ground verification: High impact (P2) with Low detection confidence",
        "conf_detail": {
          "agreement_ratio": 0.0,
          "terrain_penalty": 0.0,
          "time_penalty": 0.375,
          "margin_score": 0.674,
          "method_penalty": 0.15
        },
        "breakdown": {
          "severity": 0.0335,
          "people": 0.0367,
          "facilities": 0.0,
          "roads": 0.0
        },
        "score": 0.0703,
        "rank": 231,
        "tier": "VERIFY"
      },
      "geometry": {
        "type": "Polygon",
        "coordinates": [
          [
            [
              90.97585180262355,
              26.33930828729848
            ],
            [
              90.97569471969817,
              26.348332057830813
            ],
            [
              90.96567905833051,
              26.34819014888997
            ],
            [
              90.96583691715216,
              26.3391664343101
            ],
            [
              90.97585180262355,
              26.33930828729848
            ]
          ]
        ]
      }
    },
    {
      "id": "90",
      "type": "Feature",
      "properties": {
        "zone_id": "Grid-2-28",
        "name": "Grid-2-28",
        "flood_km2": 0.1076,
        "flood_pct": 10.76,
        "zone_area_km2": 1.0,
        "population": 585.027,
        "people_affected": 62.9489,
        "facilities_hit": 0,
        "facilities_by_type": {},
        "road_cut_km": 0.0,
        "confidence": "Low",
        "confidence_score": 0.348,
        "reason": "Flagged for on-ground verification: High impact (P2) with Low detection confidence",
        "conf_detail": {
          "agreement_ratio": 0.0,
          "terrain_penalty": 0.0,
          "time_penalty": 0.375,
          "margin_score": 0.614,
          "method_penalty": 0.15
        },
        "breakdown": {
          "severity": 0.0458,
          "people": 0.0244,
          "facilities": 0.0,
          "roads": 0.0
        },
        "score": 0.0702,
        "rank": 232,
        "tier": "VERIFY"
      },
      "geometry": {
        "type": "Polygon",
        "coordinates": [
          [
            [
              91.23626383723261,
              26.34275101437951
            ],
            [
              91.23612693601055,
              26.351776142901617
            ],
            [
              91.22610946102391,
              26.3516524246793
            ],
            [
              91.22624713875118,
              26.342627344940187
            ],
            [
              91.23626383723261,
              26.34275101437951
            ]
          ]
        ]
      }
    },
    {
      "id": "794",
      "type": "Feature",
      "properties": {
        "zone_id": "Grid-25-19",
        "name": "Grid-25-19",
        "flood_km2": 0.0956,
        "flood_pct": 9.56,
        "zone_area_km2": 1.0,
        "population": 770.3395,
        "people_affected": 73.6445,
        "facilities_hit": 0,
        "facilities_by_type": {},
        "road_cut_km": 0.0,
        "confidence": "Low",
        "confidence_score": 0.349,
        "reason": "Flagged for on-ground verification: High impact (P2) with Low detection confidence",
        "conf_detail": {
          "agreement_ratio": 0.0,
          "terrain_penalty": 0.0,
          "time_penalty": 0.375,
          "margin_score": 0.622,
          "method_penalty": 0.15
        },
        "breakdown": {
          "severity": 0.0407,
          "people": 0.0286,
          "facilities": 0.0,
          "roads": 0.0
        },
        "score": 0.0692,
        "rank": 233,
        "tier": "VERIFY"
      },
      "geometry": {
        "type": "Polygon",
        "coordinates": [
          [
            [
              91.14940662923465,
              26.134041843423304
            ],
            [
              91.14926430034838,
              26.14306680041392
            ],
            [
              91.13926518740926,
              26.14293796114144
            ],
            [
              91.13940828418822,
              26.133913055239407
            ],
            [
              91.14940662923465,
              26.134041843423304
            ]
          ]
        ]
      }
    },
    {
      "id": "772",
      "type": "Feature",
      "properties": {
        "zone_id": "Grid-24-28",
        "name": "Grid-24-28",
        "flood_km2": 0.1048,
        "flood_pct": 10.48,
        "zone_area_km2": 1.0,
        "population": 604.3018,
        "people_affected": 63.3308,
        "facilities_hit": 0,
        "facilities_by_type": {},
        "road_cut_km": 0.0,
        "confidence": "Low",
        "confidence_score": 0.378,
        "reason": "Flagged for on-ground verification: High impact (P2) with Low detection confidence",
        "conf_detail": {
          "agreement_ratio": 0.0,
          "terrain_penalty": 0.0,
          "time_penalty": 0.375,
          "margin_score": 0.763,
          "method_penalty": 0.15
        },
        "breakdown": {
          "severity": 0.0446,
          "people": 0.0246,
          "facilities": 0.0,
          "roads": 0.0
        },
        "score": 0.0691,
        "rank": 234,
        "tier": "VERIFY"
      },
      "geometry": {
        "type": "Polygon",
        "coordinates": [
          [
            [
              91.23925931420187,
              26.144195148906444
            ],
            [
              91.2391238330481,
              26.153220541363893
            ],
            [
              91.22912335654627,
              26.153097894673063
            ],
            [
              91.2292596061556,
              26.14407255083758
            ],
            [
              91.23925931420187,
              26.144195148906444
            ]
          ]
        ]
      }
    },
    {
      "id": "360",
      "type": "Feature",
      "properties": {
        "zone_id": "Grid-11-19",
        "name": "Grid-11-19",
        "flood_km2": 0.0604,
        "flood_pct": 6.04,
        "zone_area_km2": 1.0,
        "population": 1853.9902,
        "people_affected": 111.981,
        "facilities_hit": 0,
        "facilities_by_type": {},
        "road_cut_km": 0.0,
        "confidence": "Low",
        "confidence_score": 0.34,
        "reason": "Flagged for on-ground verification: High impact (P2) with Low detection confidence",
        "conf_detail": {
          "agreement_ratio": 0.0,
          "terrain_penalty": 0.0,
          "time_penalty": 0.375,
          "margin_score": 0.577,
          "method_penalty": 0.15
        },
        "breakdown": {
          "severity": 0.0257,
          "people": 0.0434,
          "facilities": 0.0,
          "roads": 0.0
        },
        "score": 0.0691,
        "rank": 235,
        "tier": "VERIFY"
      },
      "geometry": {
        "type": "Polygon",
        "coordinates": [
          [
            [
              91.14740786676636,
              26.260390145560745
            ],
            [
              91.14726458969413,
              26.269414933867925
            ],
            [
              91.13725468794425,
              26.269285378550766
            ],
            [
              91.13739873802129,
              26.26026064143955
            ],
            [
              91.14740786676636,
              26.260390145560745
            ]
          ]
        ]
      }
    },
    {
      "id": "35",
      "type": "Feature",
      "properties": {
        "zone_id": "Grid-1-4",
        "name": "Grid-1-4",
        "flood_km2": 0.0956,
        "flood_pct": 9.56,
        "zone_area_km2": 1.0,
        "population": 756.2136,
        "people_affected": 72.294,
        "facilities_hit": 0,
        "facilities_by_type": {},
        "road_cut_km": 0.0,
        "confidence": "Low",
        "confidence_score": 0.355,
        "reason": "Flagged for on-ground verification: High impact (P2) with Low detection confidence",
        "conf_detail": {
          "agreement_ratio": 0.0,
          "terrain_penalty": 0.0,
          "time_penalty": 0.375,
          "margin_score": 0.648,
          "method_penalty": 0.15
        },
        "breakdown": {
          "severity": 0.0407,
          "people": 0.028,
          "facilities": 0.0,
          "roads": 0.0
        },
        "score": 0.0687,
        "rank": 236,
        "tier": "VERIFY"
      },
      "geometry": {
        "type": "Polygon",
        "coordinates": [
          [
            [
              90.99572626509456,
              26.348613777478533
            ],
            [
              90.99557066042765,
              26.35763764686818
            ],
            [
              90.98555407442858,
              26.357497081347038
            ],
            [
              90.98571045540848,
              26.348473267366952
            ],
            [
              90.99572626509456,
              26.348613777478533
            ]
          ]
        ]
      }
    },
    {
      "id": "109",
      "type": "Feature",
      "properties": {
        "zone_id": "Grid-3-16",
        "name": "Grid-3-16",
        "flood_km2": 0.0692,
        "flood_pct": 6.92,
        "zone_area_km2": 1.0,
        "population": 1451.2876,
        "people_affected": 100.4291,
        "facilities_hit": 0,
        "facilities_by_type": {},
        "road_cut_km": 0.0,
        "confidence": "Low",
        "confidence_score": 0.335,
        "reason": "Flagged for on-ground verification: High impact (P2) with Low detection confidence",
        "conf_detail": {
          "agreement_ratio": 0.0,
          "terrain_penalty": 0.0,
          "time_penalty": 0.375,
          "margin_score": 0.552,
          "method_penalty": 0.15
        },
        "breakdown": {
          "severity": 0.0294,
          "people": 0.0389,
          "facilities": 0.0,
          "roads": 0.0
        },
        "score": 0.0684,
        "rank": 237,
        "tier": "VERIFY"
      },
      "geometry": {
        "type": "Polygon",
        "coordinates": [
          [
            [
              91.11621398429934,
              26.332196274647817
            ],
            [
              91.11606783566734,
              26.341220811689514
            ],
            [
              91.10605194313248,
              26.341088748277944
            ],
            [
              91.10619886763197,
              26.332064263321136
            ],
            [
              91.11621398429934,
              26.332196274647817
            ]
          ]
        ]
      }
    },
    {
      "id": "187",
      "type": "Feature",
      "properties": {
        "zone_id": "Grid-6-1",
        "name": "Grid-6-1",
        "flood_km2": 0.1016,
        "flood_pct": 10.16,
        "zone_area_km2": 1.0,
        "population": 633.7854,
        "people_affected": 64.3926,
        "facilities_hit": 0,
        "facilities_by_type": {},
        "road_cut_km": 0.0,
        "confidence": "Low",
        "confidence_score": 0.337,
        "reason": "Flagged for on-ground verification: High impact (P2) with Low detection confidence",
        "conf_detail": {
          "agreement_ratio": 0.0,
          "terrain_penalty": 0.0,
          "time_penalty": 0.375,
          "margin_score": 0.561,
          "method_penalty": 0.15
        },
        "breakdown": {
          "severity": 0.0432,
          "people": 0.025,
          "facilities": 0.0,
          "roads": 0.0
        },
        "score": 0.0682,
        "rank": 238,
        "tier": "VERIFY"
      },
      "geometry": {
        "type": "Polygon",
        "coordinates": [
          [
            [
              90.9664676058444,
              26.30307145359511
            ],
            [
              90.9663100456104,
              26.312095217126796
            ],
            [
              90.95629756023696,
              26.31195283366268
            ],
            [
              90.95645589487582,
              26.302929126325182
            ],
            [
              90.9664676058444,
              26.30307145359511
            ]
          ]
        ]
      }
    },
    {
      "id": "742",
      "type": "Feature",
      "properties": {
        "zone_id": "Grid-23-29",
        "name": "Grid-23-29",
        "flood_km2": 0.1348,
        "flood_pct": 13.48,
        "zone_area_km2": 1.0,
        "population": 200.0737,
        "people_affected": 26.9699,
        "facilities_hit": 0,
        "facilities_by_type": {},
        "road_cut_km": 0.0,
        "confidence": "Low",
        "confidence_score": 0.38,
        "reason": "Flagged for on-ground verification: High impact (P2) with Low detection confidence",
        "conf_detail": {
          "agreement_ratio": 0.0,
          "terrain_penalty": 0.0,
          "time_penalty": 0.375,
          "margin_score": 0.777,
          "method_penalty": 0.15
        },
        "breakdown": {
          "severity": 0.0573,
          "people": 0.0105,
          "facilities": 0.0,
          "roads": 0.0
        },
        "score": 0.0678,
        "rank": 239,
        "tier": "VERIFY"
      },
      "geometry": {
        "type": "Polygon",
        "coordinates": [
          [
            [
              91.24912437387214,
              26.153342494225395
            ],
            [
              91.24898959723777,
              26.16236792307243
            ],
            [
              91.23898828757213,
              26.162245921856687
            ],
            [
              91.2391238330481,
              26.153220541363893
            ],
            [
              91.24912437387214,
              26.153342494225395
            ]
          ]
        ]
      }
    },
    {
      "id": "229",
      "type": "Feature",
      "properties": {
        "zone_id": "Grid-7-12",
        "name": "Grid-7-12",
        "flood_km2": 0.0908,
        "flood_pct": 9.08,
        "zone_area_km2": 1.0,
        "population": 823.5294,
        "people_affected": 74.7765,
        "facilities_hit": 0,
        "facilities_by_type": {},
        "road_cut_km": 0.0,
        "confidence": "Low",
        "confidence_score": 0.349,
        "reason": "Flagged for on-ground verification: High impact (P2) with Low detection confidence",
        "conf_detail": {
          "agreement_ratio": 0.0,
          "terrain_penalty": 0.0,
          "time_penalty": 0.375,
          "margin_score": 0.622,
          "method_penalty": 0.15
        },
        "breakdown": {
          "severity": 0.0386,
          "people": 0.029,
          "facilities": 0.0,
          "roads": 0.0
        },
        "score": 0.0676,
        "rank": 240,
        "tier": "VERIFY"
      },
      "geometry": {
        "type": "Polygon",
        "coordinates": [
          [
            [
              91.07675023807514,
              26.29556660514357
            ],
            [
              91.07660126847284,
              26.304590980768737
            ],
            [
              91.06658875722525,
              26.304456332654805
            ],
            [
              91.06673850113438,
              26.295432010185273
            ],
            [
              91.07675023807514,
              26.29556660514357
            ]
          ]
        ]
      }
    },
    {
      "id": "42",
      "type": "Feature",
      "properties": {
        "zone_id": "Grid-1-11",
        "name": "Grid-1-11",
        "flood_km2": 0.068,
        "flood_pct": 6.8,
        "zone_area_km2": 1.0,
        "population": 1467.4099,
        "people_affected": 99.7839,
        "facilities_hit": 0,
        "facilities_by_type": {},
        "road_cut_km": 0.0,
        "confidence": "Low",
        "confidence_score": 0.34,
        "reason": "Flagged for on-ground verification: High impact (P2) with Low detection confidence",
        "conf_detail": {
          "agreement_ratio": 0.0,
          "terrain_penalty": 0.0,
          "time_penalty": 0.375,
          "margin_score": 0.577,
          "method_penalty": 0.15
        },
        "breakdown": {
          "severity": 0.0289,
          "people": 0.0387,
          "facilities": 0.0,
          "roads": 0.0
        },
        "score": 0.0676,
        "rank": 241,
        "tier": "VERIFY"
      },
      "geometry": {
        "type": "Polygon",
        "coordinates": [
          [
            [
              91.06583897339311,
              26.349577762725264
            ],
            [
              91.06568880360264,
              26.358602012261894
            ],
            [
              91.055671709878,
              26.358466345190244
            ],
            [
              91.05582265615199,
              26.34944214913313
            ],
            [
              91.06583897339311,
              26.349577762725264
            ]
          ]
        ]
      }
    },
    {
      "id": "156",
      "type": "Feature",
      "properties": {
        "zone_id": "Grid-5-1",
        "name": "Grid-5-1",
        "flood_km2": 0.1072,
        "flood_pct": 10.72,
        "zone_area_km2": 1.0,
        "population": 522.523,
        "people_affected": 56.0145,
        "facilities_hit": 0,
        "facilities_by_type": {},
        "road_cut_km": 0.0,
        "confidence": "Low",
        "confidence_score": 0.344,
        "reason": "Flagged for on-ground verification: High impact (P2) with Low detection confidence",
        "conf_detail": {
          "agreement_ratio": 0.0,
          "terrain_penalty": 0.0,
          "time_penalty": 0.375,
          "margin_score": 0.593,
          "method_penalty": 0.15
        },
        "breakdown": {
          "severity": 0.0456,
          "people": 0.0217,
          "facilities": 0.0,
          "roads": 0.0
        },
        "score": 0.0673,
        "rank": 242,
        "tier": "VERIFY"
      },
      "geometry": {
        "type": "Polygon",
        "coordinates": [
          [
            [
              90.9663100456104,
              26.312095217126796
            ],
            [
              90.96615241076705,
              26.32111896842532
            ],
            [
              90.95613915062236,
              26.320976528758546
            ],
            [
              90.95629756023696,
              26.31195283366268
            ],
            [
              90.9663100456104,
              26.312095217126796
            ]
          ]
        ]
      }
    },
    {
      "id": "4",
      "type": "Feature",
      "properties": {
        "zone_id": "Grid-0-4",
        "name": "Grid-0-4",
        "flood_km2": 0.0924,
        "flood_pct": 9.24,
        "zone_area_km2": 1.0,
        "population": 765.4276,
        "people_affected": 70.7255,
        "facilities_hit": 0,
        "facilities_by_type": {},
        "road_cut_km": 0.0,
        "confidence": "Low",
        "confidence_score": 0.355,
        "reason": "Flagged for on-ground verification: High impact (P2) with Low detection confidence",
        "conf_detail": {
          "agreement_ratio": 0.0,
          "terrain_penalty": 0.0,
          "time_penalty": 0.375,
          "margin_score": 0.648,
          "method_penalty": 0.15
        },
        "breakdown": {
          "severity": 0.0393,
          "people": 0.0274,
          "facilities": 0.0,
          "roads": 0.0
        },
        "score": 0.0667,
        "rank": 243,
        "tier": "VERIFY"
      },
      "geometry": {
        "type": "Polygon",
        "coordinates": [
          [
            [
              90.99557066042765,
              26.35763764686818
            ],
            [
              90.99541498212717,
              26.366661504033925
            ],
            [
              90.98539761944807,
              26.366520883094857
            ],
            [
              90.98555407442858,
              26.357497081347038
            ],
            [
              90.99557066042765,
              26.35763764686818
            ]
          ]
        ]
      }
    },
    {
      "id": "18",
      "type": "Feature",
      "properties": {
        "zone_id": "Grid-0-18",
        "name": "Grid-0-18",
        "flood_km2": 0.0944,
        "flood_pct": 9.44,
        "zone_area_km2": 1.0,
        "population": 724.1649,
        "people_affected": 68.3612,
        "facilities_hit": 0,
        "facilities_by_type": {},
        "road_cut_km": 0.0,
        "confidence": "Low",
        "confidence_score": 0.348,
        "reason": "Flagged for on-ground verification: High impact (P2) with Low detection confidence",
        "conf_detail": {
          "agreement_ratio": 0.0,
          "terrain_penalty": 0.0,
          "time_penalty": 0.375,
          "margin_score": 0.613,
          "method_penalty": 0.15
        },
        "breakdown": {
          "severity": 0.0402,
          "people": 0.0265,
          "facilities": 0.0,
          "roads": 0.0
        },
        "score": 0.0667,
        "rank": 244,
        "tier": "VERIFY"
      },
      "geometry": {
        "type": "Polygon",
        "coordinates": [
          [
            [
              91.13581042889417,
              26.359532084751294
            ],
            [
              91.13566562665656,
              26.368556688811587
            ],
            [
              91.12564726618247,
              26.368425869567304
            ],
            [
              91.12579284543534,
              26.359401317063792
            ],
            [
              91.13581042889417,
              26.359532084751294
            ]
          ]
        ]
      }
    },
    {
      "id": "803",
      "type": "Feature",
      "properties": {
        "zone_id": "Grid-25-28",
        "name": "Grid-25-28",
        "flood_km2": 0.1324,
        "flood_pct": 13.24,
        "zone_area_km2": 1.0,
        "population": 198.8844,
        "people_affected": 26.3323,
        "facilities_hit": 0,
        "facilities_by_type": {},
        "road_cut_km": 0.0,
        "confidence": "Low",
        "confidence_score": 0.39,
        "reason": "Flagged for on-ground verification: High impact (P2) with Low detection confidence",
        "conf_detail": {
          "agreement_ratio": 0.0,
          "terrain_penalty": 0.0,
          "time_penalty": 0.375,
          "margin_score": 0.826,
          "method_penalty": 0.15
        },
        "breakdown": {
          "severity": 0.0563,
          "people": 0.0102,
          "facilities": 0.0,
          "roads": 0.0
        },
        "score": 0.0665,
        "rank": 245,
        "tier": "VERIFY"
      },
      "geometry": {
        "type": "Polygon",
        "coordinates": [
          [
            [
              91.23939473105489,
              26.135169744487442
            ],
            [
              91.23925931420187,
              26.144195148906444
            ],
            [
              91.2292596061556,
              26.14407255083758
            ],
            [
              91.22939579109968,
              26.13504719503327
            ],
            [
              91.23939473105489,
              26.135169744487442
            ]
          ]
        ]
      }
    },
    {
      "id": "205",
      "type": "Feature",
      "properties": {
        "zone_id": "Grid-6-19",
        "name": "Grid-6-19",
        "flood_km2": 0.0672,
        "flood_pct": 6.72,
        "zone_area_km2": 1.0,
        "population": 1454.8071,
        "people_affected": 97.763,
        "facilities_hit": 0,
        "facilities_by_type": {},
        "road_cut_km": 0.0,
        "confidence": "Low",
        "confidence_score": 0.345,
        "reason": "Flagged for on-ground verification: High impact (P2) with Low detection confidence",
        "conf_detail": {
          "agreement_ratio": 0.0,
          "terrain_penalty": 0.0,
          "time_penalty": 0.375,
          "margin_score": 0.598,
          "method_penalty": 0.15
        },
        "breakdown": {
          "severity": 0.0286,
          "people": 0.0379,
          "facilities": 0.0,
          "roads": 0.0
        },
        "score": 0.0665,
        "rank": 246,
        "tier": "VERIFY"
      },
      "geometry": {
        "type": "Polygon",
        "coordinates": [
          [
            [
              91.14669080220175,
              26.3055139663431
            ],
            [
              91.14654718541394,
              26.314538694257912
            ],
            [
              91.13653341314655,
              26.3144088828453
            ],
            [
              91.13667780477073,
              26.30538420616501
            ],
            [
              91.14669080220175,
              26.3055139663431
            ]
          ]
        ]
      }
    },
    {
      "id": "764",
      "type": "Feature",
      "properties": {
        "zone_id": "Grid-24-20",
        "name": "Grid-24-20",
        "flood_km2": 0.0852,
        "flood_pct": 8.52,
        "zone_area_km2": 1.0,
        "population": 915.1877,
        "people_affected": 77.974,
        "facilities_hit": 0,
        "facilities_by_type": {},
        "road_cut_km": 0.0,
        "confidence": "Low",
        "confidence_score": 0.358,
        "reason": "Flagged for on-ground verification: High impact (P2) with Low detection confidence",
        "conf_detail": {
          "agreement_ratio": 0.0,
          "terrain_penalty": 0.0,
          "time_penalty": 0.375,
          "margin_score": 0.666,
          "method_penalty": 0.15
        },
        "breakdown": {
          "severity": 0.0362,
          "people": 0.0302,
          "facilities": 0.0,
          "roads": 0.0
        },
        "score": 0.0665,
        "rank": 247,
        "tier": "VERIFY"
      },
      "geometry": {
        "type": "Polygon",
        "coordinates": [
          [
            [
              91.15926348086815,
              26.14319494629035
            ],
            [
              91.15912185268077,
              26.15221994207384
            ],
            [
              91.14912190388142,
              26.15209174537606
            ],
            [
              91.14926430034838,
              26.14306680041392
            ],
            [
              91.15926348086815,
              26.14319494629035
            ]
          ]
        ]
      }
    },
    {
      "id": "824",
      "type": "Feature",
      "properties": {
        "zone_id": "Grid-26-18",
        "name": "Grid-26-18",
        "flood_km2": 0.0904,
        "flood_pct": 9.04,
        "zone_area_km2": 1.0,
        "population": 795.7611,
        "people_affected": 71.9368,
        "facilities_hit": 0,
        "facilities_by_type": {},
        "road_cut_km": 0.0,
        "confidence": "Low",
        "confidence_score": 0.351,
        "reason": "Flagged for on-ground verification: High impact (P2) with Low detection confidence",
        "conf_detail": {
          "agreement_ratio": 0.0,
          "terrain_penalty": 0.0,
          "time_penalty": 0.375,
          "margin_score": 0.632,
          "method_penalty": 0.15
        },
        "breakdown": {
          "severity": 0.0385,
          "people": 0.0279,
          "facilities": 0.0,
          "roads": 0.0
        },
        "score": 0.0664,
        "rank": 248,
        "tier": "VERIFY"
      },
      "geometry": {
        "type": "Polygon",
        "coordinates": [
          [
            [
              91.13955131304479,
              26.124888137304396
            ],
            [
              91.13940828418822,
              26.133913055239407
            ],
            [
              91.12941000706417,
              26.133783573952353
            ],
            [
              91.12955380342655,
              26.12475870737309
            ],
            [
              91.13955131304479,
              26.124888137304396
            ]
          ]
        ]
      }
    },
    {
      "id": "354",
      "type": "Feature",
      "properties": {
        "zone_id": "Grid-11-13",
        "name": "Grid-11-13",
        "flood_km2": 0.0868,
        "flood_pct": 8.68,
        "zone_area_km2": 1.0,
        "population": 855.9167,
        "people_affected": 74.2936,
        "facilities_hit": 0,
        "facilities_by_type": {},
        "road_cut_km": 0.0,
        "confidence": "Low",
        "confidence_score": 0.345,
        "reason": "Flagged for on-ground verification: High impact (P2) with Low detection confidence",
        "conf_detail": {
          "agreement_ratio": 0.0,
          "terrain_penalty": 0.0,
          "time_penalty": 0.375,
          "margin_score": 0.6,
          "method_penalty": 0.15
        },
        "breakdown": {
          "severity": 0.0369,
          "people": 0.0288,
          "facilities": 0.0,
          "roads": 0.0
        },
        "score": 0.0657,
        "rank": 249,
        "tier": "VERIFY"
      },
      "geometry": {
        "type": "Polygon",
        "coordinates": [
          [
            [
              91.08735412522623,
              26.259602666882166
            ],
            [
              91.08720621047043,
              26.26862714388257
            ],
            [
              91.07719672379294,
              26.26849340546191
            ],
            [
              91.07734541141457,
              26.25946898130979
            ],
            [
              91.08735412522623,
              26.259602666882166
            ]
          ]
        ]
      }
    },
    {
      "id": "23",
      "type": "Feature",
      "properties": {
        "zone_id": "Grid-0-23",
        "name": "Grid-0-23",
        "flood_km2": 0.114,
        "flood_pct": 11.4,
        "zone_area_km2": 1.0,
        "population": 387.8382,
        "people_affected": 44.2136,
        "facilities_hit": 0,
        "facilities_by_type": {},
        "road_cut_km": 0.0,
        "confidence": "Low",
        "confidence_score": 0.351,
        "reason": "Flagged for on-ground verification: High impact (P2) with Low detection confidence",
        "conf_detail": {
          "agreement_ratio": 0.0,
          "terrain_penalty": 0.0,
          "time_penalty": 0.375,
          "margin_score": 0.628,
          "method_penalty": 0.15
        },
        "breakdown": {
          "severity": 0.0485,
          "people": 0.0171,
          "facilities": 0.0,
          "roads": 0.0
        },
        "score": 0.0656,
        "rank": 250,
        "tier": "VERIFY"
      },
      "geometry": {
        "type": "Polygon",
        "coordinates": [
          [
            [
              91.18589936623768,
              26.3601754230291
            ],
            [
              91.18575844941924,
              26.36920028073516
            ],
            [
              91.1757397500392,
              26.369072962983992
            ],
            [
              91.17588144398678,
              26.3600481554553
            ],
            [
              91.18589936623768,
              26.3601754230291
            ]
          ]
        ]
      }
    },
    {
      "id": "801",
      "type": "Feature",
      "properties": {
        "zone_id": "Grid-25-26",
        "name": "Grid-25-26",
        "flood_km2": 0.0972,
        "flood_pct": 9.72,
        "zone_area_km2": 1.0,
        "population": 620.1988,
        "people_affected": 60.2833,
        "facilities_hit": 0,
        "facilities_by_type": {},
        "road_cut_km": 0.0,
        "confidence": "Low",
        "confidence_score": 0.382,
        "reason": "Flagged for on-ground verification: High impact (P2) with Low detection confidence",
        "conf_detail": {
          "agreement_ratio": 0.0,
          "terrain_penalty": 0.0,
          "time_penalty": 0.375,
          "margin_score": 0.786,
          "method_penalty": 0.15
        },
        "breakdown": {
          "severity": 0.0413,
          "people": 0.0234,
          "facilities": 0.0,
          "roads": 0.0
        },
        "score": 0.0647,
        "rank": 251,
        "tier": "VERIFY"
      },
      "geometry": {
        "type": "Polygon",
        "coordinates": [
          [
            [
              91.21939691578812,
              26.134923952316843
            ],
            [
              91.21925996277454,
              26.143949259231555
            ],
            [
              91.20926038442323,
              26.143825274105648
            ],
            [
              91.20939810548462,
              26.13480001635546
            ],
            [
              91.21939691578812,
              26.134923952316843
            ]
          ]
        ]
      }
    },
    {
      "id": "50",
      "type": "Feature",
      "properties": {
        "zone_id": "Grid-1-19",
        "name": "Grid-1-19",
        "flood_km2": 0.0912,
        "flood_pct": 9.12,
        "zone_area_km2": 1.0,
        "population": 732.9677,
        "people_affected": 66.8466,
        "facilities_hit": 0,
        "facilities_by_type": {},
        "road_cut_km": 0.0,
        "confidence": "Low",
        "confidence_score": 0.348,
        "reason": "Flagged for on-ground verification: High impact (P2) with Low detection confidence",
        "conf_detail": {
          "agreement_ratio": 0.0,
          "terrain_penalty": 0.0,
          "time_penalty": 0.375,
          "margin_score": 0.616,
          "method_penalty": 0.15
        },
        "breakdown": {
          "severity": 0.0388,
          "people": 0.0259,
          "facilities": 0.0,
          "roads": 0.0
        },
        "score": 0.0647,
        "rank": 252,
        "tier": "VERIFY"
      },
      "geometry": {
        "type": "Polygon",
        "coordinates": [
          [
            [
              91.1459720379196,
              26.35063748500784
            ],
            [
              91.14582808084603,
              26.35966215245243
            ],
            [
              91.13581042889417,
              26.359532084751294
            ],
            [
              91.13595516263875,
              26.350507468579877
            ],
            [
              91.1459720379196,
              26.35063748500784
            ]
          ]
        ]
      }
    },
    {
      "id": "408",
      "type": "Feature",
      "properties": {
        "zone_id": "Grid-13-5",
        "name": "Grid-13-5",
        "flood_km2": 0.0904,
        "flood_pct": 9.04,
        "zone_area_km2": 1.0,
        "population": 738.6295,
        "people_affected": 66.7721,
        "facilities_hit": 0,
        "facilities_by_type": {},
        "road_cut_km": 0.0,
        "confidence": "Low",
        "confidence_score": 0.344,
        "reason": "Flagged for on-ground verification: High impact (P2) with Low detection confidence",
        "conf_detail": {
          "agreement_ratio": 0.0,
          "terrain_penalty": 0.0,
          "time_penalty": 0.375,
          "margin_score": 0.593,
          "method_penalty": 0.15
        },
        "breakdown": {
          "severity": 0.0385,
          "people": 0.0259,
          "facilities": 0.0,
          "roads": 0.0
        },
        "score": 0.0644,
        "rank": 253,
        "tier": "VERIFY"
      },
      "geometry": {
        "type": "Polygon",
        "coordinates": [
          [
            [
              91.00759438249577,
              26.24046554220419
            ],
            [
              91.00744043144955,
              26.249489613066952
            ],
            [
              90.99743306367768,
              26.24935040832405
            ],
            [
              90.99758778666627,
              26.240326392495607
            ],
            [
              91.00759438249577,
              26.24046554220419
            ]
          ]
        ]
      }
    },
    {
      "id": "250",
      "type": "Feature",
      "properties": {
        "zone_id": "Grid-8-2",
        "name": "Grid-8-2",
        "flood_km2": 0.0932,
        "flood_pct": 9.32,
        "zone_area_km2": 1.0,
        "population": 678.41,
        "people_affected": 63.2278,
        "facilities_hit": 0,
        "facilities_by_type": {},
        "road_cut_km": 0.0,
        "confidence": "Low",
        "confidence_score": 0.335,
        "reason": "Flagged for on-ground verification: High impact (P2) with Low detection confidence",
        "conf_detail": {
          "agreement_ratio": 0.0,
          "terrain_penalty": 0.0,
          "time_penalty": 0.375,
          "margin_score": 0.551,
          "method_penalty": 0.15
        },
        "breakdown": {
          "severity": 0.0396,
          "people": 0.0245,
          "facilities": 0.0,
          "roads": 0.0
        },
        "score": 0.0642,
        "rank": 254,
        "tier": "VERIFY"
      },
      "geometry": {
        "type": "Polygon",
        "coordinates": [
          [
            [
              90.97679274037628,
              26.285165407295658
            ],
            [
              90.97663610298338,
              26.29418925118599
            ],
            [
              90.96662509149405,
              26.294047677833444
            ],
            [
              90.96678250258437,
              26.285023889845007
            ],
            [
              90.97679274037628,
              26.285165407295658
            ]
          ]
        ]
      }
    },
    {
      "id": "339",
      "type": "Feature",
      "properties": {
        "zone_id": "Grid-10-29",
        "name": "Grid-10-29",
        "flood_km2": 0.0952,
        "flood_pct": 9.52,
        "zone_area_km2": 1.0,
        "population": 629.8572,
        "people_affected": 59.9624,
        "facilities_hit": 0,
        "facilities_by_type": {},
        "road_cut_km": 0.0,
        "confidence": "Low",
        "confidence_score": 0.353,
        "reason": "Flagged for on-ground verification: High impact (P2) with Low detection confidence",
        "conf_detail": {
          "agreement_ratio": 0.0,
          "terrain_penalty": 0.0,
          "time_penalty": 0.375,
          "margin_score": 0.639,
          "method_penalty": 0.15
        },
        "breakdown": {
          "severity": 0.0405,
          "people": 0.0233,
          "facilities": 0.0,
          "roads": 0.0
        },
        "score": 0.0638,
        "rank": 255,
        "tier": "VERIFY"
      },
      "geometry": {
        "type": "Polygon",
        "coordinates": [
          [
            [
              91.24736728115192,
              26.27067213543497
            ],
            [
              91.24723167112182,
              26.279697408554856
            ],
            [
              91.23722033327864,
              26.279574778073705
            ],
            [
              91.2373567169016,
              26.270549553402493
            ],
            [
              91.24736728115192,
              26.27067213543497
            ]
          ]
        ]
      }
    },
    {
      "id": "312",
      "type": "Feature",
      "properties": {
        "zone_id": "Grid-10-2",
        "name": "Grid-10-2",
        "flood_km2": 0.0872,
        "flood_pct": 8.72,
        "zone_area_km2": 1.0,
        "population": 783.8278,
        "people_affected": 68.3498,
        "facilities_hit": 0,
        "facilities_by_type": {},
        "road_cut_km": 0.0,
        "confidence": "Low",
        "confidence_score": 0.339,
        "reason": "Flagged for on-ground verification: High impact (P2) with Low detection confidence",
        "conf_detail": {
          "agreement_ratio": 0.0,
          "terrain_penalty": 0.0,
          "time_penalty": 0.375,
          "margin_score": 0.57,
          "method_penalty": 0.15
        },
        "breakdown": {
          "severity": 0.0371,
          "people": 0.0265,
          "facilities": 0.0,
          "roads": 0.0
        },
        "score": 0.0636,
        "rank": 256,
        "tier": "VERIFY"
      },
      "geometry": {
        "type": "Polygon",
        "coordinates": [
          [
            [
              90.977105792682,
              26.26711768287269
            ],
            [
              90.97694930360088,
              26.27614155119016
            ],
            [
              90.96693983914032,
              26.276000089632998
            ],
            [
              90.96709710118688,
              26.266976277200598
            ],
            [
              90.977105792682,
              26.26711768287269
            ]
          ]
        ]
      }
    },
    {
      "id": "866",
      "type": "Feature",
      "properties": {
        "zone_id": "Grid-27-29",
        "name": "Grid-27-29",
        "flood_km2": 0.0764,
        "flood_pct": 7.64,
        "zone_area_km2": 1.0,
        "population": 1046.5717,
        "people_affected": 79.9581,
        "facilities_hit": 0,
        "facilities_by_type": {},
        "road_cut_km": 0.0,
        "confidence": "Low",
        "confidence_score": 0.37,
        "reason": "Flagged for on-ground verification: High impact (P2) with Low detection confidence",
        "conf_detail": {
          "agreement_ratio": 0.0,
          "terrain_penalty": 0.0,
          "time_penalty": 0.375,
          "margin_score": 0.724,
          "method_penalty": 0.15
        },
        "breakdown": {
          "severity": 0.0325,
          "people": 0.031,
          "facilities": 0.0,
          "roads": 0.0
        },
        "score": 0.0635,
        "rank": 257,
        "tier": "VERIFY"
      },
      "geometry": {
        "type": "Polygon",
        "coordinates": [
          [
            [
              91.249662841047,
              26.117240659293998
            ],
            [
              91.24952832011503,
              26.126266135952154
            ],
            [
              91.2395300836286,
              26.126144328109977
            ],
            [
              91.23966537194441,
              26.117118899777143
            ],
            [
              91.249662841047,
              26.117240659293998
            ]
          ]
        ]
      }
    },
    {
      "id": "263",
      "type": "Feature",
      "properties": {
        "zone_id": "Grid-8-15",
        "name": "Grid-8-15",
        "flood_km2": 0.0696,
        "flood_pct": 6.96,
        "zone_area_km2": 1.0,
        "population": 1251.9114,
        "people_affected": 87.133,
        "facilities_hit": 0,
        "facilities_by_type": {},
        "road_cut_km": 0.0,
        "confidence": "Low",
        "confidence_score": 0.35,
        "reason": "Flagged for on-ground verification: High impact (P2) with Low detection confidence",
        "conf_detail": {
          "agreement_ratio": 0.0,
          "terrain_penalty": 0.0,
          "time_penalty": 0.375,
          "margin_score": 0.624,
          "method_penalty": 0.15
        },
        "breakdown": {
          "severity": 0.0296,
          "people": 0.0338,
          "facilities": 0.0,
          "roads": 0.0
        },
        "score": 0.0634,
        "rank": 258,
        "tier": "VERIFY"
      },
      "geometry": {
        "type": "Polygon",
        "coordinates": [
          [
            [
              91.10693244772447,
              26.286941656721407
            ],
            [
              91.10678587061561,
              26.29596620227301
            ],
            [
              91.0967739231821,
              26.295833701206202
            ],
            [
              91.096921274302,
              26.286809207975768
            ],
            [
              91.10693244772447,
              26.286941656721407
            ]
          ]
        ]
      }
    },
    {
      "id": "115",
      "type": "Feature",
      "properties": {
        "zone_id": "Grid-3-22",
        "name": "Grid-3-22",
        "flood_km2": 0.0952,
        "flood_pct": 9.52,
        "zone_area_km2": 1.0,
        "population": 613.6682,
        "people_affected": 58.4212,
        "facilities_hit": 0,
        "facilities_by_type": {},
        "road_cut_km": 0.0,
        "confidence": "Low",
        "confidence_score": 0.356,
        "reason": "Flagged for on-ground verification: High impact (P2) with Low detection confidence",
        "conf_detail": {
          "agreement_ratio": 0.0,
          "terrain_penalty": 0.0,
          "time_penalty": 0.375,
          "margin_score": 0.657,
          "method_penalty": 0.15
        },
        "breakdown": {
          "severity": 0.0405,
          "people": 0.0227,
          "facilities": 0.0,
          "roads": 0.0
        },
        "score": 0.0632,
        "rank": 259,
        "tier": "VERIFY"
      },
      "geometry": {
        "type": "Polygon",
        "coordinates": [
          [
            [
              91.17630612377691,
              26.332973660399258
            ],
            [
              91.17616463083313,
              26.34199850415984
            ],
            [
              91.16614832871733,
              26.341870637410796
            ],
            [
              91.16629059766608,
              26.332845844080644
            ],
            [
              91.17630612377691,
              26.332973660399258
            ]
          ]
        ]
      }
    },
    {
      "id": "264",
      "type": "Feature",
      "properties": {
        "zone_id": "Grid-8-16",
        "name": "Grid-8-16",
        "flood_km2": 0.068,
        "flood_pct": 6.8,
        "zone_area_km2": 1.0,
        "population": 1296.5054,
        "people_affected": 88.1624,
        "facilities_hit": 0,
        "facilities_by_type": {},
        "road_cut_km": 0.0,
        "confidence": "Low",
        "confidence_score": 0.342,
        "reason": "Flagged for on-ground verification: High impact (P2) with Low detection confidence",
        "conf_detail": {
          "agreement_ratio": 0.0,
          "terrain_penalty": 0.0,
          "time_penalty": 0.375,
          "margin_score": 0.585,
          "method_penalty": 0.15
        },
        "breakdown": {
          "severity": 0.0289,
          "people": 0.0342,
          "facilities": 0.0,
          "roads": 0.0
        },
        "score": 0.0631,
        "rank": 260,
        "tier": "VERIFY"
      },
      "geometry": {
        "type": "Polygon",
        "coordinates": [
          [
            [
              91.11694369055519,
              26.287073407741357
            ],
            [
              91.11679788748063,
              26.29609800533862
            ],
            [
              91.10678587061561,
              26.29596620227301
            ],
            [
              91.10693244772447,
              26.286941656721407
            ],
            [
              91.11694369055519,
              26.287073407741357
            ]
          ]
        ]
      }
    },
    {
      "id": "49",
      "type": "Feature",
      "properties": {
        "zone_id": "Grid-1-18",
        "name": "Grid-1-18",
        "flood_km2": 0.0864,
        "flood_pct": 8.64,
        "zone_area_km2": 1.0,
        "population": 785.7511,
        "people_affected": 67.8889,
        "facilities_hit": 0,
        "facilities_by_type": {},
        "road_cut_km": 0.0,
        "confidence": "Low",
        "confidence_score": 0.339,
        "reason": "Flagged for on-ground verification: High impact (P2) with Low detection confidence",
        "conf_detail": {
          "agreement_ratio": 0.0,
          "terrain_penalty": 0.0,
          "time_penalty": 0.375,
          "margin_score": 0.57,
          "method_penalty": 0.15
        },
        "breakdown": {
          "severity": 0.0368,
          "people": 0.0263,
          "facilities": 0.0,
          "roads": 0.0
        },
        "score": 0.0631,
        "rank": 261,
        "tier": "VERIFY"
      },
      "geometry": {
        "type": "Polygon",
        "coordinates": [
          [
            [
              91.13595516263875,
              26.350507468579877
            ],
            [
              91.13581042889417,
              26.359532084751294
            ],
            [
              91.12579284543534,
              26.359401317063792
            ],
            [
              91.1259383558279,
              26.35037675244138
            ],
            [
              91.13595516263875,
              26.350507468579877
            ]
          ]
        ]
      }
    },
    {
      "id": "19",
      "type": "Feature",
      "properties": {
        "zone_id": "Grid-0-19",
        "name": "Grid-0-19",
        "flood_km2": 0.0876,
        "flood_pct": 8.76,
        "zone_area_km2": 1.0,
        "population": 754.5756,
        "people_affected": 66.1008,
        "facilities_hit": 0,
        "facilities_by_type": {},
        "road_cut_km": 0.0,
        "confidence": "Low",
        "confidence_score": 0.342,
        "reason": "Flagged for on-ground verification: High impact (P2) with Low detection confidence",
        "conf_detail": {
          "agreement_ratio": 0.0,
          "terrain_penalty": 0.0,
          "time_penalty": 0.375,
          "margin_score": 0.586,
          "method_penalty": 0.15
        },
        "breakdown": {
          "severity": 0.0373,
          "people": 0.0256,
          "facilities": 0.0,
          "roads": 0.0
        },
        "score": 0.0629,
        "rank": 262,
        "tier": "VERIFY"
      },
      "geometry": {
        "type": "Polygon",
        "coordinates": [
          [
            [
              91.14582808084603,
              26.35966215245243
            ],
            [
              91.1456840556467,
              26.368686807793647
            ],
            [
              91.13566562665656,
              26.368556688811587
            ],
            [
              91.13581042889417,
              26.359532084751294
            ],
            [
              91.14582808084603,
              26.35966215245243
            ]
          ]
        ]
      }
    },
    {
      "id": "557",
      "type": "Feature",
      "properties": {
        "zone_id": "Grid-17-30",
        "name": "Grid-17-30",
        "flood_km2": 0.0536,
        "flood_pct": 12.7619,
        "zone_area_km2": 0.41200812744302673,
        "population": 171.8086,
        "people_affected": 21.926,
        "facilities_hit": 0,
        "facilities_by_type": {},
        "road_cut_km": 0.0,
        "confidence": "Low",
        "confidence_score": 0.338,
        "reason": "Flagged for on-ground verification: High impact (P2) with Low detection confidence",
        "conf_detail": {
          "agreement_ratio": 0.0,
          "terrain_penalty": 0.0,
          "time_penalty": 0.375,
          "margin_score": 0.565,
          "method_penalty": 0.15
        },
        "breakdown": {
          "severity": 0.0543,
          "people": 0.0085,
          "facilities": 0.0,
          "roads": 0.0
        },
        "score": 0.0628,
        "rank": 263,
        "tier": "VERIFY"
      },
      "geometry": {
        "type": "Polygon",
        "coordinates": [
          [
            [
              91.25243697958449,
              26.207545050682388
            ],
            [
              91.25230213643366,
              26.216570427580287
            ],
            [
              91.2481795931264,
              26.216520244875987
            ],
            [
              91.24831475395489,
              26.207494887838287
            ],
            [
              91.25243697958449,
              26.207545050682388
            ]
          ]
        ]
      }
    },
    {
      "id": "855",
      "type": "Feature",
      "properties": {
        "zone_id": "Grid-27-18",
        "name": "Grid-27-18",
        "flood_km2": 0.0756,
        "flood_pct": 7.56,
        "zone_area_km2": 1.0,
        "population": 1037.2078,
        "people_affected": 78.4129,
        "facilities_hit": 0,
        "facilities_by_type": {},
        "road_cut_km": 0.0,
        "confidence": "Low",
        "confidence_score": 0.353,
        "reason": "Flagged for on-ground verification: High impact (P2) with Low detection confidence",
        "conf_detail": {
          "agreement_ratio": 0.0,
          "terrain_penalty": 0.0,
          "time_penalty": 0.375,
          "margin_score": 0.64,
          "method_penalty": 0.15
        },
        "breakdown": {
          "severity": 0.0322,
          "people": 0.0304,
          "facilities": 0.0,
          "roads": 0.0
        },
        "score": 0.0626,
        "rank": 264,
        "tier": "VERIFY"
      },
      "geometry": {
        "type": "Polygon",
        "coordinates": [
          [
            [
              91.13969427400164,
              26.115863207339522
            ],
            [
              91.13955131304479,
              26.124888137304396
            ],
            [
              91.12955380342655,
              26.12475870737309
            ],
            [
              91.12969753152508,
              26.115733828756298
            ],
            [
              91.13969427400164,
              26.115863207339522
            ]
          ]
        ]
      }
    },
    {
      "id": "335",
      "type": "Feature",
      "properties": {
        "zone_id": "Grid-10-25",
        "name": "Grid-10-25",
        "flood_km2": 0.0516,
        "flood_pct": 5.16,
        "zone_area_km2": 1.0,
        "population": 2021.1777,
        "people_affected": 104.2928,
        "facilities_hit": 0,
        "facilities_by_type": {},
        "road_cut_km": 0.0,
        "confidence": "Low",
        "confidence_score": 0.352,
        "reason": "Flagged for on-ground verification: High impact (P2) with Low detection confidence",
        "conf_detail": {
          "agreement_ratio": 0.0,
          "terrain_penalty": 0.0,
          "time_penalty": 0.375,
          "margin_score": 0.637,
          "method_penalty": 0.15
        },
        "breakdown": {
          "severity": 0.022,
          "people": 0.0404,
          "facilities": 0.0,
          "roads": 0.0
        },
        "score": 0.0624,
        "rank": 265,
        "tier": "VERIFY"
      },
      "geometry": {
        "type": "Polygon",
        "coordinates": [
          [
            [
              91.20732541322937,
              26.27017762292894
            ],
            [
              91.20718670895823,
              26.27920270060093
            ],
            [
              91.19717563180882,
              26.279077279491663
            ],
            [
              91.19731510958549,
              26.27005225137045
            ],
            [
              91.20732541322937,
              26.27017762292894
            ]
          ]
        ]
      }
    },
    {
      "id": "103",
      "type": "Feature",
      "properties": {
        "zone_id": "Grid-3-10",
        "name": "Grid-3-10",
        "flood_km2": 0.074,
        "flood_pct": 7.4,
        "zone_area_km2": 1.0,
        "population": 1074.9164,
        "people_affected": 79.5438,
        "facilities_hit": 0,
        "facilities_by_type": {},
        "road_cut_km": 0.0,
        "confidence": "Low",
        "confidence_score": 0.345,
        "reason": "Flagged for on-ground verification: High impact (P2) with Low detection confidence",
        "conf_detail": {
          "agreement_ratio": 0.0,
          "terrain_penalty": 0.0,
          "time_penalty": 0.375,
          "margin_score": 0.601,
          "method_penalty": 0.15
        },
        "breakdown": {
          "severity": 0.0315,
          "people": 0.0308,
          "facilities": 0.0,
          "roads": 0.0
        },
        "score": 0.0623,
        "rank": 266,
        "tier": "VERIFY"
      },
      "geometry": {
        "type": "Polygon",
        "coordinates": [
          [
            [
              91.05612433450335,
              26.331393720507776
            ],
            [
              91.0559735310191,
              26.340417940904587
            ],
            [
              91.0459580612773,
              26.34028168149884
            ],
            [
              91.04610964048712,
              26.331257514841063
            ],
            [
              91.05612433450335,
              26.331393720507776
            ]
          ]
        ]
      }
    },
    {
      "id": "171",
      "type": "Feature",
      "properties": {
        "zone_id": "Grid-5-16",
        "name": "Grid-5-16",
        "flood_km2": 0.062,
        "flood_pct": 6.2,
        "zone_area_km2": 1.0,
        "population": 1490.4236,
        "people_affected": 92.4063,
        "facilities_hit": 0,
        "facilities_by_type": {},
        "road_cut_km": 0.0,
        "confidence": "Low",
        "confidence_score": 0.338,
        "reason": "Flagged for on-ground verification: High impact (P2) with Low detection confidence",
        "conf_detail": {
          "agreement_ratio": 0.0,
          "terrain_penalty": 0.0,
          "time_penalty": 0.375,
          "margin_score": 0.567,
          "method_penalty": 0.15
        },
        "breakdown": {
          "severity": 0.0264,
          "people": 0.0358,
          "facilities": 0.0,
          "roads": 0.0
        },
        "score": 0.0622,
        "rank": 267,
        "tier": "VERIFY"
      },
      "geometry": {
        "type": "Polygon",
        "coordinates": [
          [
            [
              91.11650607411293,
              26.314147164215445
            ],
            [
              91.11636006377347,
              26.32317172548875
            ],
            [
              91.1063457226067,
              26.323039766239116
            ],
            [
              91.10649250808,
              26.314015257034992
            ],
            [
              91.11650607411293,
              26.314147164215445
            ]
          ]
        ]
      }
    },
    {
      "id": "30",
      "type": "Feature",
      "properties": {
        "zone_id": "Grid-0-30",
        "name": "Grid-0-30",
        "flood_km2": 0.0532,
        "flood_pct": 12.6667,
        "zone_area_km2": 0.41200812744302673,
        "population": 163.3852,
        "people_affected": 20.6955,
        "facilities_hit": 0,
        "facilities_by_type": {},
        "road_cut_km": 0.0,
        "confidence": "Low",
        "confidence_score": 0.349,
        "reason": "Flagged for on-ground verification: High impact (P2) with Low detection confidence",
        "conf_detail": {
          "agreement_ratio": 0.0,
          "terrain_penalty": 0.0,
          "time_penalty": 0.375,
          "margin_score": 0.619,
          "method_penalty": 0.15
        },
        "breakdown": {
          "severity": 0.0539,
          "people": 0.008,
          "facilities": 0.0,
          "roads": 0.0
        },
        "score": 0.0619,
        "rank": 268,
        "tier": "VERIFY"
      },
      "geometry": {
        "type": "Polygon",
        "coordinates": [
          [
            [
              91.250135933333,
              26.36097482711304
            ],
            [
              91.25,
              26.369999999999994
            ],
            [
              91.24587203309197,
              26.369949479214956
            ],
            [
              91.24600828666941,
              26.360924326239097
            ],
            [
              91.250135933333,
              26.36097482711304
            ]
          ]
        ]
      }
    },
    {
      "id": "51",
      "type": "Feature",
      "properties": {
        "zone_id": "Grid-1-20",
        "name": "Grid-1-20",
        "flood_km2": 0.0864,
        "flood_pct": 8.64,
        "zone_area_km2": 1.0,
        "population": 719.3438,
        "people_affected": 62.1513,
        "facilities_hit": 0,
        "facilities_by_type": {},
        "road_cut_km": 0.0,
        "confidence": "Low",
        "confidence_score": 0.342,
        "reason": "Flagged for on-ground verification: High impact (P2) with Low detection confidence",
        "conf_detail": {
          "agreement_ratio": 0.0,
          "terrain_penalty": 0.0,
          "time_penalty": 0.375,
          "margin_score": 0.584,
          "method_penalty": 0.15
        },
        "breakdown": {
          "severity": 0.0368,
          "people": 0.0241,
          "facilities": 0.0,
          "roads": 0.0
        },
        "score": 0.0609,
        "rank": 269,
        "tier": "VERIFY"
      },
      "geometry": {
        "type": "Polygon",
        "coordinates": [
          [
            [
              91.15598898130334,
              26.35076680170699
            ],
            [
              91.15584580092363,
              26.359791520148924
            ],
            [
              91.14582808084603,
              26.35966215245243
            ],
            [
              91.1459720379196,
              26.35063748500784
            ],
            [
              91.15598898130334,
              26.35076680170699
            ]
          ]
        ]
      }
    },
    {
      "id": "555",
      "type": "Feature",
      "properties": {
        "zone_id": "Grid-17-28",
        "name": "Grid-17-28",
        "flood_km2": 0.0932,
        "flood_pct": 9.32,
        "zone_area_km2": 1.0,
        "population": 548.4837,
        "people_affected": 51.1187,
        "facilities_hit": 0,
        "facilities_by_type": {},
        "road_cut_km": 0.0,
        "confidence": "Low",
        "confidence_score": 0.364,
        "reason": "Flagged for on-ground verification: High impact (P2) with Low detection confidence",
        "conf_detail": {
          "agreement_ratio": 0.0,
          "terrain_penalty": 0.0,
          "time_penalty": 0.375,
          "margin_score": 0.694,
          "method_penalty": 0.15
        },
        "breakdown": {
          "severity": 0.0396,
          "people": 0.0198,
          "facilities": 0.0,
          "roads": 0.0
        },
        "score": 0.0595,
        "rank": 270,
        "tier": "VERIFY"
      },
      "geometry": {
        "type": "Polygon",
        "coordinates": [
          [
            [
              91.23830959460744,
              26.207372644742662
            ],
            [
              91.23817366274703,
              26.21639795338263
            ],
            [
              91.2281677968404,
              26.216274966134055
            ],
            [
              91.22830449971121,
              26.207249706167083
            ],
            [
              91.23830959460744,
              26.207372644742662
            ]
          ]
        ]
      }
    },
    {
      "id": "353",
      "type": "Feature",
      "properties": {
        "zone_id": "Grid-11-12",
        "name": "Grid-11-12",
        "flood_km2": 0.082,
        "flood_pct": 8.2,
        "zone_area_km2": 1.0,
        "population": 770.1287,
        "people_affected": 63.1506,
        "facilities_hit": 0,
        "facilities_by_type": {},
        "road_cut_km": 0.0,
        "confidence": "Low",
        "confidence_score": 0.347,
        "reason": "Flagged for on-ground verification: High impact (P2) with Low detection confidence",
        "conf_detail": {
          "agreement_ratio": 0.0,
          "terrain_penalty": 0.0,
          "time_penalty": 0.375,
          "margin_score": 0.609,
          "method_penalty": 0.15
        },
        "breakdown": {
          "severity": 0.0349,
          "people": 0.0245,
          "facilities": 0.0,
          "roads": 0.0
        },
        "score": 0.0594,
        "rank": 271,
        "tier": "VERIFY"
      },
      "geometry": {
        "type": "Polygon",
        "coordinates": [
          [
            [
              91.07734541141457,
              26.25946898130979
            ],
            [
              91.07719672379294,
              26.26849340546191
            ],
            [
              91.0671873075752,
              26.268358969922513
            ],
            [
              91.06733676803908,
              26.25933459889404
            ],
            [
              91.07734541141457,
              26.25946898130979
            ]
          ]
        ]
      }
    },
    {
      "id": "173",
      "type": "Feature",
      "properties": {
        "zone_id": "Grid-5-18",
        "name": "Grid-5-18",
        "flood_km2": 0.0692,
        "flood_pct": 6.92,
        "zone_area_km2": 1.0,
        "population": 1094.5144,
        "people_affected": 75.7404,
        "facilities_hit": 0,
        "facilities_by_type": {},
        "road_cut_km": 0.0,
        "confidence": "Low",
        "confidence_score": 0.345,
        "reason": "Flagged for on-ground verification: High impact (P2) with Low detection confidence",
        "conf_detail": {
          "agreement_ratio": 0.0,
          "terrain_penalty": 0.0,
          "time_penalty": 0.375,
          "margin_score": 0.602,
          "method_penalty": 0.15
        },
        "breakdown": {
          "severity": 0.0294,
          "people": 0.0294,
          "facilities": 0.0,
          "roads": 0.0
        },
        "score": 0.0588,
        "rank": 272,
        "tier": "VERIFY"
      },
      "geometry": {
        "type": "Polygon",
        "coordinates": [
          [
            [
              91.13653341314655,
              26.3144088828453
            ],
            [
              91.13638895314422,
              26.32343354743005
            ],
            [
              91.1263744740749,
              26.323302985891885
            ],
            [
              91.12651970925734,
              26.31427837282503
            ],
            [
              91.13653341314655,
              26.3144088828453
            ]
          ]
        ]
      }
    },
    {
      "id": "738",
      "type": "Feature",
      "properties": {
        "zone_id": "Grid-23-25",
        "name": "Grid-23-25",
        "flood_km2": 0.1,
        "flood_pct": 10.0,
        "zone_area_km2": 1.0,
        "population": 415.1565,
        "people_affected": 41.5156,
        "facilities_hit": 0,
        "facilities_by_type": {},
        "road_cut_km": 0.0,
        "confidence": "Low",
        "confidence_score": 0.393,
        "reason": "Flagged for on-ground verification: High impact (P2) with Low detection confidence",
        "conf_detail": {
          "agreement_ratio": 0.0,
          "terrain_penalty": 0.0,
          "time_penalty": 0.375,
          "margin_score": 0.842,
          "method_penalty": 0.15
        },
        "breakdown": {
          "severity": 0.0425,
          "people": 0.0161,
          "facilities": 0.0,
          "roads": 0.0
        },
        "score": 0.0586,
        "rank": 273,
        "tier": "VERIFY"
      },
      "geometry": {
        "type": "Polygon",
        "coordinates": [
          [
            [
              91.20912259796764,
              26.15285051987235
            ],
            [
              91.20898474609606,
              26.16187575365244
            ],
            [
              91.19898369599342,
              26.16175097612306
            ],
            [
              91.19912231662003,
              26.152725791797174
            ],
            [
              91.20912259796764,
              26.15285051987235
            ]
          ]
        ]
      }
    },
    {
      "id": "355",
      "type": "Feature",
      "properties": {
        "zone_id": "Grid-11-14",
        "name": "Grid-11-14",
        "flood_km2": 0.066,
        "flood_pct": 6.6,
        "zone_area_km2": 1.0,
        "population": 1190.4354,
        "people_affected": 78.5687,
        "facilities_hit": 0,
        "facilities_by_type": {},
        "road_cut_km": 0.0,
        "confidence": "Low",
        "confidence_score": 0.343,
        "reason": "Flagged for on-ground verification: High impact (P2) with Low detection confidence",
        "conf_detail": {
          "agreement_ratio": 0.0,
          "terrain_penalty": 0.0,
          "time_penalty": 0.375,
          "margin_score": 0.591,
          "method_penalty": 0.15
        },
        "breakdown": {
          "severity": 0.0281,
          "people": 0.0305,
          "facilities": 0.0,
          "roads": 0.0
        },
        "score": 0.0585,
        "rank": 274,
        "tier": "VERIFY"
      },
      "geometry": {
        "type": "Polygon",
        "coordinates": [
          [
            [
              91.09736290910817,
              26.259735655592376
            ],
            [
              91.09721576724168,
              26.268760185165714
            ],
            [
              91.08720621047043,
              26.26862714388257
            ],
            [
              91.08735412522623,
              26.259602666882166
            ],
            [
              91.09736290910817,
              26.259735655592376
            ]
          ]
        ]
      }
    },
    {
      "id": "377",
      "type": "Feature",
      "properties": {
        "zone_id": "Grid-12-5",
        "name": "Grid-12-5",
        "flood_km2": 0.0788,
        "flood_pct": 7.88,
        "zone_area_km2": 1.0,
        "population": 803.2665,
        "people_affected": 63.2974,
        "facilities_hit": 0,
        "facilities_by_type": {},
        "road_cut_km": 0.0,
        "confidence": "Low",
        "confidence_score": 0.33,
        "reason": "Flagged for on-ground verification: High impact (P2) with Low detection confidence",
        "conf_detail": {
          "agreement_ratio": 0.0,
          "terrain_penalty": 0.0,
          "time_penalty": 0.375,
          "margin_score": 0.525,
          "method_penalty": 0.15
        },
        "breakdown": {
          "severity": 0.0335,
          "people": 0.0245,
          "facilities": 0.0,
          "roads": 0.0
        },
        "score": 0.0581,
        "rank": 275,
        "tier": "VERIFY"
      },
      "geometry": {
        "type": "Polygon",
        "coordinates": [
          [
            [
              91.00744043144955,
              26.249489613066952
            ],
            [
              91.00728640743105,
              26.258513671752258
            ],
            [
              90.9972782673512,
              26.25837441196676
            ],
            [
              90.99743306367768,
              26.24935040832405
            ],
            [
              91.00744043144955,
              26.249489613066952
            ]
          ]
        ]
      }
    },
    {
      "id": "199",
      "type": "Feature",
      "properties": {
        "zone_id": "Grid-6-13",
        "name": "Grid-6-13",
        "flood_km2": 0.0788,
        "flood_pct": 7.88,
        "zone_area_km2": 1.0,
        "population": 800.7151,
        "people_affected": 63.0963,
        "facilities_hit": 0,
        "facilities_by_type": {},
        "road_cut_km": 0.0,
        "confidence": "Low",
        "confidence_score": 0.356,
        "reason": "Flagged for on-ground verification: High impact (P2) with Low detection confidence",
        "conf_detail": {
          "agreement_ratio": 0.0,
          "terrain_penalty": 0.0,
          "time_penalty": 0.375,
          "margin_score": 0.654,
          "method_penalty": 0.15
        },
        "breakdown": {
          "severity": 0.0335,
          "people": 0.0245,
          "facilities": 0.0,
          "roads": 0.0
        },
        "score": 0.058,
        "rank": 276,
        "tier": "VERIFY"
      },
      "geometry": {
        "type": "Polygon",
        "coordinates": [
          [
            [
              91.08661385027467,
              26.304724930662097
            ],
            [
              91.08646558481507,
              26.313749347035735
            ],
            [
              91.0764522283163,
              26.313615344254288
            ],
            [
              91.07660126847284,
              26.304590980768737
            ],
            [
              91.08661385027467,
              26.304724930662097
            ]
          ]
        ]
      }
    },
    {
      "id": "47",
      "type": "Feature",
      "properties": {
        "zone_id": "Grid-1-16",
        "name": "Grid-1-16",
        "flood_km2": 0.0616,
        "flood_pct": 6.16,
        "zone_area_km2": 1.0,
        "population": 1315.0234,
        "people_affected": 81.0054,
        "facilities_hit": 0,
        "facilities_by_type": {},
        "road_cut_km": 0.0,
        "confidence": "Low",
        "confidence_score": 0.337,
        "reason": "Flagged for on-ground verification: High impact (P2) with Low detection confidence",
        "conf_detail": {
          "agreement_ratio": 0.0,
          "terrain_penalty": 0.0,
          "time_penalty": 0.375,
          "margin_score": 0.56,
          "method_penalty": 0.15
        },
        "breakdown": {
          "severity": 0.0262,
          "people": 0.0314,
          "facilities": 0.0,
          "roads": 0.0
        },
        "score": 0.0576,
        "rank": 277,
        "tier": "VERIFY"
      },
      "geometry": {
        "type": "Polygon",
        "coordinates": [
          [
            [
              91.11592161785424,
              26.350245336610733
            ],
            [
              91.11577533083684,
              26.359269849408328
            ],
            [
              91.1057578854659,
              26.359137681803382
            ],
            [
              91.10590494908492,
              26.350113221106405
            ],
            [
              91.11592161785424,
              26.350245336610733
            ]
          ]
        ]
      }
    },
    {
      "id": "157",
      "type": "Feature",
      "properties": {
        "zone_id": "Grid-5-2",
        "name": "Grid-5-2",
        "flood_km2": 0.0684,
        "flood_pct": 6.84,
        "zone_area_km2": 1.0,
        "population": 1054.4381,
        "people_affected": 72.1236,
        "facilities_hit": 0,
        "facilities_by_type": {},
        "road_cut_km": 0.0,
        "confidence": "Low",
        "confidence_score": 0.344,
        "reason": "Flagged for on-ground verification: High impact (P2) with Low detection confidence",
        "conf_detail": {
          "agreement_ratio": 0.0,
          "terrain_penalty": 0.0,
          "time_penalty": 0.375,
          "margin_score": 0.596,
          "method_penalty": 0.15
        },
        "breakdown": {
          "severity": 0.0291,
          "people": 0.028,
          "facilities": 0.0,
          "roads": 0.0
        },
        "score": 0.0571,
        "rank": 278,
        "tier": "VERIFY"
      },
      "geometry": {
        "type": "Polygon",
        "coordinates": [
          [
            [
              90.9763226055932,
              26.312236902308385
            ],
            [
              90.97616574554613,
              26.321260709534073
            ],
            [
              90.96615241076705,
              26.32111896842532
            ],
            [
              90.9663100456104,
              26.312095217126796
            ],
            [
              90.9763226055932,
              26.312236902308385
            ]
          ]
        ]
      }
    },
    {
      "id": "238",
      "type": "Feature",
      "properties": {
        "zone_id": "Grid-7-21",
        "name": "Grid-7-21",
        "flood_km2": 0.0588,
        "flood_pct": 5.88,
        "zone_area_km2": 1.0,
        "population": 1397.9103,
        "people_affected": 82.1971,
        "facilities_hit": 0,
        "facilities_by_type": {},
        "road_cut_km": 0.0,
        "confidence": "Low",
        "confidence_score": 0.347,
        "reason": "Flagged for on-ground verification: High impact (P2) with Low detection confidence",
        "conf_detail": {
          "agreement_ratio": 0.0,
          "terrain_penalty": 0.0,
          "time_penalty": 0.375,
          "margin_score": 0.611,
          "method_penalty": 0.15
        },
        "breakdown": {
          "severity": 0.025,
          "people": 0.0319,
          "facilities": 0.0,
          "roads": 0.0
        },
        "score": 0.0569,
        "rank": 279,
        "tier": "VERIFY"
      },
      "geometry": {
        "type": "Polygon",
        "coordinates": [
          [
            [
              91.16685900045447,
              26.296746550003977
            ],
            [
              91.1667170006632,
              26.305771391630348
            ],
            [
              91.15670386762142,
              26.30564302817093
            ],
            [
              91.15684664192796,
              26.29661823722019
            ],
            [
              91.16685900045447,
              26.296746550003977
            ]
          ]
        ]
      }
    },
    {
      "id": "740",
      "type": "Feature",
      "properties": {
        "zone_id": "Grid-23-27",
        "name": "Grid-23-27",
        "flood_km2": 0.1068,
        "flood_pct": 10.68,
        "zone_area_km2": 1.0,
        "population": 273.8937,
        "people_affected": 29.2518,
        "facilities_hit": 0,
        "facilities_by_type": {},
        "road_cut_km": 0.0,
        "confidence": "Low",
        "confidence_score": 0.381,
        "reason": "Flagged for on-ground verification: High impact (P2) with Low detection confidence",
        "conf_detail": {
          "agreement_ratio": 0.0,
          "terrain_penalty": 0.0,
          "time_penalty": 0.375,
          "margin_score": 0.779,
          "method_penalty": 0.15
        },
        "breakdown": {
          "severity": 0.0454,
          "people": 0.0113,
          "facilities": 0.0,
          "roads": 0.0
        },
        "score": 0.0568,
        "rank": 280,
        "tier": "VERIFY"
      },
      "geometry": {
        "type": "Polygon",
        "coordinates": [
          [
            [
              91.22912335654627,
              26.153097894673063
            ],
            [
              91.22898704225014,
              26.162123226536615
            ],
            [
              91.21898586163653,
              26.161999837129425
            ],
            [
              91.21912294473125,
              26.152974554170108
            ],
            [
              91.22912335654627,
              26.153097894673063
            ]
          ]
        ]
      }
    },
    {
      "id": "457",
      "type": "Feature",
      "properties": {
        "zone_id": "Grid-14-23",
        "name": "Grid-14-23",
        "flood_km2": 0.056,
        "flood_pct": 5.6,
        "zone_area_km2": 1.0,
        "population": 1516.5474,
        "people_affected": 84.9267,
        "facilities_hit": 0,
        "facilities_by_type": {},
        "road_cut_km": 0.0,
        "confidence": "Low",
        "confidence_score": 0.337,
        "reason": "Flagged for on-ground verification: High impact (P2) with Low detection confidence",
        "conf_detail": {
          "agreement_ratio": 0.0,
          "terrain_penalty": 0.0,
          "time_penalty": 0.375,
          "margin_score": 0.562,
          "method_penalty": 0.15
        },
        "breakdown": {
          "severity": 0.0238,
          "people": 0.0329,
          "facilities": 0.0,
          "roads": 0.0
        },
        "score": 0.0568,
        "rank": 281,
        "tier": "VERIFY"
      },
      "geometry": {
        "type": "Polygon",
        "coordinates": [
          [
            [
              91.1878652129395,
              26.233826148907053
            ],
            [
              91.18772522727873,
              26.242851175350754
            ],
            [
              91.17771737432219,
              26.24272455939467
            ],
            [
              91.17785813198033,
              26.233699583022624
            ],
            [
              91.1878652129395,
              26.233826148907053
            ]
          ]
        ]
      }
    },
    {
      "id": "277",
      "type": "Feature",
      "properties": {
        "zone_id": "Grid-8-29",
        "name": "Grid-8-29",
        "flood_km2": 0.0788,
        "flood_pct": 7.88,
        "zone_area_km2": 1.0,
        "population": 746.7433,
        "people_affected": 58.8434,
        "facilities_hit": 0,
        "facilities_by_type": {},
        "road_cut_km": 0.0,
        "confidence": "Low",
        "confidence_score": 0.35,
        "reason": "Flagged for on-ground verification: High impact (P2) with Low detection confidence",
        "conf_detail": {
          "agreement_ratio": 0.0,
          "terrain_penalty": 0.0,
          "time_penalty": 0.375,
          "margin_score": 0.623,
          "method_penalty": 0.15
        },
        "breakdown": {
          "severity": 0.0335,
          "people": 0.0228,
          "facilities": 0.0,
          "roads": 0.0
        },
        "score": 0.0563,
        "rank": 282,
        "tier": "VERIFY"
      },
      "geometry": {
        "type": "Polygon",
        "coordinates": [
          [
            [
              91.24709599683408,
              26.28872266967416
            ],
            [
              91.24696025826715,
              26.29774791878982
            ],
            [
              91.23694737213914,
              26.29762519138944
            ],
            [
              91.23708388503172,
              26.288599990737048
            ],
            [
              91.24709599683408,
              26.28872266967416
            ]
          ]
        ]
      }
    },
    {
      "id": "779",
      "type": "Feature",
      "properties": {
        "zone_id": "Grid-25-4",
        "name": "Grid-25-4",
        "flood_km2": 0.0924,
        "flood_pct": 9.24,
        "zone_area_km2": 1.0,
        "population": 465.5263,
        "people_affected": 43.0146,
        "facilities_hit": 0,
        "facilities_by_type": {},
        "road_cut_km": 0.0,
        "confidence": "Low",
        "confidence_score": 0.316,
        "reason": "Flagged for on-ground verification: High impact (P2) with Low detection confidence",
        "conf_detail": {
          "agreement_ratio": 0.0,
          "terrain_penalty": 0.0,
          "time_penalty": 0.375,
          "margin_score": 0.457,
          "method_penalty": 0.15
        },
        "breakdown": {
          "severity": 0.0393,
          "people": 0.0167,
          "facilities": 0.0,
          "roads": 0.0
        },
        "score": 0.056,
        "rank": 283,
        "tier": "VERIFY"
      },
      "geometry": {
        "type": "Polygon",
        "coordinates": [
          [
            [
              90.99943875109004,
              26.132037253229036
            ],
            [
              90.99928490624677,
              26.141061415037274
            ],
            [
              90.98928685073263,
              26.14092217704694
            ],
            [
              90.98944146311614,
              26.13189807044884
            ],
            [
              90.99943875109004,
              26.132037253229036
            ]
          ]
        ]
      }
    },
    {
      "id": "249",
      "type": "Feature",
      "properties": {
        "zone_id": "Grid-8-1",
        "name": "Grid-8-1",
        "flood_km2": 0.0892,
        "flood_pct": 8.92,
        "zone_area_km2": 1.0,
        "population": 493.5063,
        "people_affected": 44.0208,
        "facilities_hit": 0,
        "facilities_by_type": {},
        "road_cut_km": 0.0,
        "confidence": "Low",
        "confidence_score": 0.335,
        "reason": "Flagged for on-ground verification: High impact (P2) with Low detection confidence",
        "conf_detail": {
          "agreement_ratio": 0.0,
          "terrain_penalty": 0.0,
          "time_penalty": 0.375,
          "margin_score": 0.548,
          "method_penalty": 0.15
        },
        "breakdown": {
          "severity": 0.0379,
          "people": 0.0171,
          "facilities": 0.0,
          "roads": 0.0
        },
        "score": 0.055,
        "rank": 284,
        "tier": "VERIFY"
      },
      "geometry": {
        "type": "Polygon",
        "coordinates": [
          [
            [
              90.96678250258437,
              26.285023889845007
            ],
            [
              90.96662509149405,
              26.294047677833444
            ],
            [
              90.95661415456405,
              26.293905406749246
            ],
            [
              90.9567723393268,
              26.28488167493808
            ],
            [
              90.96678250258437,
              26.285023889845007
            ]
          ]
        ]
      }
    },
    {
      "id": "12",
      "type": "Feature",
      "properties": {
        "zone_id": "Grid-0-12",
        "name": "Grid-0-12",
        "flood_km2": 0.066,
        "flood_pct": 6.6,
        "zone_area_km2": 1.0,
        "population": 1045.4149,
        "people_affected": 68.9974,
        "facilities_hit": 0,
        "facilities_by_type": {},
        "road_cut_km": 0.0,
        "confidence": "Low",
        "confidence_score": 0.341,
        "reason": "Flagged for on-ground verification: High impact (P2) with Low detection confidence",
        "conf_detail": {
          "agreement_ratio": 0.0,
          "terrain_penalty": 0.0,
          "time_penalty": 0.375,
          "margin_score": 0.582,
          "method_penalty": 0.15
        },
        "breakdown": {
          "severity": 0.0281,
          "people": 0.0268,
          "facilities": 0.0,
          "roads": 0.0
        },
        "score": 0.0548,
        "rank": 285,
        "tier": "VERIFY"
      },
      "geometry": {
        "type": "Polygon",
        "coordinates": [
          [
            [
              91.07570596839095,
              26.358736979477953
            ],
            [
              91.07555650441137,
              26.367761270059873
            ],
            [
              91.0655385627485,
              26.36762624963202
            ],
            [
              91.06568880360264,
              26.358602012261894
            ],
            [
              91.07570596839095,
              26.358736979477953
            ]
          ]
        ]
      }
    },
    {
      "id": "337",
      "type": "Feature",
      "properties": {
        "zone_id": "Grid-10-27",
        "name": "Grid-10-27",
        "flood_km2": 0.0612,
        "flood_pct": 6.12,
        "zone_area_km2": 1.0,
        "population": 1159.2256,
        "people_affected": 70.9446,
        "facilities_hit": 0,
        "facilities_by_type": {},
        "road_cut_km": 0.0,
        "confidence": "Low",
        "confidence_score": 0.356,
        "reason": "Flagged for on-ground verification: High impact (P2) with Low detection confidence",
        "conf_detail": {
          "agreement_ratio": 0.0,
          "terrain_penalty": 0.0,
          "time_penalty": 0.375,
          "margin_score": 0.656,
          "method_penalty": 0.15
        },
        "breakdown": {
          "severity": 0.026,
          "people": 0.0275,
          "facilities": 0.0,
          "roads": 0.0
        },
        "score": 0.0535,
        "rank": 286,
        "tier": "VERIFY"
      },
      "geometry": {
        "type": "Polygon",
        "coordinates": [
          [
            [
              91.2273462172536,
              26.270426273962432
            ],
            [
              91.22720906005945,
              26.27945144990943
            ],
            [
              91.21719785183055,
              26.279327424079366
            ],
            [
              91.21733578257412,
              26.270302297132105
            ],
            [
              91.2273462172536,
              26.270426273962432
            ]
          ]
        ]
      }
    },
    {
      "id": "119",
      "type": "Feature",
      "properties": {
        "zone_id": "Grid-3-26",
        "name": "Grid-3-26",
        "flood_km2": 0.0804,
        "flood_pct": 8.04,
        "zone_area_km2": 1.0,
        "population": 619.7399,
        "people_affected": 49.8271,
        "facilities_hit": 0,
        "facilities_by_type": {},
        "road_cut_km": 0.0,
        "confidence": "Low",
        "confidence_score": 0.344,
        "reason": "Flagged for on-ground verification: High impact (P2) with Low detection confidence",
        "conf_detail": {
          "agreement_ratio": 0.0,
          "terrain_penalty": 0.0,
          "time_penalty": 0.375,
          "margin_score": 0.597,
          "method_penalty": 0.15
        },
        "breakdown": {
          "severity": 0.0342,
          "people": 0.0193,
          "facilities": 0.0,
          "roads": 0.0
        },
        "score": 0.0535,
        "rank": 287,
        "tier": "VERIFY"
      },
      "geometry": {
        "type": "Polygon",
        "coordinates": [
          [
            [
              91.21636889411312,
              26.333477933180784
            ],
            [
              91.21623050541278,
              26.342502975905205
            ],
            [
              91.20621393758465,
              26.342377907292043
            ],
            [
              91.20635310237915,
              26.333352913894885
            ],
            [
              91.21636889411312,
              26.333477933180784
            ]
          ]
        ]
      }
    },
    {
      "id": "170",
      "type": "Feature",
      "properties": {
        "zone_id": "Grid-5-15",
        "name": "Grid-5-15",
        "flood_km2": 0.0576,
        "flood_pct": 5.76,
        "zone_area_km2": 1.0,
        "population": 1290.2334,
        "people_affected": 74.3174,
        "facilities_hit": 0,
        "facilities_by_type": {},
        "road_cut_km": 0.0,
        "confidence": "Low",
        "confidence_score": 0.347,
        "reason": "Flagged for on-ground verification: High impact (P2) with Low detection confidence",
        "conf_detail": {
          "agreement_ratio": 0.0,
          "terrain_penalty": 0.0,
          "time_penalty": 0.375,
          "margin_score": 0.612,
          "method_penalty": 0.15
        },
        "breakdown": {
          "severity": 0.0245,
          "people": 0.0288,
          "facilities": 0.0,
          "roads": 0.0
        },
        "score": 0.0533,
        "rank": 288,
        "tier": "VERIFY"
      },
      "geometry": {
        "type": "Polygon",
        "coordinates": [
          [
            [
              91.10649250808,
              26.314015257034992
            ],
            [
              91.1063457226067,
              26.323039766239116
            ],
            [
              91.09633145094134,
              26.322907108161512
            ],
            [
              91.09647901152518,
              26.313882651302208
            ],
            [
              91.10649250808,
              26.314015257034992
            ]
          ]
        ]
      }
    },
    {
      "id": "598",
      "type": "Feature",
      "properties": {
        "zone_id": "Grid-19-9",
        "name": "Grid-19-9",
        "flood_km2": 0.094,
        "flood_pct": 9.4,
        "zone_area_km2": 1.0,
        "population": 361.754,
        "people_affected": 34.0049,
        "facilities_hit": 0,
        "facilities_by_type": {},
        "road_cut_km": 0.0,
        "confidence": "Low",
        "confidence_score": 0.347,
        "reason": "Flagged for on-ground verification: High impact (P2) with Low detection confidence",
        "conf_detail": {
          "agreement_ratio": 0.0,
          "terrain_penalty": 0.0,
          "time_penalty": 0.375,
          "margin_score": 0.608,
          "method_penalty": 0.15
        },
        "breakdown": {
          "severity": 0.04,
          "people": 0.0132,
          "facilities": 0.0,
          "roads": 0.0
        },
        "score": 0.0532,
        "rank": 289,
        "tier": "VERIFY"
      },
      "geometry": {
        "type": "Polygon",
        "coordinates": [
          [
            [
              91.04852516947567,
              26.186869194906446
            ],
            [
              91.04837473499803,
              26.195893555956555
            ],
            [
              91.03837170428586,
              26.195757460545057
            ],
            [
              91.03852290861133,
              26.186733153379848
            ],
            [
              91.04852516947567,
              26.186869194906446
            ]
          ]
        ]
      }
    },
    {
      "id": "599",
      "type": "Feature",
      "properties": {
        "zone_id": "Grid-19-10",
        "name": "Grid-19-10",
        "flood_km2": 0.0908,
        "flood_pct": 9.08,
        "zone_area_km2": 1.0,
        "population": 403.775,
        "people_affected": 36.6628,
        "facilities_hit": 0,
        "facilities_by_type": {},
        "road_cut_km": 0.0,
        "confidence": "Low",
        "confidence_score": 0.347,
        "reason": "Flagged for on-ground verification: High impact (P2) with Low detection confidence",
        "conf_detail": {
          "agreement_ratio": 0.0,
          "terrain_penalty": 0.0,
          "time_penalty": 0.375,
          "margin_score": 0.612,
          "method_penalty": 0.15
        },
        "breakdown": {
          "severity": 0.0386,
          "people": 0.0142,
          "facilities": 0.0,
          "roads": 0.0
        },
        "score": 0.0528,
        "rank": 290,
        "tier": "VERIFY"
      },
      "geometry": {
        "type": "Polygon",
        "coordinates": [
          [
            [
              91.05852750168255,
              26.187004541847717
            ],
            [
              91.05837783707658,
              26.196028956507735
            ],
            [
              91.04837473499803,
              26.195893555956555
            ],
            [
              91.04852516947567,
              26.186869194906446
            ],
            [
              91.05852750168255,
              26.187004541847717
            ]
          ]
        ]
      }
    },
    {
      "id": "206",
      "type": "Feature",
      "properties": {
        "zone_id": "Grid-6-20",
        "name": "Grid-6-20",
        "flood_km2": 0.052,
        "flood_pct": 5.2,
        "zone_area_km2": 1.0,
        "population": 1518.5828,
        "people_affected": 78.9663,
        "facilities_hit": 0,
        "facilities_by_type": {},
        "road_cut_km": 0.0,
        "confidence": "Low",
        "confidence_score": 0.351,
        "reason": "Flagged for on-ground verification: High impact (P2) with Low detection confidence",
        "conf_detail": {
          "agreement_ratio": 0.0,
          "terrain_penalty": 0.0,
          "time_penalty": 0.375,
          "margin_score": 0.63,
          "method_penalty": 0.15
        },
        "breakdown": {
          "severity": 0.0221,
          "people": 0.0306,
          "facilities": 0.0,
          "roads": 0.0
        },
        "score": 0.0527,
        "rank": 291,
        "tier": "VERIFY"
      },
      "geometry": {
        "type": "Polygon",
        "coordinates": [
          [
            [
              91.15670386762142,
              26.30564302817093
            ],
            [
              91.1565610256928,
              26.314667807044636
            ],
            [
              91.14654718541394,
              26.314538694257912
            ],
            [
              91.14669080220175,
              26.3055139663431
            ],
            [
              91.15670386762142,
              26.30564302817093
            ]
          ]
        ]
      }
    },
    {
      "id": "618",
      "type": "Feature",
      "properties": {
        "zone_id": "Grid-19-29",
        "name": "Grid-19-29",
        "flood_km2": 0.0844,
        "flood_pct": 8.44,
        "zone_area_km2": 1.0,
        "population": 489.3825,
        "people_affected": 41.3039,
        "facilities_hit": 0,
        "facilities_by_type": {},
        "road_cut_km": 0.0,
        "confidence": "Low",
        "confidence_score": 0.34,
        "reason": "Flagged for on-ground verification: High impact (P2) with Low detection confidence",
        "conf_detail": {
          "agreement_ratio": 0.0,
          "terrain_penalty": 0.0,
          "time_penalty": 0.375,
          "margin_score": 0.574,
          "method_penalty": 0.15
        },
        "breakdown": {
          "severity": 0.0359,
          "people": 0.016,
          "facilities": 0.0,
          "roads": 0.0
        },
        "score": 0.0519,
        "rank": 292,
        "tier": "VERIFY"
      },
      "geometry": {
        "type": "Polygon",
        "coordinates": [
          [
            [
              91.24858488337577,
              26.189444137838155
            ],
            [
              91.24844985069754,
              26.19846951882465
            ],
            [
              91.2384454620167,
              26.198347324119503
            ],
            [
              91.23858126499626,
              26.189321991516238
            ],
            [
              91.24858488337577,
              26.189444137838155
            ]
          ]
        ]
      }
    },
    {
      "id": "708",
      "type": "Feature",
      "properties": {
        "zone_id": "Grid-22-26",
        "name": "Grid-22-26",
        "flood_km2": 0.1192,
        "flood_pct": 11.92,
        "zone_area_km2": 1.0,
        "population": 25.0564,
        "people_affected": 2.9867,
        "facilities_hit": 0,
        "facilities_by_type": {},
        "road_cut_km": 0.0,
        "confidence": "Low",
        "confidence_score": 0.387,
        "reason": "Flagged for on-ground verification: High impact (P2) with Low detection confidence",
        "conf_detail": {
          "agreement_ratio": 0.0,
          "terrain_penalty": 0.0,
          "time_penalty": 0.375,
          "margin_score": 0.812,
          "method_penalty": 0.15
        },
        "breakdown": {
          "severity": 0.0507,
          "people": 0.0012,
          "facilities": 0.0,
          "roads": 0.0
        },
        "score": 0.0519,
        "rank": 293,
        "tier": "VERIFY"
      },
      "geometry": {
        "type": "Polygon",
        "coordinates": [
          [
            [
              91.21898586163653,
              26.161999837129425
            ],
            [
              91.2188487134687,
              26.17102510810639
            ],
            [
              91.20884682878665,
              26.170900975442816
            ],
            [
              91.20898474609606,
              26.16187575365244
            ],
            [
              91.21898586163653,
              26.161999837129425
            ]
          ]
        ]
      }
    },
    {
      "id": "750",
      "type": "Feature",
      "properties": {
        "zone_id": "Grid-24-6",
        "name": "Grid-24-6",
        "flood_km2": 0.088,
        "flood_pct": 8.8,
        "zone_area_km2": 1.0,
        "population": 419.1794,
        "people_affected": 36.8878,
        "facilities_hit": 0,
        "facilities_by_type": {},
        "road_cut_km": 0.0,
        "confidence": "Low",
        "confidence_score": 0.321,
        "reason": "Low: single-method detection (methods disagree); optical ML unavailable for zone",
        "conf_detail": {
          "agreement_ratio": 0.0,
          "terrain_penalty": 0.0,
          "time_penalty": 0.375,
          "margin_score": 0.48,
          "method_penalty": 0.15
        },
        "breakdown": {
          "severity": 0.0374,
          "people": 0.0143,
          "facilities": 0.0,
          "roads": 0.0
        },
        "score": 0.0517,
        "rank": 294,
        "tier": "P3"
      },
      "geometry": {
        "type": "Polygon",
        "coordinates": [
          [
            [
              91.01928123604442,
              26.14133781165419
            ],
            [
              91.01912885403834,
              26.150362070927567
            ],
            [
              91.00912988484637,
              26.15022416451732
            ],
            [
              91.00928303480542,
              26.14119995991284
            ],
            [
              91.01928123604442,
              26.14133781165419
            ]
          ]
        ]
      }
    },
    {
      "id": "773",
      "type": "Feature",
      "properties": {
        "zone_id": "Grid-24-29",
        "name": "Grid-24-29",
        "flood_km2": 0.102,
        "flood_pct": 10.2,
        "zone_area_km2": 1.0,
        "population": 207.1358,
        "people_affected": 21.1279,
        "facilities_hit": 0,
        "facilities_by_type": {},
        "road_cut_km": 0.0,
        "confidence": "Low",
        "confidence_score": 0.365,
        "reason": "Low: single-method detection (methods disagree); optical ML unavailable for zone",
        "conf_detail": {
          "agreement_ratio": 0.0,
          "terrain_penalty": 0.0,
          "time_penalty": 0.375,
          "margin_score": 0.699,
          "method_penalty": 0.15
        },
        "breakdown": {
          "severity": 0.0434,
          "people": 0.0082,
          "facilities": 0.0,
          "roads": 0.0
        },
        "score": 0.0516,
        "rank": 295,
        "tier": "P3"
      },
      "geometry": {
        "type": "Polygon",
        "coordinates": [
          [
            [
              91.2492590865489,
              26.144317053420945
            ],
            [
              91.24912437387214,
              26.153342494225395
            ],
            [
              91.2391238330481,
              26.153220541363893
            ],
            [
              91.23925931420187,
              26.144195148906444
            ],
            [
              91.2492590865489,
              26.144317053420945
            ]
          ]
        ]
      }
    },
    {
      "id": "143",
      "type": "Feature",
      "properties": {
        "zone_id": "Grid-4-19",
        "name": "Grid-4-19",
        "flood_km2": 0.0736,
        "flood_pct": 7.36,
        "zone_area_km2": 1.0,
        "population": 665.631,
        "people_affected": 48.9904,
        "facilities_hit": 0,
        "facilities_by_type": {},
        "road_cut_km": 0.0,
        "confidence": "Low",
        "confidence_score": 0.346,
        "reason": "Low: single-method detection (methods disagree); optical ML unavailable for zone",
        "conf_detail": {
          "agreement_ratio": 0.0,
          "terrain_penalty": 0.0,
          "time_penalty": 0.375,
          "margin_score": 0.603,
          "method_penalty": 0.15
        },
        "breakdown": {
          "severity": 0.0313,
          "people": 0.019,
          "facilities": 0.0,
          "roads": 0.0
        },
        "score": 0.0503,
        "rank": 296,
        "tier": "P3"
      },
      "geometry": {
        "type": "Polygon",
        "coordinates": [
          [
            [
              91.14640350061464,
              26.323563410084905
            ],
            [
              91.14625974778106,
              26.33258811382097
            ],
            [
              91.1362444247408,
              26.332458199916143
            ],
            [
              91.13638895314422,
              26.32343354743005
            ],
            [
              91.14640350061464,
              26.323563410084905
            ]
          ]
        ]
      }
    },
    {
      "id": "146",
      "type": "Feature",
      "properties": {
        "zone_id": "Grid-4-22",
        "name": "Grid-4-22",
        "flood_km2": 0.0684,
        "flood_pct": 6.84,
        "zone_area_km2": 1.0,
        "population": 797.7387,
        "people_affected": 54.5653,
        "facilities_hit": 0,
        "facilities_by_type": {},
        "road_cut_km": 0.0,
        "confidence": "Low",
        "confidence_score": 0.345,
        "reason": "Low: single-method detection (methods disagree); optical ML unavailable for zone",
        "conf_detail": {
          "agreement_ratio": 0.0,
          "terrain_penalty": 0.0,
          "time_penalty": 0.375,
          "margin_score": 0.599,
          "method_penalty": 0.15
        },
        "breakdown": {
          "severity": 0.0291,
          "people": 0.0212,
          "facilities": 0.0,
          "roads": 0.0
        },
        "score": 0.0503,
        "rank": 297,
        "tier": "P3"
      },
      "geometry": {
        "type": "Polygon",
        "coordinates": [
          [
            [
              91.17644754976442,
              26.323948804567575
            ],
            [
              91.17630612377691,
              26.332973660399258
            ],
            [
              91.16629059766608,
              26.332845844080644
            ],
            [
              91.16643279929157,
              26.323821038671777
            ],
            [
              91.17644754976442,
              26.323948804567575
            ]
          ]
        ]
      }
    },
    {
      "id": "885",
      "type": "Feature",
      "properties": {
        "zone_id": "Grid-28-17",
        "name": "Grid-28-17",
        "flood_km2": 0.0624,
        "flood_pct": 6.24,
        "zone_area_km2": 1.0,
        "population": 968.3857,
        "people_affected": 60.4273,
        "facilities_hit": 0,
        "facilities_by_type": {},
        "road_cut_km": 0.0,
        "confidence": "Low",
        "confidence_score": 0.354,
        "reason": "Low: single-method detection (methods disagree); optical ML unavailable for zone",
        "conf_detail": {
          "agreement_ratio": 0.0,
          "terrain_penalty": 0.0,
          "time_penalty": 0.375,
          "margin_score": 0.644,
          "method_penalty": 0.15
        },
        "breakdown": {
          "severity": 0.0265,
          "people": 0.0234,
          "facilities": 0.0,
          "roads": 0.0
        },
        "score": 0.05,
        "rank": 298,
        "tier": "P3"
      },
      "geometry": {
        "type": "Polygon",
        "coordinates": [
          [
            [
              91.1298411913825,
              26.106708938105115
            ],
            [
              91.12969753152508,
              26.115733828756298
            ],
            [
              91.11970085728963,
              26.1156037576376
            ],
            [
              91.11984528390204,
              26.10657891860153
            ],
            [
              91.1298411913825,
              26.106708938105115
            ]
          ]
        ]
      }
    },
    {
      "id": "113",
      "type": "Feature",
      "properties": {
        "zone_id": "Grid-3-20",
        "name": "Grid-3-20",
        "flood_km2": 0.0764,
        "flood_pct": 7.64,
        "zone_area_km2": 1.0,
        "population": 580.6805,
        "people_affected": 44.364,
        "facilities_hit": 0,
        "facilities_by_type": {},
        "road_cut_km": 0.0,
        "confidence": "Low",
        "confidence_score": 0.351,
        "reason": "Low: single-method detection (methods disagree); optical ML unavailable for zone",
        "conf_detail": {
          "agreement_ratio": 0.0,
          "terrain_penalty": 0.0,
          "time_penalty": 0.375,
          "margin_score": 0.63,
          "method_penalty": 0.15
        },
        "breakdown": {
          "severity": 0.0325,
          "people": 0.0172,
          "facilities": 0.0,
          "roads": 0.0
        },
        "score": 0.0497,
        "rank": 299,
        "tier": "P3"
      },
      "geometry": {
        "type": "Polygon",
        "coordinates": [
          [
            [
              91.15627513887847,
              26.332717328548526
            ],
            [
              91.15613209394736,
              26.341742071172494
            ],
            [
              91.14611592689032,
              26.341612805462987
            ],
            [
              91.14625974778106,
              26.33258811382097
            ],
            [
              91.15627513887847,
              26.332717328548526
            ]
          ]
        ]
      }
    },
    {
      "id": "895",
      "type": "Feature",
      "properties": {
        "zone_id": "Grid-28-27",
        "name": "Grid-28-27",
        "flood_km2": 0.0504,
        "flood_pct": 5.04,
        "zone_area_km2": 1.0,
        "population": 1442.3337,
        "people_affected": 72.6936,
        "facilities_hit": 0,
        "facilities_by_type": {},
        "road_cut_km": 0.0,
        "confidence": "Low",
        "confidence_score": 0.353,
        "reason": "Low: single-method detection (methods disagree); optical ML unavailable for zone",
        "conf_detail": {
          "agreement_ratio": 0.0,
          "terrain_penalty": 0.0,
          "time_penalty": 0.375,
          "margin_score": 0.638,
          "method_penalty": 0.15
        },
        "breakdown": {
          "severity": 0.0214,
          "people": 0.0282,
          "facilities": 0.0,
          "roads": 0.0
        },
        "score": 0.0496,
        "rank": 300,
        "tier": "P3"
      },
      "geometry": {
        "type": "Polygon",
        "coordinates": [
          [
            [
              91.22980395815594,
              26.107971055838348
            ],
            [
              91.2296679670783,
              26.116996447530557
            ],
            [
              91.2196706268128,
              26.11687330257142
            ],
            [
              91.21980738486722,
              26.10784795974691
            ],
            [
              91.22980395815594,
              26.107971055838348
            ]
          ]
        ]
      }
    },
    {
      "id": "851",
      "type": "Feature",
      "properties": {
        "zone_id": "Grid-27-14",
        "name": "Grid-27-14",
        "flood_km2": 0.0568,
        "flood_pct": 5.68,
        "zone_area_km2": 1.0,
        "population": 1143.6003,
        "people_affected": 64.9565,
        "facilities_hit": 0,
        "facilities_by_type": {},
        "road_cut_km": 0.0,
        "confidence": "Low",
        "confidence_score": 0.337,
        "reason": "Low: single-method detection (methods disagree); optical ML unavailable for zone",
        "conf_detail": {
          "agreement_ratio": 0.0,
          "terrain_penalty": 0.0,
          "time_penalty": 0.375,
          "margin_score": 0.562,
          "method_penalty": 0.15
        },
        "breakdown": {
          "severity": 0.0242,
          "people": 0.0252,
          "facilities": 0.0,
          "roads": 0.0
        },
        "score": 0.0494,
        "rank": 301,
        "tier": "P3"
      },
      "geometry": {
        "type": "Polygon",
        "coordinates": [
          [
            [
              91.0997077149979,
              26.11534153786687
            ],
            [
              91.0995616856112,
              26.124366260791
            ],
            [
              91.08956445123283,
              26.124234059728728
            ],
            [
              91.08971124766956,
              26.115209389251593
            ],
            [
              91.0997077149979,
              26.11534153786687
            ]
          ]
        ]
      }
    },
    {
      "id": "34",
      "type": "Feature",
      "properties": {
        "zone_id": "Grid-1-3",
        "name": "Grid-1-3",
        "flood_km2": 0.064,
        "flood_pct": 6.4,
        "zone_area_km2": 1.0,
        "population": 888.8507,
        "people_affected": 56.8864,
        "facilities_hit": 0,
        "facilities_by_type": {},
        "road_cut_km": 0.0,
        "confidence": "Low",
        "confidence_score": 0.351,
        "reason": "Low: single-method detection (methods disagree); optical ML unavailable for zone",
        "conf_detail": {
          "agreement_ratio": 0.0,
          "terrain_penalty": 0.0,
          "time_penalty": 0.375,
          "margin_score": 0.628,
          "method_penalty": 0.15
        },
        "breakdown": {
          "severity": 0.0272,
          "people": 0.0221,
          "facilities": 0.0,
          "roads": 0.0
        },
        "score": 0.0493,
        "rank": 302,
        "tier": "P3"
      },
      "geometry": {
        "type": "Polygon",
        "coordinates": [
          [
            [
              90.98571045540848,
              26.348473267366952
            ],
            [
              90.98555407442858,
              26.357497081347038
            ],
            [
              90.9755375624301,
              26.35735581612566
            ],
            [
              90.97569471969817,
              26.348332057830813
            ],
            [
              90.98571045540848,
              26.348473267366952
            ]
          ]
        ]
      }
    },
    {
      "id": "141",
      "type": "Feature",
      "properties": {
        "zone_id": "Grid-4-17",
        "name": "Grid-4-17",
        "flood_km2": 0.0636,
        "flood_pct": 6.36,
        "zone_area_km2": 1.0,
        "population": 900.749,
        "people_affected": 57.2876,
        "facilities_hit": 0,
        "facilities_by_type": {},
        "road_cut_km": 0.0,
        "confidence": "Low",
        "confidence_score": 0.337,
        "reason": "Low: single-method detection (methods disagree); optical ML unavailable for zone",
        "conf_detail": {
          "agreement_ratio": 0.0,
          "terrain_penalty": 0.0,
          "time_penalty": 0.375,
          "margin_score": 0.56,
          "method_penalty": 0.15
        },
        "breakdown": {
          "severity": 0.0271,
          "people": 0.0222,
          "facilities": 0.0,
          "roads": 0.0
        },
        "score": 0.0493,
        "rank": 303,
        "tier": "P3"
      },
      "geometry": {
        "type": "Polygon",
        "coordinates": [
          [
            [
              91.1263744740749,
              26.323302985891885
            ],
            [
              91.12622917012457,
              26.332327586852305
            ],
            [
              91.11621398429934,
              26.332196274647817
            ],
            [
              91.11636006377347,
              26.32317172548875
            ],
            [
              91.1263744740749,
              26.323302985891885
            ]
          ]
        ]
      }
    },
    {
      "id": "98",
      "type": "Feature",
      "properties": {
        "zone_id": "Grid-3-5",
        "name": "Grid-3-5",
        "flood_km2": 0.0292,
        "flood_pct": 2.92,
        "zone_area_km2": 1.0,
        "population": 3240.9404,
        "people_affected": 94.6355,
        "facilities_hit": 0,
        "facilities_by_type": {},
        "road_cut_km": 0.0,
        "confidence": "Low",
        "confidence_score": 0.35,
        "reason": "Low: single-method detection (methods disagree); optical ML unavailable for zone",
        "conf_detail": {
          "agreement_ratio": 0.0,
          "terrain_penalty": 0.0,
          "time_penalty": 0.375,
          "margin_score": 0.626,
          "method_penalty": 0.15
        },
        "breakdown": {
          "severity": 0.0124,
          "people": 0.0367,
          "facilities": 0.0,
          "roads": 0.0
        },
        "score": 0.0491,
        "rank": 304,
        "tier": "P3"
      },
      "geometry": {
        "type": "Polygon",
        "coordinates": [
          [
            [
              91.00605158534684,
              26.330705702464748
            ],
            [
              91.00589690347677,
              26.339729651409893
            ],
            [
              90.99588179615267,
              26.339589895868162
            ],
            [
              90.99603725362667,
              26.33056600204025
            ],
            [
              91.00605158534684,
              26.330705702464748
            ]
          ]
        ]
      }
    },
    {
      "id": "100",
      "type": "Feature",
      "properties": {
        "zone_id": "Grid-3-7",
        "name": "Grid-3-7",
        "flood_km2": 0.0604,
        "flood_pct": 6.04,
        "zone_area_km2": 1.0,
        "population": 990.9126,
        "people_affected": 59.8511,
        "facilities_hit": 0,
        "facilities_by_type": {},
        "road_cut_km": 0.0,
        "confidence": "Low",
        "confidence_score": 0.346,
        "reason": "Low: single-method detection (methods disagree); optical ML unavailable for zone",
        "conf_detail": {
          "agreement_ratio": 0.0,
          "terrain_penalty": 0.0,
          "time_penalty": 0.375,
          "margin_score": 0.604,
          "method_penalty": 0.15
        },
        "breakdown": {
          "severity": 0.0257,
          "people": 0.0232,
          "facilities": 0.0,
          "roads": 0.0
        },
        "score": 0.0489,
        "rank": 305,
        "tier": "P3"
      },
      "geometry": {
        "type": "Polygon",
        "coordinates": [
          [
            [
              91.02608046799853,
              26.33098300655617
            ],
            [
              91.02592733740994,
              26.340007064908907
            ],
            [
              91.01591208401814,
              26.339868707763323
            ],
            [
              91.01606599025969,
              26.33084470397657
            ],
            [
              91.02608046799853,
              26.33098300655617
            ]
          ]
        ]
      }
    },
    {
      "id": "306",
      "type": "Feature",
      "properties": {
        "zone_id": "Grid-9-27",
        "name": "Grid-9-27",
        "flood_km2": 0.0512,
        "flood_pct": 5.12,
        "zone_area_km2": 1.0,
        "population": 1360.757,
        "people_affected": 69.6708,
        "facilities_hit": 0,
        "facilities_by_type": {},
        "road_cut_km": 0.0,
        "confidence": "Low",
        "confidence_score": 0.348,
        "reason": "Low: single-method detection (methods disagree); optical ML unavailable for zone",
        "conf_detail": {
          "agreement_ratio": 0.0,
          "terrain_penalty": 0.0,
          "time_penalty": 0.375,
          "margin_score": 0.615,
          "method_penalty": 0.15
        },
        "breakdown": {
          "severity": 0.0218,
          "people": 0.027,
          "facilities": 0.0,
          "roads": 0.0
        },
        "score": 0.0488,
        "rank": 306,
        "tier": "P3"
      },
      "geometry": {
        "type": "Polygon",
        "coordinates": [
          [
            [
              91.22720906005945,
              26.27945144990943
            ],
            [
              91.22707183787499,
              26.288476613841226
            ],
            [
              91.21705985573035,
              26.288352539004045
            ],
            [
              91.21719785183055,
              26.279327424079366
            ],
            [
              91.22720906005945,
              26.27945144990943
            ]
          ]
        ]
      }
    },
    {
      "id": "909",
      "type": "Feature",
      "properties": {
        "zone_id": "Grid-29-10",
        "name": "Grid-29-10",
        "flood_km2": 0.0372,
        "flood_pct": 8.087,
        "zone_area_km2": 0.47237621329026297,
        "population": 451.0479,
        "people_affected": 36.476,
        "facilities_hit": 0,
        "facilities_by_type": {},
        "road_cut_km": 0.0,
        "confidence": "Low",
        "confidence_score": 0.332,
        "reason": "Low: single-method detection (methods disagree); optical ML unavailable for zone",
        "conf_detail": {
          "agreement_ratio": 0.0,
          "terrain_penalty": 0.0,
          "time_penalty": 0.375,
          "margin_score": 0.534,
          "method_penalty": 0.15
        },
        "breakdown": {
          "severity": 0.0344,
          "people": 0.0141,
          "facilities": 0.0,
          "roads": 0.0
        },
        "score": 0.0485,
        "rank": 307,
        "tier": "P3"
      },
      "geometry": {
        "type": "Polygon",
        "coordinates": [
          [
            [
              91.05994166401781,
              26.10152129065432
            ],
            [
              91.05987129197977,
              26.105784265131653
            ],
            [
              91.04987587221493,
              26.1056494003186
            ],
            [
              91.04994660624652,
              26.10138645112845
            ],
            [
              91.05994166401781,
              26.10152129065432
            ]
          ]
        ]
      }
    },
    {
      "id": "17",
      "type": "Feature",
      "properties": {
        "zone_id": "Grid-0-17",
        "name": "Grid-0-17",
        "flood_km2": 0.05,
        "flood_pct": 5.0,
        "zone_area_km2": 1.0,
        "population": 1405.6553,
        "people_affected": 70.2828,
        "facilities_hit": 0,
        "facilities_by_type": {},
        "road_cut_km": 0.0,
        "confidence": "Low",
        "confidence_score": 0.347,
        "reason": "Low: single-method detection (methods disagree); optical ML unavailable for zone",
        "conf_detail": {
          "agreement_ratio": 0.0,
          "terrain_penalty": 0.0,
          "time_penalty": 0.375,
          "margin_score": 0.612,
          "method_penalty": 0.15
        },
        "breakdown": {
          "severity": 0.0213,
          "people": 0.0273,
          "facilities": 0.0,
          "roads": 0.0
        },
        "score": 0.0485,
        "rank": 308,
        "tier": "P3"
      },
      "geometry": {
        "type": "Polygon",
        "coordinates": [
          [
            [
              91.12579284543534,
              26.359401317063792
            ],
            [
              91.12564726618247,
              26.368425869567304
            ],
            [
              91.11562897459184,
              26.368294350079193
            ],
            [
              91.11577533083684,
              26.359269849408328
            ],
            [
              91.12579284543534,
              26.359401317063792
            ]
          ]
        ]
      }
    },
    {
      "id": "2",
      "type": "Feature",
      "properties": {
        "zone_id": "Grid-0-2",
        "name": "Grid-0-2",
        "flood_km2": 0.054,
        "flood_pct": 5.4,
        "zone_area_km2": 1.0,
        "population": 1211.4286,
        "people_affected": 65.4171,
        "facilities_hit": 0,
        "facilities_by_type": {},
        "road_cut_km": 0.0,
        "confidence": "Low",
        "confidence_score": 0.354,
        "reason": "Low: single-method detection (methods disagree); optical ML unavailable for zone",
        "conf_detail": {
          "agreement_ratio": 0.0,
          "terrain_penalty": 0.0,
          "time_penalty": 0.375,
          "margin_score": 0.647,
          "method_penalty": 0.15
        },
        "breakdown": {
          "severity": 0.023,
          "people": 0.0254,
          "facilities": 0.0,
          "roads": 0.0
        },
        "score": 0.0483,
        "rank": 309,
        "tier": "P3"
      },
      "geometry": {
        "type": "Polygon",
        "coordinates": [
          [
            [
              90.9755375624301,
              26.35735581612566
            ],
            [
              90.97538033079441,
              26.36637956217983
            ],
            [
              90.96536311653337,
              26.36623754130871
            ],
            [
              90.96552112479928,
              26.357213851223904
            ],
            [
              90.9755375624301,
              26.35735581612566
            ]
          ]
        ]
      }
    },
    {
      "id": "435",
      "type": "Feature",
      "properties": {
        "zone_id": "Grid-14-1",
        "name": "Grid-14-1",
        "flood_km2": 0.064,
        "flood_pct": 6.4,
        "zone_area_km2": 1.0,
        "population": 844.3044,
        "people_affected": 54.0355,
        "facilities_hit": 0,
        "facilities_by_type": {},
        "road_cut_km": 0.0,
        "confidence": "Low",
        "confidence_score": 0.347,
        "reason": "Low: single-method detection (methods disagree); optical ML unavailable for zone",
        "conf_detail": {
          "agreement_ratio": 0.0,
          "terrain_penalty": 0.0,
          "time_penalty": 0.375,
          "margin_score": 0.608,
          "method_penalty": 0.15
        },
        "breakdown": {
          "severity": 0.0272,
          "people": 0.021,
          "facilities": 0.0,
          "roads": 0.0
        },
        "score": 0.0482,
        "rank": 310,
        "tier": "P3"
      },
      "geometry": {
        "type": "Polygon",
        "coordinates": [
          [
            [
              90.96772540477792,
              26.230880905331215
            ],
            [
              90.96756844051961,
              26.239904766613133
            ],
            [
              90.95756214013619,
              26.239762832465843
            ],
            [
              90.95771987587258,
              26.23073902731055
            ],
            [
              90.96772540477792,
              26.230880905331215
            ]
          ]
        ]
      }
    },
    {
      "id": "48",
      "type": "Feature",
      "properties": {
        "zone_id": "Grid-1-17",
        "name": "Grid-1-17",
        "flood_km2": 0.0512,
        "flood_pct": 5.12,
        "zone_area_km2": 1.0,
        "population": 1312.8981,
        "people_affected": 67.2204,
        "facilities_hit": 0,
        "facilities_by_type": {},
        "road_cut_km": 0.0,
        "confidence": "Low",
        "confidence_score": 0.342,
        "reason": "Low: single-method detection (methods disagree); optical ML unavailable for zone",
        "conf_detail": {
          "agreement_ratio": 0.0,
          "terrain_penalty": 0.0,
          "time_penalty": 0.375,
          "margin_score": 0.583,
          "method_penalty": 0.15
        },
        "breakdown": {
          "severity": 0.0218,
          "people": 0.0261,
          "facilities": 0.0,
          "roads": 0.0
        },
        "score": 0.0479,
        "rank": 311,
        "tier": "P3"
      },
      "geometry": {
        "type": "Polygon",
        "coordinates": [
          [
            [
              91.1259383558279,
              26.35037675244138
            ],
            [
              91.12579284543534,
              26.359401317063792
            ],
            [
              91.11577533083684,
              26.359269849408328
            ],
            [
              91.11592161785424,
              26.350245336610733
            ],
            [
              91.1259383558279,
              26.35037675244138
            ]
          ]
        ]
      }
    },
    {
      "id": "587",
      "type": "Feature",
      "properties": {
        "zone_id": "Grid-18-29",
        "name": "Grid-18-29",
        "flood_km2": 0.0752,
        "flood_pct": 7.52,
        "zone_area_km2": 1.0,
        "population": 540.0095,
        "people_affected": 40.6087,
        "facilities_hit": 0,
        "facilities_by_type": {},
        "road_cut_km": 0.0,
        "confidence": "Low",
        "confidence_score": 0.339,
        "reason": "Low: single-method detection (methods disagree); optical ML unavailable for zone",
        "conf_detail": {
          "agreement_ratio": 0.0,
          "terrain_penalty": 0.0,
          "time_penalty": 0.375,
          "margin_score": 0.571,
          "method_penalty": 0.15
        },
        "breakdown": {
          "severity": 0.032,
          "people": 0.0157,
          "facilities": 0.0,
          "roads": 0.0
        },
        "score": 0.0477,
        "rank": 312,
        "tier": "P3"
      },
      "geometry": {
        "type": "Polygon",
        "coordinates": [
          [
            [
              91.24844985069754,
              26.19846951882465
            ],
            [
              91.24831475395489,
              26.207494887838287
            ],
            [
              91.23830959460744,
              26.207372644742662
            ],
            [
              91.2384454620167,
              26.198347324119503
            ],
            [
              91.24844985069754,
              26.19846951882465
            ]
          ]
        ]
      }
    },
    {
      "id": "86",
      "type": "Feature",
      "properties": {
        "zone_id": "Grid-2-24",
        "name": "Grid-2-24",
        "flood_km2": 0.086,
        "flood_pct": 8.6,
        "zone_area_km2": 1.0,
        "population": 333.6441,
        "people_affected": 28.6934,
        "facilities_hit": 0,
        "facilities_by_type": {},
        "road_cut_km": 0.0,
        "confidence": "Low",
        "confidence_score": 0.341,
        "reason": "Low: single-method detection (methods disagree); optical ML unavailable for zone",
        "conf_detail": {
          "agreement_ratio": 0.0,
          "terrain_penalty": 0.0,
          "time_penalty": 0.375,
          "margin_score": 0.582,
          "method_penalty": 0.15
        },
        "breakdown": {
          "severity": 0.0366,
          "people": 0.0111,
          "facilities": 0.0,
          "roads": 0.0
        },
        "score": 0.0477,
        "rank": 313,
        "tier": "P3"
      },
      "geometry": {
        "type": "Polygon",
        "coordinates": [
          [
            [
              91.1961974356339,
              26.342252139118287
            ],
            [
              91.19605742852285,
              26.351277070853275
            ],
            [
              91.1860402163997,
              26.351150553250225
            ],
            [
              91.18618099992769,
              26.34212567140163
            ],
            [
              91.1961974356339,
              26.342252139118287
            ]
          ]
        ]
      }
    },
    {
      "id": "739",
      "type": "Feature",
      "properties": {
        "zone_id": "Grid-23-26",
        "name": "Grid-23-26",
        "flood_km2": 0.094,
        "flood_pct": 9.4,
        "zone_area_km2": 1.0,
        "population": 211.3913,
        "people_affected": 19.8708,
        "facilities_hit": 0,
        "facilities_by_type": {},
        "road_cut_km": 0.0,
        "confidence": "Low",
        "confidence_score": 0.373,
        "reason": "Low: single-method detection (methods disagree); optical ML unavailable for zone",
        "conf_detail": {
          "agreement_ratio": 0.0,
          "terrain_penalty": 0.0,
          "time_penalty": 0.375,
          "margin_score": 0.741,
          "method_penalty": 0.15
        },
        "breakdown": {
          "severity": 0.04,
          "people": 0.0077,
          "facilities": 0.0,
          "roads": 0.0
        },
        "score": 0.0477,
        "rank": 314,
        "tier": "P3"
      },
      "geometry": {
        "type": "Polygon",
        "coordinates": [
          [
            [
              91.21912294473125,
              26.152974554170108
            ],
            [
              91.21898586163653,
              26.161999837129425
            ],
            [
              91.20898474609606,
              26.16187575365244
            ],
            [
              91.20912259796764,
              26.15285051987235
            ],
            [
              91.21912294473125,
              26.152974554170108
            ]
          ]
        ]
      }
    },
    {
      "id": "585",
      "type": "Feature",
      "properties": {
        "zone_id": "Grid-18-27",
        "name": "Grid-18-27",
        "flood_km2": 0.1016,
        "flood_pct": 10.16,
        "zone_area_km2": 1.0,
        "population": 106.1192,
        "people_affected": 10.7817,
        "facilities_hit": 0,
        "facilities_by_type": {},
        "road_cut_km": 0.0,
        "confidence": "Low",
        "confidence_score": 0.354,
        "reason": "Low: single-method detection (methods disagree); optical ML unavailable for zone",
        "conf_detail": {
          "agreement_ratio": 0.0,
          "terrain_penalty": 0.0,
          "time_penalty": 0.375,
          "margin_score": 0.644,
          "method_penalty": 0.15
        },
        "breakdown": {
          "severity": 0.0432,
          "people": 0.0042,
          "facilities": 0.0,
          "roads": 0.0
        },
        "score": 0.0474,
        "rank": 315,
        "tier": "P3"
      },
      "geometry": {
        "type": "Polygon",
        "coordinates": [
          [
            [
              91.2284411377655,
              26.198224434209607
            ],
            [
              91.22830449971121,
              26.207249706167083
            ],
            [
              91.2182994696315,
              26.20712607212879
            ],
            [
              91.21843687830918,
              26.1981008491122
            ],
            [
              91.2284411377655,
              26.198224434209607
            ]
          ]
        ]
      }
    },
    {
      "id": "825",
      "type": "Feature",
      "properties": {
        "zone_id": "Grid-26-19",
        "name": "Grid-26-19",
        "flood_km2": 0.0584,
        "flood_pct": 5.84,
        "zone_area_km2": 1.0,
        "population": 977.9157,
        "people_affected": 57.1103,
        "facilities_hit": 0,
        "facilities_by_type": {},
        "road_cut_km": 0.0,
        "confidence": "Low",
        "confidence_score": 0.355,
        "reason": "Low: single-method detection (methods disagree); optical ML unavailable for zone",
        "conf_detail": {
          "agreement_ratio": 0.0,
          "terrain_penalty": 0.0,
          "time_penalty": 0.375,
          "margin_score": 0.649,
          "method_penalty": 0.15
        },
        "breakdown": {
          "severity": 0.0248,
          "people": 0.0221,
          "facilities": 0.0,
          "roads": 0.0
        },
        "score": 0.047,
        "rank": 316,
        "tier": "P3"
      },
      "geometry": {
        "type": "Polygon",
        "coordinates": [
          [
            [
              91.14954889056278,
              26.12501687440733
            ],
            [
              91.14940662923465,
              26.134041843423304
            ],
            [
              91.13940828418822,
              26.133913055239407
            ],
            [
              91.13955131304479,
              26.124888137304396
            ],
            [
              91.14954889056278,
              26.12501687440733
            ]
          ]
        ]
      }
    },
    {
      "id": "70",
      "type": "Feature",
      "properties": {
        "zone_id": "Grid-2-8",
        "name": "Grid-2-8",
        "flood_km2": 0.0516,
        "flood_pct": 5.16,
        "zone_area_km2": 1.0,
        "population": 1247.6516,
        "people_affected": 64.3788,
        "facilities_hit": 0,
        "facilities_by_type": {},
        "road_cut_km": 0.0,
        "confidence": "Low",
        "confidence_score": 0.341,
        "reason": "Low: single-method detection (methods disagree); optical ML unavailable for zone",
        "conf_detail": {
          "agreement_ratio": 0.0,
          "terrain_penalty": 0.0,
          "time_penalty": 0.375,
          "margin_score": 0.582,
          "method_penalty": 0.15
        },
        "breakdown": {
          "severity": 0.022,
          "people": 0.025,
          "facilities": 0.0,
          "roads": 0.0
        },
        "score": 0.0469,
        "rank": 317,
        "tier": "P3"
      },
      "geometry": {
        "type": "Polygon",
        "coordinates": [
          [
            [
              91.03594266328527,
              26.340144722827194
            ],
            [
              91.03579023625728,
              26.34916882328574
            ],
            [
              91.02577413433777,
              26.34903111106892
            ],
            [
              91.02592733740994,
              26.340007064908907
            ],
            [
              91.03594266328527,
              26.340144722827194
            ]
          ]
        ]
      }
    },
    {
      "id": "796",
      "type": "Feature",
      "properties": {
        "zone_id": "Grid-25-21",
        "name": "Grid-25-21",
        "flood_km2": 0.0564,
        "flood_pct": 5.64,
        "zone_area_km2": 1.0,
        "population": 1043.5472,
        "people_affected": 58.8561,
        "facilities_hit": 0,
        "facilities_by_type": {},
        "road_cut_km": 0.0,
        "confidence": "Low",
        "confidence_score": 0.343,
        "reason": "Low: single-method detection (methods disagree); optical ML unavailable for zone",
        "conf_detail": {
          "agreement_ratio": 0.0,
          "terrain_penalty": 0.0,
          "time_penalty": 0.375,
          "margin_score": 0.591,
          "method_penalty": 0.15
        },
        "breakdown": {
          "severity": 0.024,
          "people": 0.0228,
          "facilities": 0.0,
          "roads": 0.0
        },
        "score": 0.0468,
        "rank": 318,
        "tier": "P3"
      },
      "geometry": {
        "type": "Polygon",
        "coordinates": [
          [
            [
              91.16940352163766,
              26.13429734040945
            ],
            [
              91.1692627286042,
              26.14332239875273
            ],
            [
              91.15926348086815,
              26.14319494629035
            ],
            [
              91.15940504183922,
              26.134169938485975
            ],
            [
              91.16940352163766,
              26.13429734040945
            ]
          ]
        ]
      }
    },
    {
      "id": "253",
      "type": "Feature",
      "properties": {
        "zone_id": "Grid-8-5",
        "name": "Grid-8-5",
        "flood_km2": 0.0708,
        "flood_pct": 7.08,
        "zone_area_km2": 1.0,
        "population": 598.3768,
        "people_affected": 42.3651,
        "facilities_hit": 0,
        "facilities_by_type": {},
        "road_cut_km": 0.0,
        "confidence": "Low",
        "confidence_score": 0.335,
        "reason": "Low: single-method detection (methods disagree); optical ML unavailable for zone",
        "conf_detail": {
          "agreement_ratio": 0.0,
          "terrain_penalty": 0.0,
          "time_penalty": 0.375,
          "margin_score": 0.551,
          "method_penalty": 0.15
        },
        "breakdown": {
          "severity": 0.0301,
          "people": 0.0164,
          "facilities": 0.0,
          "roads": 0.0
        },
        "score": 0.0465,
        "rank": 319,
        "tier": "P3"
      },
      "geometry": {
        "type": "Polygon",
        "coordinates": [
          [
            [
              91.00682389729764,
              26.285585774711645
            ],
            [
              91.00666958114564,
              26.29460978465533
            ],
            [
              90.99665834817537,
              26.294470304616674
            ],
            [
              90.996813438099,
              26.285446349748707
            ],
            [
              91.00682389729764,
              26.285585774711645
            ]
          ]
        ]
      }
    },
    {
      "id": "147",
      "type": "Feature",
      "properties": {
        "zone_id": "Grid-4-23",
        "name": "Grid-4-23",
        "flood_km2": 0.0672,
        "flood_pct": 6.72,
        "zone_area_km2": 1.0,
        "population": 683.1211,
        "people_affected": 45.9057,
        "facilities_hit": 0,
        "facilities_by_type": {},
        "road_cut_km": 0.0,
        "confidence": "Low",
        "confidence_score": 0.34,
        "reason": "Low: single-method detection (methods disagree); optical ML unavailable for zone",
        "conf_detail": {
          "agreement_ratio": 0.0,
          "terrain_penalty": 0.0,
          "time_penalty": 0.375,
          "margin_score": 0.573,
          "method_penalty": 0.15
        },
        "breakdown": {
          "severity": 0.0286,
          "people": 0.0178,
          "facilities": 0.0,
          "roads": 0.0
        },
        "score": 0.0464,
        "rank": 320,
        "tier": "P3"
      },
      "geometry": {
        "type": "Polygon",
        "coordinates": [
          [
            [
              91.18646236717109,
              26.324075871507638
            ],
            [
              91.18632171684403,
              26.333100777486393
            ],
            [
              91.17630612377691,
              26.332973660399258
            ],
            [
              91.17644754976442,
              26.323948804567575
            ],
            [
              91.18646236717109,
              26.324075871507638
            ]
          ]
        ]
      }
    },
    {
      "id": "274",
      "type": "Feature",
      "properties": {
        "zone_id": "Grid-8-26",
        "name": "Grid-8-26",
        "flood_km2": 0.0492,
        "flood_pct": 4.92,
        "zone_area_km2": 1.0,
        "population": 1281.9651,
        "people_affected": 63.0727,
        "facilities_hit": 0,
        "facilities_by_type": {},
        "road_cut_km": 0.0,
        "confidence": "Low",
        "confidence_score": 0.349,
        "reason": "Low: single-method detection (methods disagree); optical ML unavailable for zone",
        "conf_detail": {
          "agreement_ratio": 0.0,
          "terrain_penalty": 0.0,
          "time_penalty": 0.375,
          "margin_score": 0.62,
          "method_penalty": 0.15
        },
        "breakdown": {
          "severity": 0.0209,
          "people": 0.0245,
          "facilities": 0.0,
          "roads": 0.0
        },
        "score": 0.0454,
        "rank": 321,
        "tier": "P3"
      },
      "geometry": {
        "type": "Polygon",
        "coordinates": [
          [
            [
              91.21705985573035,
              26.288352539004045
            ],
            [
              91.21692179425165,
              26.29737764190306
            ],
            [
              91.20690910322526,
              26.297252819851852
            ],
            [
              91.20704793896421,
              26.288227766242937
            ],
            [
              91.21705985573035,
              26.288352539004045
            ]
          ]
        ]
      }
    },
    {
      "id": "82",
      "type": "Feature",
      "properties": {
        "zone_id": "Grid-2-20",
        "name": "Grid-2-20",
        "flood_km2": 0.0672,
        "flood_pct": 6.72,
        "zone_area_km2": 1.0,
        "population": 637.0503,
        "people_affected": 42.8098,
        "facilities_hit": 0,
        "facilities_by_type": {},
        "road_cut_km": 0.0,
        "confidence": "Low",
        "confidence_score": 0.339,
        "reason": "Low: single-method detection (methods disagree); optical ML unavailable for zone",
        "conf_detail": {
          "agreement_ratio": 0.0,
          "terrain_penalty": 0.0,
          "time_penalty": 0.375,
          "margin_score": 0.57,
          "method_penalty": 0.15
        },
        "breakdown": {
          "severity": 0.0286,
          "people": 0.0166,
          "facilities": 0.0,
          "roads": 0.0
        },
        "score": 0.0452,
        "rank": 322,
        "tier": "P3"
      },
      "geometry": {
        "type": "Polygon",
        "coordinates": [
          [
            [
              91.15613209394736,
              26.341742071172494
            ],
            [
              91.15598898130334,
              26.35076680170699
            ],
            [
              91.1459720379196,
              26.35063748500784
            ],
            [
              91.14611592689032,
              26.341612805462987
            ],
            [
              91.15613209394736,
              26.341742071172494
            ]
          ]
        ]
      }
    },
    {
      "id": "652",
      "type": "Feature",
      "properties": {
        "zone_id": "Grid-21-1",
        "name": "Grid-21-1",
        "flood_km2": 0.0736,
        "flood_pct": 7.36,
        "zone_area_km2": 1.0,
        "population": 468.4452,
        "people_affected": 34.4776,
        "facilities_hit": 0,
        "facilities_by_type": {},
        "road_cut_km": 0.0,
        "confidence": "Low",
        "confidence_score": 0.337,
        "reason": "Low: single-method detection (methods disagree); optical ML unavailable for zone",
        "conf_detail": {
          "agreement_ratio": 0.0,
          "terrain_penalty": 0.0,
          "time_penalty": 0.375,
          "margin_score": 0.561,
          "method_penalty": 0.15
        },
        "breakdown": {
          "severity": 0.0313,
          "people": 0.0134,
          "facilities": 0.0,
          "roads": 0.0
        },
        "score": 0.0447,
        "rank": 323,
        "tier": "P3"
      },
      "geometry": {
        "type": "Polygon",
        "coordinates": [
          [
            [
              90.96882207320292,
              26.16771353481468
            ],
            [
              90.96866562911661,
              26.17673748145994
            ],
            [
              90.95866472141275,
              26.176595940022214
            ],
            [
              90.95882193442259,
              26.167572049444694
            ],
            [
              90.96882207320292,
              26.16771353481468
            ]
          ]
        ]
      }
    },
    {
      "id": "77",
      "type": "Feature",
      "properties": {
        "zone_id": "Grid-2-15",
        "name": "Grid-2-15",
        "flood_km2": 0.0456,
        "flood_pct": 4.56,
        "zone_area_km2": 1.0,
        "population": 1427.203,
        "people_affected": 65.0805,
        "facilities_hit": 0,
        "facilities_by_type": {},
        "road_cut_km": 0.0,
        "confidence": "Low",
        "confidence_score": 0.342,
        "reason": "Low: single-method detection (methods disagree); optical ML unavailable for zone",
        "conf_detail": {
          "agreement_ratio": 0.0,
          "terrain_penalty": 0.0,
          "time_penalty": 0.375,
          "margin_score": 0.586,
          "method_penalty": 0.15
        },
        "breakdown": {
          "severity": 0.0194,
          "people": 0.0252,
          "facilities": 0.0,
          "roads": 0.0
        },
        "score": 0.0446,
        "rank": 324,
        "tier": "P3"
      },
      "geometry": {
        "type": "Polygon",
        "coordinates": [
          [
            [
              91.10605194313248,
              26.341088748277944
            ],
            [
              91.10590494908492,
              26.350113221106405
            ],
            [
              91.09588834988703,
              26.349980405946965
            ],
            [
              91.09603612014573,
              26.340955985487025
            ],
            [
              91.10605194313248,
              26.341088748277944
            ]
          ]
        ]
      }
    },
    {
      "id": "809",
      "type": "Feature",
      "properties": {
        "zone_id": "Grid-26-3",
        "name": "Grid-26-3",
        "flood_km2": 0.0672,
        "flood_pct": 6.72,
        "zone_area_km2": 1.0,
        "population": 609.436,
        "people_affected": 40.9541,
        "facilities_hit": 0,
        "facilities_by_type": {},
        "road_cut_km": 0.0,
        "confidence": "Low",
        "confidence_score": 0.325,
        "reason": "Low: single-method detection (methods disagree); optical ML unavailable for zone",
        "conf_detail": {
          "agreement_ratio": 0.0,
          "terrain_penalty": 0.0,
          "time_penalty": 0.375,
          "margin_score": 0.5,
          "method_penalty": 0.15
        },
        "breakdown": {
          "severity": 0.0286,
          "people": 0.0159,
          "facilities": 0.0,
          "roads": 0.0
        },
        "score": 0.0445,
        "rank": 325,
        "tier": "P3"
      },
      "geometry": {
        "type": "Polygon",
        "coordinates": [
          [
            [
              90.98959600211548,
              26.122873951698285
            ],
            [
              90.98944146311614,
              26.13189807044884
            ],
            [
              90.9794442485264,
              26.131758194848086
            ],
            [
              90.9795995546775,
              26.12273413157408
            ],
            [
              90.98959600211548,
              26.122873951698285
            ]
          ]
        ]
      }
    },
    {
      "id": "293",
      "type": "Feature",
      "properties": {
        "zone_id": "Grid-9-14",
        "name": "Grid-9-14",
        "flood_km2": 0.0516,
        "flood_pct": 5.16,
        "zone_area_km2": 1.0,
        "population": 1066.5297,
        "people_affected": 55.0329,
        "facilities_hit": 0,
        "facilities_by_type": {},
        "road_cut_km": 0.0,
        "confidence": "Low",
        "confidence_score": 0.342,
        "reason": "Low: single-method detection (methods disagree); optical ML unavailable for zone",
        "conf_detail": {
          "agreement_ratio": 0.0,
          "terrain_penalty": 0.0,
          "time_penalty": 0.375,
          "margin_score": 0.583,
          "method_penalty": 0.15
        },
        "breakdown": {
          "severity": 0.022,
          "people": 0.0213,
          "facilities": 0.0,
          "roads": 0.0
        },
        "score": 0.0433,
        "rank": 326,
        "tier": "P3"
      },
      "geometry": {
        "type": "Polygon",
        "coordinates": [
          [
            [
              91.09706855564741,
              26.277784702627894
            ],
            [
              91.096921274302,
              26.286809207975768
            ],
            [
              91.08691017065404,
              26.28667606152305
            ],
            [
              91.08705822562085,
              26.277651608763914
            ],
            [
              91.09706855564741,
              26.277784702627894
            ]
          ]
        ]
      }
    },
    {
      "id": "248",
      "type": "Feature",
      "properties": {
        "zone_id": "Grid-8-0",
        "name": "Grid-8-0",
        "flood_km2": 0.0636,
        "flood_pct": 6.36,
        "zone_area_km2": 1.0,
        "population": 648.1562,
        "people_affected": 41.2227,
        "facilities_hit": 0,
        "facilities_by_type": {},
        "road_cut_km": 0.0,
        "confidence": "Low",
        "confidence_score": 0.339,
        "reason": "Low: single-method detection (methods disagree); optical ML unavailable for zone",
        "conf_detail": {
          "agreement_ratio": 0.0,
          "terrain_penalty": 0.0,
          "time_penalty": 0.375,
          "margin_score": 0.568,
          "method_penalty": 0.15
        },
        "breakdown": {
          "severity": 0.0271,
          "people": 0.016,
          "facilities": 0.0,
          "roads": 0.0
        },
        "score": 0.043,
        "rank": 327,
        "tier": "P3"
      },
      "geometry": {
        "type": "Polygon",
        "coordinates": [
          [
            [
              90.9567723393268,
              26.28488167493808
            ],
            [
              90.95661415456405,
              26.293905406749246
            ],
            [
              90.94660329255954,
              26.293762437953387
            ],
            [
              90.94676225096961,
              26.284738762594856
            ],
            [
              90.9567723393268,
              26.28488167493808
            ]
          ]
        ]
      }
    },
    {
      "id": "827",
      "type": "Feature",
      "properties": {
        "zone_id": "Grid-26-21",
        "name": "Grid-26-21",
        "flood_km2": 0.0536,
        "flood_pct": 5.36,
        "zone_area_km2": 1.0,
        "population": 969.8951,
        "people_affected": 51.9864,
        "facilities_hit": 0,
        "facilities_by_type": {},
        "road_cut_km": 0.0,
        "confidence": "Low",
        "confidence_score": 0.367,
        "reason": "Low: single-method detection (methods disagree); optical ML unavailable for zone",
        "conf_detail": {
          "agreement_ratio": 0.0,
          "terrain_penalty": 0.0,
          "time_penalty": 0.375,
          "margin_score": 0.711,
          "method_penalty": 0.15
        },
        "breakdown": {
          "severity": 0.0228,
          "people": 0.0202,
          "facilities": 0.0,
          "roads": 0.0
        },
        "score": 0.043,
        "rank": 328,
        "tier": "P3"
      },
      "geometry": {
        "type": "Polygon",
        "coordinates": [
          [
            [
              91.16954424784153,
              26.12527227005597
            ],
            [
              91.16940352163766,
              26.13429734040945
            ],
            [
              91.15940504183922,
              26.134169938485975
            ],
            [
              91.15954653561641,
              26.12514491866384
            ],
            [
              91.16954424784153,
              26.12527227005597
            ]
          ]
        ]
      }
    },
    {
      "id": "106",
      "type": "Feature",
      "properties": {
        "zone_id": "Grid-3-13",
        "name": "Grid-3-13",
        "flood_km2": 0.0456,
        "flood_pct": 4.56,
        "zone_area_km2": 1.0,
        "population": 1326.1748,
        "people_affected": 60.4736,
        "facilities_hit": 0,
        "facilities_by_type": {},
        "road_cut_km": 0.0,
        "confidence": "Low",
        "confidence_score": 0.339,
        "reason": "Low: single-method detection (methods disagree); optical ML unavailable for zone",
        "conf_detail": {
          "agreement_ratio": 0.0,
          "terrain_penalty": 0.0,
          "time_penalty": 0.375,
          "margin_score": 0.568,
          "method_penalty": 0.15
        },
        "breakdown": {
          "severity": 0.0194,
          "people": 0.0235,
          "facilities": 0.0,
          "roads": 0.0
        },
        "score": 0.0429,
        "rank": 329,
        "tier": "P3"
      },
      "geometry": {
        "type": "Polygon",
        "coordinates": [
          [
            [
              91.08616884323833,
              26.33179814337553
            ],
            [
              91.08602036707404,
              26.340822523335415
            ],
            [
              91.07600468428441,
              26.340688361841885
            ],
            [
              91.07615393624577,
              26.33166403479401
            ],
            [
              91.08616884323833,
              26.33179814337553
            ]
          ]
        ]
      }
    },
    {
      "id": "749",
      "type": "Feature",
      "properties": {
        "zone_id": "Grid-24-5",
        "name": "Grid-24-5",
        "flood_km2": 0.07,
        "flood_pct": 7.0,
        "zone_area_km2": 1.0,
        "population": 461.8105,
        "people_affected": 32.3267,
        "facilities_hit": 0,
        "facilities_by_type": {},
        "road_cut_km": 0.0,
        "confidence": "Low",
        "confidence_score": 0.352,
        "reason": "Low: single-method detection (methods disagree); optical ML unavailable for zone",
        "conf_detail": {
          "agreement_ratio": 0.0,
          "terrain_penalty": 0.0,
          "time_penalty": 0.375,
          "margin_score": 0.637,
          "method_penalty": 0.15
        },
        "breakdown": {
          "severity": 0.0298,
          "people": 0.0125,
          "facilities": 0.0,
          "roads": 0.0
        },
        "score": 0.0423,
        "rank": 330,
        "tier": "P3"
      },
      "geometry": {
        "type": "Polygon",
        "coordinates": [
          [
            [
              91.00928303480542,
              26.14119995991284
            ],
            [
              91.00912988484637,
              26.15022416451732
            ],
            [
              90.99913098835898,
              26.1500855646981
            ],
            [
              90.99928490624677,
              26.141061415037274
            ],
            [
              91.00928303480542,
              26.14119995991284
            ]
          ]
        ]
      }
    },
    {
      "id": "251",
      "type": "Feature",
      "properties": {
        "zone_id": "Grid-8-3",
        "name": "Grid-8-3",
        "flood_km2": 0.0592,
        "flood_pct": 5.92,
        "zone_area_km2": 1.0,
        "population": 739.3595,
        "people_affected": 43.7701,
        "facilities_hit": 0,
        "facilities_by_type": {},
        "road_cut_km": 0.0,
        "confidence": "Low",
        "confidence_score": 0.341,
        "reason": "Low: single-method detection (methods disagree); optical ML unavailable for zone",
        "conf_detail": {
          "agreement_ratio": 0.0,
          "terrain_penalty": 0.0,
          "time_penalty": 0.375,
          "margin_score": 0.582,
          "method_penalty": 0.15
        },
        "breakdown": {
          "severity": 0.0252,
          "people": 0.017,
          "facilities": 0.0,
          "roads": 0.0
        },
        "score": 0.0422,
        "rank": 331,
        "tier": "P3"
      },
      "geometry": {
        "type": "Polygon",
        "coordinates": [
          [
            [
              90.98680305233651,
              26.28530622727015
            ],
            [
              90.98664718866588,
              26.294330126787003
            ],
            [
              90.97663610298338,
              26.29418925118599
            ],
            [
              90.97679274037628,
              26.285165407295658
            ],
            [
              90.98680305233651,
              26.28530622727015
            ]
          ]
        ]
      }
    },
    {
      "id": "380",
      "type": "Feature",
      "properties": {
        "zone_id": "Grid-12-8",
        "name": "Grid-12-8",
        "flood_km2": 0.0584,
        "flood_pct": 5.84,
        "zone_area_km2": 1.0,
        "population": 746.804,
        "people_affected": 43.6134,
        "facilities_hit": 0,
        "facilities_by_type": {},
        "road_cut_km": 0.0,
        "confidence": "Low",
        "confidence_score": 0.346,
        "reason": "Low: single-method detection (methods disagree); optical ML unavailable for zone",
        "conf_detail": {
          "agreement_ratio": 0.0,
          "terrain_penalty": 0.0,
          "time_penalty": 0.375,
          "margin_score": 0.604,
          "method_penalty": 0.15
        },
        "breakdown": {
          "severity": 0.0248,
          "people": 0.0169,
          "facilities": 0.0,
          "roads": 0.0
        },
        "score": 0.0418,
        "rank": 332,
        "tier": "P3"
      },
      "geometry": {
        "type": "Polygon",
        "coordinates": [
          [
            [
              91.03746297113625,
              26.249903048614154
            ],
            [
              91.03731126418778,
              26.25892727077571
            ],
            [
              91.0273029062151,
              26.258790101176146
            ],
            [
              91.02745538554447,
              26.24976593323141
            ],
            [
              91.03746297113625,
              26.249903048614154
            ]
          ]
        ]
      }
    },
    {
      "id": "378",
      "type": "Feature",
      "properties": {
        "zone_id": "Grid-12-6",
        "name": "Grid-12-6",
        "flood_km2": 0.058,
        "flood_pct": 5.8,
        "zone_area_km2": 1.0,
        "population": 757.6362,
        "people_affected": 43.9429,
        "facilities_hit": 0,
        "facilities_by_type": {},
        "road_cut_km": 0.0,
        "confidence": "Low",
        "confidence_score": 0.346,
        "reason": "Low: single-method detection (methods disagree); optical ML unavailable for zone",
        "conf_detail": {
          "agreement_ratio": 0.0,
          "terrain_penalty": 0.0,
          "time_penalty": 0.375,
          "margin_score": 0.603,
          "method_penalty": 0.15
        },
        "breakdown": {
          "severity": 0.0247,
          "people": 0.017,
          "facilities": 0.0,
          "roads": 0.0
        },
        "score": 0.0417,
        "rank": 333,
        "tier": "P3"
      },
      "geometry": {
        "type": "Polygon",
        "coordinates": [
          [
            [
              91.0174478721937,
              26.249628121375892
            ],
            [
              91.0172946205076,
              26.258652234828542
            ],
            [
              91.00728640743105,
              26.258513671752258
            ],
            [
              91.00744043144955,
              26.249489613066952
            ],
            [
              91.0174478721937,
              26.249628121375892
            ]
          ]
        ]
      }
    },
    {
      "id": "766",
      "type": "Feature",
      "properties": {
        "zone_id": "Grid-24-22",
        "name": "Grid-24-22",
        "flood_km2": 0.0532,
        "flood_pct": 5.32,
        "zone_area_km2": 1.0,
        "population": 923.0417,
        "people_affected": 49.1058,
        "facilities_hit": 0,
        "facilities_by_type": {},
        "road_cut_km": 0.0,
        "confidence": "Low",
        "confidence_score": 0.362,
        "reason": "Low: single-method detection (methods disagree); optical ML unavailable for zone",
        "conf_detail": {
          "agreement_ratio": 0.0,
          "terrain_penalty": 0.0,
          "time_penalty": 0.375,
          "margin_score": 0.683,
          "method_penalty": 0.15
        },
        "breakdown": {
          "severity": 0.0226,
          "people": 0.019,
          "facilities": 0.0,
          "roads": 0.0
        },
        "score": 0.0417,
        "rank": 334,
        "tier": "P3"
      },
      "geometry": {
        "type": "Polygon",
        "coordinates": [
          [
            [
              91.17926204319215,
              26.143449157783184
            ],
            [
              91.17912195163109,
              26.152474254384693
            ],
            [
              91.16912186871883,
              26.152347445082675
            ],
            [
              91.1692627286042,
              26.14332239875273
            ],
            [
              91.17926204319215,
              26.143449157783184
            ]
          ]
        ]
      }
    },
    {
      "id": "613",
      "type": "Feature",
      "properties": {
        "zone_id": "Grid-19-24",
        "name": "Grid-19-24",
        "flood_km2": 0.0924,
        "flood_pct": 9.24,
        "zone_area_km2": 1.0,
        "population": 63.7953,
        "people_affected": 5.8947,
        "facilities_hit": 0,
        "facilities_by_type": {},
        "road_cut_km": 0.0,
        "confidence": "Low",
        "confidence_score": 0.365,
        "reason": "Low: single-method detection (methods disagree); optical ML unavailable for zone",
        "conf_detail": {
          "agreement_ratio": 0.0,
          "terrain_penalty": 0.0,
          "time_penalty": 0.375,
          "margin_score": 0.702,
          "method_penalty": 0.15
        },
        "breakdown": {
          "severity": 0.0393,
          "people": 0.0023,
          "facilities": 0.0,
          "roads": 0.0
        },
        "score": 0.0416,
        "rank": 335,
        "tier": "P3"
      },
      "geometry": {
        "type": "Polygon",
        "coordinates": [
          [
            [
              91.19856743921056,
              26.188826457105602
            ],
            [
              91.19842855524202,
              26.197851593424378
            ],
            [
              91.18842449236153,
              26.197725922868948
            ],
            [
              91.18856414652261,
              26.188700836309142
            ],
            [
              91.19856743921056,
              26.188826457105602
            ]
          ]
        ]
      }
    },
    {
      "id": "597",
      "type": "Feature",
      "properties": {
        "zone_id": "Grid-19-8",
        "name": "Grid-19-8",
        "flood_km2": 0.0848,
        "flood_pct": 8.48,
        "zone_area_km2": 1.0,
        "population": 158.8445,
        "people_affected": 13.47,
        "facilities_hit": 0,
        "facilities_by_type": {},
        "road_cut_km": 0.0,
        "confidence": "Low",
        "confidence_score": 0.34,
        "reason": "Low: single-method detection (methods disagree); optical ML unavailable for zone",
        "conf_detail": {
          "agreement_ratio": 0.0,
          "terrain_penalty": 0.0,
          "time_penalty": 0.375,
          "margin_score": 0.574,
          "method_penalty": 0.15
        },
        "breakdown": {
          "severity": 0.0361,
          "people": 0.0052,
          "facilities": 0.0,
          "roads": 0.0
        },
        "score": 0.0413,
        "rank": 336,
        "tier": "P3"
      },
      "geometry": {
        "type": "Polygon",
        "coordinates": [
          [
            [
              91.03852290861133,
              26.186733153379848
            ],
            [
              91.03837170428586,
              26.195757460545057
            ],
            [
              91.02836874530499,
              26.195620670292307
            ],
            [
              91.02852071945432,
              26.186596417286992
            ],
            [
              91.03852290861133,
              26.186733153379848
            ]
          ]
        ]
      }
    },
    {
      "id": "116",
      "type": "Feature",
      "properties": {
        "zone_id": "Grid-3-23",
        "name": "Grid-3-23",
        "flood_km2": 0.064,
        "flood_pct": 6.4,
        "zone_area_km2": 1.0,
        "population": 555.3795,
        "people_affected": 35.5443,
        "facilities_hit": 0,
        "facilities_by_type": {},
        "road_cut_km": 0.0,
        "confidence": "Low",
        "confidence_score": 0.346,
        "reason": "Low: single-method detection (methods disagree); optical ML unavailable for zone",
        "conf_detail": {
          "agreement_ratio": 0.0,
          "terrain_penalty": 0.0,
          "time_penalty": 0.375,
          "margin_score": 0.604,
          "method_penalty": 0.15
        },
        "breakdown": {
          "severity": 0.0272,
          "people": 0.0138,
          "facilities": 0.0,
          "roads": 0.0
        },
        "score": 0.041,
        "rank": 337,
        "tier": "P3"
      },
      "geometry": {
        "type": "Polygon",
        "coordinates": [
          [
            [
              91.18632171684403,
              26.333100777486393
            ],
            [
              91.18618099992769,
              26.34212567140163
            ],
            [
              91.17616463083313,
              26.34199850415984
            ],
            [
              91.17630612377691,
              26.332973660399258
            ],
            [
              91.18632171684403,
              26.333100777486393
            ]
          ]
        ]
      }
    },
    {
      "id": "283",
      "type": "Feature",
      "properties": {
        "zone_id": "Grid-9-4",
        "name": "Grid-9-4",
        "flood_km2": 0.0608,
        "flood_pct": 6.08,
        "zone_area_km2": 1.0,
        "population": 635.1539,
        "people_affected": 38.6174,
        "facilities_hit": 0,
        "facilities_by_type": {},
        "road_cut_km": 0.0,
        "confidence": "Low",
        "confidence_score": 0.332,
        "reason": "Low: single-method detection (methods disagree); optical ML unavailable for zone",
        "conf_detail": {
          "agreement_ratio": 0.0,
          "terrain_penalty": 0.0,
          "time_penalty": 0.375,
          "margin_score": 0.537,
          "method_penalty": 0.15
        },
        "breakdown": {
          "severity": 0.0259,
          "people": 0.015,
          "facilities": 0.0,
          "roads": 0.0
        },
        "score": 0.0408,
        "rank": 338,
        "tier": "P3"
      },
      "geometry": {
        "type": "Polygon",
        "coordinates": [
          [
            [
              90.99696845458644,
              26.276422382682277
            ],
            [
              90.996813438099,
              26.285446349748707
            ],
            [
              90.98680305233651,
              26.28530622727015
            ],
            [
              90.9869588422049,
              26.276282315546514
            ],
            [
              90.99696845458644,
              26.276422382682277
            ]
          ]
        ]
      }
    },
    {
      "id": "331",
      "type": "Feature",
      "properties": {
        "zone_id": "Grid-10-21",
        "name": "Grid-10-21",
        "flood_km2": 0.034,
        "flood_pct": 3.4,
        "zone_area_km2": 1.0,
        "population": 1996.5237,
        "people_affected": 67.8818,
        "facilities_hit": 0,
        "facilities_by_type": {},
        "road_cut_km": 0.0,
        "confidence": "Low",
        "confidence_score": 0.341,
        "reason": "Low: single-method detection (methods disagree); optical ML unavailable for zone",
        "conf_detail": {
          "agreement_ratio": 0.0,
          "terrain_penalty": 0.0,
          "time_penalty": 0.375,
          "margin_score": 0.578,
          "method_penalty": 0.15
        },
        "breakdown": {
          "severity": 0.0145,
          "people": 0.0263,
          "facilities": 0.0,
          "roads": 0.0
        },
        "score": 0.0408,
        "rank": 339,
        "tier": "P3"
      },
      "geometry": {
        "type": "Polygon",
        "coordinates": [
          [
            [
              91.16728459652056,
              26.26967195273961
            ],
            [
              91.16714279836063,
              26.27869683055551
            ],
            [
              91.1571319877654,
              26.278568619100074
            ],
            [
              91.1572745593416,
              26.26954379193692
            ],
            [
              91.16728459652056,
              26.26967195273961
            ]
          ]
        ]
      }
    },
    {
      "id": "139",
      "type": "Feature",
      "properties": {
        "zone_id": "Grid-4-15",
        "name": "Grid-4-15",
        "flood_km2": 0.0492,
        "flood_pct": 4.92,
        "zone_area_km2": 1.0,
        "population": 1029.3145,
        "people_affected": 50.6423,
        "facilities_hit": 0,
        "facilities_by_type": {},
        "road_cut_km": 0.0,
        "confidence": "Low",
        "confidence_score": 0.333,
        "reason": "Low: single-method detection (methods disagree); optical ML unavailable for zone",
        "conf_detail": {
          "agreement_ratio": 0.0,
          "terrain_penalty": 0.0,
          "time_penalty": 0.375,
          "margin_score": 0.541,
          "method_penalty": 0.15
        },
        "breakdown": {
          "severity": 0.0209,
          "people": 0.0196,
          "facilities": 0.0,
          "roads": 0.0
        },
        "score": 0.0406,
        "rank": 340,
        "tier": "P3"
      },
      "geometry": {
        "type": "Polygon",
        "coordinates": [
          [
            [
              91.1063457226067,
              26.323039766239116
            ],
            [
              91.10619886763197,
              26.332064263321136
            ],
            [
              91.09618382048933,
              26.331931552890826
            ],
            [
              91.09633145094134,
              26.322907108161512
            ],
            [
              91.1063457226067,
              26.323039766239116
            ]
          ]
        ]
      }
    },
    {
      "id": "356",
      "type": "Feature",
      "properties": {
        "zone_id": "Grid-11-15",
        "name": "Grid-11-15",
        "flood_km2": 0.04,
        "flood_pct": 4.0,
        "zone_area_km2": 1.0,
        "population": 1517.5487,
        "people_affected": 60.7019,
        "facilities_hit": 0,
        "facilities_by_type": {},
        "road_cut_km": 0.0,
        "confidence": "Low",
        "confidence_score": 0.337,
        "reason": "Low: single-method detection (methods disagree); optical ML unavailable for zone",
        "conf_detail": {
          "agreement_ratio": 0.0,
          "terrain_penalty": 0.0,
          "time_penalty": 0.375,
          "margin_score": 0.561,
          "method_penalty": 0.15
        },
        "breakdown": {
          "severity": 0.017,
          "people": 0.0235,
          "facilities": 0.0,
          "roads": 0.0
        },
        "score": 0.0406,
        "rank": 341,
        "tier": "P3"
      },
      "geometry": {
        "type": "Polygon",
        "coordinates": [
          [
            [
              91.10737176269454,
              26.259867947421753
            ],
            [
              91.1072253937407,
              26.268892529292646
            ],
            [
              91.09721576724168,
              26.268760185165714
            ],
            [
              91.09736290910817,
              26.259735655592376
            ],
            [
              91.10737176269454,
              26.259867947421753
            ]
          ]
        ]
      }
    },
    {
      "id": "94",
      "type": "Feature",
      "properties": {
        "zone_id": "Grid-3-1",
        "name": "Grid-3-1",
        "flood_km2": 0.044,
        "flood_pct": 4.4,
        "zone_area_km2": 1.0,
        "population": 1279.3376,
        "people_affected": 56.2909,
        "facilities_hit": 0,
        "facilities_by_type": {},
        "road_cut_km": 0.0,
        "confidence": "Low",
        "confidence_score": 0.344,
        "reason": "Low: single-method detection (methods disagree); optical ML unavailable for zone",
        "conf_detail": {
          "agreement_ratio": 0.0,
          "terrain_penalty": 0.0,
          "time_penalty": 0.375,
          "margin_score": 0.595,
          "method_penalty": 0.15
        },
        "breakdown": {
          "severity": 0.0187,
          "people": 0.0218,
          "facilities": 0.0,
          "roads": 0.0
        },
        "score": 0.0405,
        "rank": 342,
        "tier": "P3"
      },
      "geometry": {
        "type": "Polygon",
        "coordinates": [
          [
            [
              90.96599470128932,
              26.330142707487493
            ],
            [
              90.96583691715216,
              26.3391664343101
            ],
            [
              90.95582210636526,
              26.33902388221259
            ],
            [
              90.95598066600685,
              26.330000211609583
            ],
            [
              90.96599470128932,
              26.330142707487493
            ]
          ]
        ]
      }
    },
    {
      "id": "805",
      "type": "Feature",
      "properties": {
        "zone_id": "Grid-25-30",
        "name": "Grid-25-30",
        "flood_km2": 0.0324,
        "flood_pct": 7.7143,
        "zone_area_km2": 0.41200812744302673,
        "population": 224.5191,
        "people_affected": 17.32,
        "facilities_hit": 0,
        "facilities_by_type": {},
        "road_cut_km": 0.0,
        "confidence": "Low",
        "confidence_score": 0.381,
        "reason": "Low: single-method detection (methods disagree); optical ML unavailable for zone",
        "conf_detail": {
          "agreement_ratio": 0.0,
          "terrain_penalty": 0.0,
          "time_penalty": 0.375,
          "margin_score": 0.782,
          "method_penalty": 0.15
        },
        "breakdown": {
          "severity": 0.0328,
          "people": 0.0067,
          "facilities": 0.0,
          "roads": 0.0
        },
        "score": 0.0395,
        "rank": 343,
        "tier": "P3"
      },
      "geometry": {
        "type": "Polygon",
        "coordinates": [
          [
            [
              91.25351342491271,
              26.135341604731817
            ],
            [
              91.253379092647,
              26.144367077327
            ],
            [
              91.2492590865489,
              26.144317053420945
            ],
            [
              91.24939373528943,
              26.135291600662164
            ],
            [
              91.25351342491271,
              26.135341604731817
            ]
          ]
        ]
      }
    },
    {
      "id": "594",
      "type": "Feature",
      "properties": {
        "zone_id": "Grid-19-5",
        "name": "Grid-19-5",
        "flood_km2": 0.0852,
        "flood_pct": 8.52,
        "zone_area_km2": 1.0,
        "population": 95.6336,
        "people_affected": 8.148,
        "facilities_hit": 0,
        "facilities_by_type": {},
        "road_cut_km": 0.0,
        "confidence": "Low",
        "confidence_score": 0.33,
        "reason": "Low: single-method detection (methods disagree); optical ML unavailable for zone",
        "conf_detail": {
          "agreement_ratio": 0.0,
          "terrain_penalty": 0.0,
          "time_penalty": 0.375,
          "margin_score": 0.524,
          "method_penalty": 0.15
        },
        "breakdown": {
          "severity": 0.0362,
          "people": 0.0032,
          "facilities": 0.0,
          "roads": 0.0
        },
        "score": 0.0394,
        "rank": 344,
        "tier": "P3"
      },
      "geometry": {
        "type": "Polygon",
        "coordinates": [
          [
            [
              91.00851655772156,
              26.186320861479405
            ],
            [
              91.00836304399682,
              26.195345005340013
            ],
            [
              90.99836030239932,
              26.19520613067914
            ],
            [
              90.99851458587537,
              26.186182041803335
            ],
            [
              91.00851655772156,
              26.186320861479405
            ]
          ]
        ]
      }
    },
    {
      "id": "114",
      "type": "Feature",
      "properties": {
        "zone_id": "Grid-3-21",
        "name": "Grid-3-21",
        "flood_km2": 0.0604,
        "flood_pct": 6.04,
        "zone_area_km2": 1.0,
        "population": 583.9174,
        "people_affected": 35.2686,
        "facilities_hit": 0,
        "facilities_by_type": {},
        "road_cut_km": 0.0,
        "confidence": "Low",
        "confidence_score": 0.351,
        "reason": "Low: single-method detection (methods disagree); optical ML unavailable for zone",
        "conf_detail": {
          "agreement_ratio": 0.0,
          "terrain_penalty": 0.0,
          "time_penalty": 0.375,
          "margin_score": 0.632,
          "method_penalty": 0.15
        },
        "breakdown": {
          "severity": 0.0257,
          "people": 0.0137,
          "facilities": 0.0,
          "roads": 0.0
        },
        "score": 0.0394,
        "rank": 345,
        "tier": "P3"
      },
      "geometry": {
        "type": "Polygon",
        "coordinates": [
          [
            [
              91.16629059766608,
              26.332845844080644
            ],
            [
              91.16614832871733,
              26.341870637410796
            ],
            [
              91.15613209394736,
              26.341742071172494
            ],
            [
              91.15627513887847,
              26.332717328548526
            ],
            [
              91.16629059766608,
              26.332845844080644
            ]
          ]
        ]
      }
    },
    {
      "id": "326",
      "type": "Feature",
      "properties": {
        "zone_id": "Grid-10-16",
        "name": "Grid-10-16",
        "flood_km2": 0.0484,
        "flood_pct": 4.84,
        "zone_area_km2": 1.0,
        "population": 998.2372,
        "people_affected": 48.3147,
        "facilities_hit": 0,
        "facilities_by_type": {},
        "road_cut_km": 0.0,
        "confidence": "Low",
        "confidence_score": 0.346,
        "reason": "Low: single-method detection (methods disagree); optical ML unavailable for zone",
        "conf_detail": {
          "agreement_ratio": 0.0,
          "terrain_penalty": 0.0,
          "time_penalty": 0.375,
          "margin_score": 0.605,
          "method_penalty": 0.15
        },
        "breakdown": {
          "severity": 0.0206,
          "people": 0.0187,
          "facilities": 0.0,
          "roads": 0.0
        },
        "score": 0.0393,
        "rank": 346,
        "tier": "P3"
      },
      "geometry": {
        "type": "Polygon",
        "coordinates": [
          [
            [
              91.11723508960148,
              26.269024176244777
            ],
            [
              91.11708942458776,
              26.27804879804237
            ],
            [
              91.10707895542508,
              26.27791709906024
            ],
            [
              91.1072253937407,
              26.268892529292646
            ],
            [
              91.11723508960148,
              26.269024176244777
            ]
          ]
        ]
      }
    },
    {
      "id": "870",
      "type": "Feature",
      "properties": {
        "zone_id": "Grid-28-2",
        "name": "Grid-28-2",
        "flood_km2": 0.0612,
        "flood_pct": 6.12,
        "zone_area_km2": 1.0,
        "population": 549.269,
        "people_affected": 33.6153,
        "facilities_hit": 0,
        "facilities_by_type": {},
        "road_cut_km": 0.0,
        "confidence": "Low",
        "confidence_score": 0.338,
        "reason": "Low: single-method detection (methods disagree); optical ML unavailable for zone",
        "conf_detail": {
          "agreement_ratio": 0.0,
          "terrain_penalty": 0.0,
          "time_penalty": 0.375,
          "margin_score": 0.565,
          "method_penalty": 0.15
        },
        "breakdown": {
          "severity": 0.026,
          "people": 0.013,
          "facilities": 0.0,
          "roads": 0.0
        },
        "score": 0.0391,
        "rank": 347,
        "tier": "P3"
      },
      "geometry": {
        "type": "Polygon",
        "coordinates": [
          [
            [
              90.97990994583348,
              26.104685968556602
            ],
            [
              90.97975478710502,
              26.113710056142512
            ],
            [
              90.96975918015403,
              26.11356959923487
            ],
            [
              90.9699151052821,
              26.104545567383493
            ],
            [
              90.97990994583348,
              26.104685968556602
            ]
          ]
        ]
      }
    },
    {
      "id": "24",
      "type": "Feature",
      "properties": {
        "zone_id": "Grid-0-24",
        "name": "Grid-0-24",
        "flood_km2": 0.0564,
        "flood_pct": 5.64,
        "zone_area_km2": 1.0,
        "population": 672.625,
        "people_affected": 37.936,
        "facilities_hit": 0,
        "facilities_by_type": {},
        "road_cut_km": 0.0,
        "confidence": "Low",
        "confidence_score": 0.35,
        "reason": "Low: single-method detection (methods disagree); optical ML unavailable for zone",
        "conf_detail": {
          "agreement_ratio": 0.0,
          "terrain_penalty": 0.0,
          "time_penalty": 0.375,
          "margin_score": 0.625,
          "method_penalty": 0.15
        },
        "breakdown": {
          "severity": 0.024,
          "people": 0.0147,
          "facilities": 0.0,
          "roads": 0.0
        },
        "score": 0.0387,
        "rank": 348,
        "tier": "P3"
      },
      "geometry": {
        "type": "Polygon",
        "coordinates": [
          [
            [
              91.195917355145,
              26.36030199052607
            ],
            [
              91.1957772154781,
              26.369326898133597
            ],
            [
              91.18575844941924,
              26.36920028073516
            ],
            [
              91.18589936623768,
              26.3601754230291
            ],
            [
              91.195917355145,
              26.36030199052607
            ]
          ]
        ]
      }
    },
    {
      "id": "872",
      "type": "Feature",
      "properties": {
        "zone_id": "Grid-28-4",
        "name": "Grid-28-4",
        "flood_km2": 0.0524,
        "flood_pct": 5.24,
        "zone_area_km2": 1.0,
        "population": 804.0349,
        "people_affected": 42.1314,
        "facilities_hit": 0,
        "facilities_by_type": {},
        "road_cut_km": 0.0,
        "confidence": "Low",
        "confidence_score": 0.35,
        "reason": "Low: single-method detection (methods disagree); optical ML unavailable for zone",
        "conf_detail": {
          "agreement_ratio": 0.0,
          "terrain_penalty": 0.0,
          "time_penalty": 0.375,
          "margin_score": 0.624,
          "method_penalty": 0.15
        },
        "breakdown": {
          "severity": 0.0223,
          "people": 0.0163,
          "facilities": 0.0,
          "roads": 0.0
        },
        "score": 0.0386,
        "rank": 349,
        "tier": "P3"
      },
      "geometry": {
        "type": "Polygon",
        "coordinates": [
          [
            [
              90.99989984759615,
              26.104964694951832
            ],
            [
              90.99974622174041,
              26.113988893183116
            ],
            [
              90.98975046775507,
              26.113849820798457
            ],
            [
              90.98990486005937,
              26.104825677752576
            ],
            [
              90.99989984759615,
              26.104964694951832
            ]
          ]
        ]
      }
    },
    {
      "id": "919",
      "type": "Feature",
      "properties": {
        "zone_id": "Grid-29-20",
        "name": "Grid-29-20",
        "flood_km2": 0.028,
        "flood_pct": 6.087,
        "zone_area_km2": 0.47237621329026297,
        "population": 539.4473,
        "people_affected": 32.8359,
        "facilities_hit": 0,
        "facilities_by_type": {},
        "road_cut_km": 0.0,
        "confidence": "Low",
        "confidence_score": 0.364,
        "reason": "Low: single-method detection (methods disagree); optical ML unavailable for zone",
        "conf_detail": {
          "agreement_ratio": 0.0,
          "terrain_penalty": 0.0,
          "time_penalty": 0.375,
          "margin_score": 0.697,
          "method_penalty": 0.15
        },
        "breakdown": {
          "severity": 0.0259,
          "people": 0.0127,
          "facilities": 0.0,
          "roads": 0.0
        },
        "score": 0.0386,
        "rank": 350,
        "tier": "P3"
      },
      "geometry": {
        "type": "Polygon",
        "coordinates": [
          [
            [
              91.15989607317832,
              26.10283162276479
            ],
            [
              91.15982932167871,
              26.107094842978807
            ],
            [
              91.14983321063471,
              26.10696690031184
            ],
            [
              91.14990032423661,
              26.102703704087638
            ],
            [
              91.15989607317832,
              26.10283162276479
            ]
          ]
        ]
      }
    },
    {
      "id": "363",
      "type": "Feature",
      "properties": {
        "zone_id": "Grid-11-22",
        "name": "Grid-11-22",
        "flood_km2": 0.0292,
        "flood_pct": 2.92,
        "zone_area_km2": 1.0,
        "population": 2262.4644,
        "people_affected": 66.064,
        "facilities_hit": 0,
        "facilities_by_type": {},
        "road_cut_km": 0.0,
        "confidence": "Low",
        "confidence_score": 0.345,
        "reason": "Low: single-method detection (methods disagree); optical ML unavailable for zone",
        "conf_detail": {
          "agreement_ratio": 0.0,
          "terrain_penalty": 0.0,
          "time_penalty": 0.375,
          "margin_score": 0.6,
          "method_penalty": 0.15
        },
        "breakdown": {
          "severity": 0.0124,
          "people": 0.0256,
          "facilities": 0.0,
          "roads": 0.0
        },
        "score": 0.038,
        "rank": 351,
        "tier": "P3"
      },
      "geometry": {
        "type": "Polygon",
        "coordinates": [
          [
            [
              91.17743565878683,
              26.26077447601548
            ],
            [
              91.17729470086496,
              26.26979941625802
            ],
            [
              91.16728459652056,
              26.26967195273961
            ],
            [
              91.1674263275151,
              26.26064706286676
            ],
            [
              91.17743565878683,
              26.26077447601548
            ]
          ]
        ]
      }
    },
    {
      "id": "61",
      "type": "Feature",
      "properties": {
        "zone_id": "Grid-1-30",
        "name": "Grid-1-30",
        "flood_km2": 0.0324,
        "flood_pct": 7.7143,
        "zone_area_km2": 0.41200812744302673,
        "population": 173.1166,
        "people_affected": 13.3547,
        "facilities_hit": 0,
        "facilities_by_type": {},
        "road_cut_km": 0.0,
        "confidence": "Low",
        "confidence_score": 0.34,
        "reason": "Low: single-method detection (methods disagree); optical ML unavailable for zone",
        "conf_detail": {
          "agreement_ratio": 0.0,
          "terrain_penalty": 0.0,
          "time_penalty": 0.375,
          "margin_score": 0.575,
          "method_penalty": 0.15
        },
        "breakdown": {
          "severity": 0.0328,
          "people": 0.0052,
          "facilities": 0.0,
          "roads": 0.0
        },
        "score": 0.038,
        "rank": 352,
        "tier": "P3"
      },
      "geometry": {
        "type": "Polygon",
        "coordinates": [
          [
            [
              91.25027180236539,
              26.351949642200875
            ],
            [
              91.250135933333,
              26.36097482711304
            ],
            [
              91.24600828666941,
              26.360924326239097
            ],
            [
              91.24614447579486,
              26.351899161235014
            ],
            [
              91.25027180236539,
              26.351949642200875
            ]
          ]
        ]
      }
    },
    {
      "id": "911",
      "type": "Feature",
      "properties": {
        "zone_id": "Grid-29-12",
        "name": "Grid-29-12",
        "flood_km2": 0.0252,
        "flood_pct": 5.4783,
        "zone_area_km2": 0.47237621329026297,
        "population": 688.4337,
        "people_affected": 37.7142,
        "facilities_hit": 0,
        "facilities_by_type": {},
        "road_cut_km": 0.0,
        "confidence": "Low",
        "confidence_score": 0.328,
        "reason": "Low: single-method detection (methods disagree); optical ML unavailable for zone",
        "conf_detail": {
          "agreement_ratio": 0.0,
          "terrain_penalty": 0.0,
          "time_penalty": 0.375,
          "margin_score": 0.515,
          "method_penalty": 0.15
        },
        "breakdown": {
          "severity": 0.0233,
          "people": 0.0146,
          "facilities": 0.0,
          "roads": 0.0
        },
        "score": 0.0379,
        "rank": 353,
        "tier": "P3"
      },
      "geometry": {
        "type": "Polygon",
        "coordinates": [
          [
            [
              91.07993199145832,
              26.101788893683047
            ],
            [
              91.07986234344077,
              26.10605191834561
            ],
            [
              91.06986678250965,
              26.10591843781359
            ],
            [
              91.06993679254298,
              26.101655438178785
            ],
            [
              91.07993199145832,
              26.101788893683047
            ]
          ]
        ]
      }
    },
    {
      "id": "158",
      "type": "Feature",
      "properties": {
        "zone_id": "Grid-5-3",
        "name": "Grid-5-3",
        "flood_km2": 0.0464,
        "flood_pct": 4.64,
        "zone_area_km2": 1.0,
        "population": 1005.6351,
        "people_affected": 46.6615,
        "facilities_hit": 0,
        "facilities_by_type": {},
        "road_cut_km": 0.0,
        "confidence": "Low",
        "confidence_score": 0.345,
        "reason": "Low: single-method detection (methods disagree); optical ML unavailable for zone",
        "conf_detail": {
          "agreement_ratio": 0.0,
          "terrain_penalty": 0.0,
          "time_penalty": 0.375,
          "margin_score": 0.6,
          "method_penalty": 0.15
        },
        "breakdown": {
          "severity": 0.0197,
          "people": 0.0181,
          "facilities": 0.0,
          "roads": 0.0
        },
        "score": 0.0378,
        "rank": 354,
        "tier": "P3"
      },
      "geometry": {
        "type": "Polygon",
        "coordinates": [
          [
            [
              90.98633523981893,
              26.31237788918755
            ],
            [
              90.98617915459306,
              26.321401752064897
            ],
            [
              90.97616574554613,
              26.321260709534073
            ],
            [
              90.9763226055932,
              26.312236902308385
            ],
            [
              90.98633523981893,
              26.31237788918755
            ]
          ]
        ]
      }
    },
    {
      "id": "437",
      "type": "Feature",
      "properties": {
        "zone_id": "Grid-14-3",
        "name": "Grid-14-3",
        "flood_km2": 0.052,
        "flood_pct": 5.2,
        "zone_area_km2": 1.0,
        "population": 756.0438,
        "people_affected": 39.3143,
        "facilities_hit": 0,
        "facilities_by_type": {},
        "road_cut_km": 0.0,
        "confidence": "Low",
        "confidence_score": 0.337,
        "reason": "Low: single-method detection (methods disagree); optical ML unavailable for zone",
        "conf_detail": {
          "agreement_ratio": 0.0,
          "terrain_penalty": 0.0,
          "time_penalty": 0.375,
          "margin_score": 0.562,
          "method_penalty": 0.15
        },
        "breakdown": {
          "severity": 0.0221,
          "people": 0.0152,
          "facilities": 0.0,
          "roads": 0.0
        },
        "score": 0.0374,
        "rank": 355,
        "tier": "P3"
      },
      "geometry": {
        "type": "Polygon",
        "coordinates": [
          [
            [
              90.98773668537773,
              26.231162573938033
            ],
            [
              90.9875812641501,
              26.24018654664779
            ],
            [
              90.97757481531272,
              26.240046004680394
            ],
            [
              90.97773100806808,
              26.231022087546982
            ],
            [
              90.98773668537773,
              26.231162573938033
            ]
          ]
        ]
      }
    },
    {
      "id": "384",
      "type": "Feature",
      "properties": {
        "zone_id": "Grid-12-12",
        "name": "Grid-12-12",
        "flood_km2": 0.0544,
        "flood_pct": 5.44,
        "zone_area_km2": 1.0,
        "population": 667.9835,
        "people_affected": 36.3383,
        "facilities_hit": 0,
        "facilities_by_type": {},
        "road_cut_km": 0.0,
        "confidence": "Low",
        "confidence_score": 0.344,
        "reason": "Low: single-method detection (methods disagree); optical ML unavailable for zone",
        "conf_detail": {
          "agreement_ratio": 0.0,
          "terrain_penalty": 0.0,
          "time_penalty": 0.375,
          "margin_score": 0.596,
          "method_penalty": 0.15
        },
        "breakdown": {
          "severity": 0.0231,
          "people": 0.0141,
          "facilities": 0.0,
          "roads": 0.0
        },
        "score": 0.0372,
        "rank": 356,
        "tier": "P3"
      },
      "geometry": {
        "type": "Polygon",
        "coordinates": [
          [
            [
              91.07749402860009,
              26.25044454503381
            ],
            [
              91.07734541141457,
              26.25946898130979
            ],
            [
              91.06733676803908,
              26.25933459889404
            ],
            [
              91.06748615770098,
              26.250310215733716
            ],
            [
              91.07749402860009,
              26.25044454503381
            ]
          ]
        ]
      }
    },
    {
      "id": "67",
      "type": "Feature",
      "properties": {
        "zone_id": "Grid-2-5",
        "name": "Grid-2-5",
        "flood_km2": 0.0328,
        "flood_pct": 3.28,
        "zone_area_km2": 1.0,
        "population": 1825.1393,
        "people_affected": 59.8646,
        "facilities_hit": 0,
        "facilities_by_type": {},
        "road_cut_km": 0.0,
        "confidence": "Low",
        "confidence_score": 0.349,
        "reason": "Low: single-method detection (methods disagree); optical ML unavailable for zone",
        "conf_detail": {
          "agreement_ratio": 0.0,
          "terrain_penalty": 0.0,
          "time_penalty": 0.375,
          "margin_score": 0.621,
          "method_penalty": 0.15
        },
        "breakdown": {
          "severity": 0.014,
          "people": 0.0232,
          "facilities": 0.0,
          "roads": 0.0
        },
        "score": 0.0372,
        "rank": 357,
        "tier": "P3"
      },
      "geometry": {
        "type": "Polygon",
        "coordinates": [
          [
            [
              91.00589690347677,
              26.339729651409893
            ],
            [
              91.00574214838943,
              26.34875358814581
            ],
            [
              90.99572626509456,
              26.348613777478533
            ],
            [
              90.99588179615267,
              26.339589895868162
            ],
            [
              91.00589690347677,
              26.339729651409893
            ]
          ]
        ]
      }
    },
    {
      "id": "208",
      "type": "Feature",
      "properties": {
        "zone_id": "Grid-6-22",
        "name": "Grid-6-22",
        "flood_km2": 0.0376,
        "flood_pct": 3.76,
        "zone_area_km2": 1.0,
        "population": 1442.8862,
        "people_affected": 54.2525,
        "facilities_hit": 0,
        "facilities_by_type": {},
        "road_cut_km": 0.0,
        "confidence": "Low",
        "confidence_score": 0.354,
        "reason": "Low: single-method detection (methods disagree); optical ML unavailable for zone",
        "conf_detail": {
          "agreement_ratio": 0.0,
          "terrain_penalty": 0.0,
          "time_penalty": 0.375,
          "margin_score": 0.644,
          "method_penalty": 0.15
        },
        "breakdown": {
          "severity": 0.016,
          "people": 0.021,
          "facilities": 0.0,
          "roads": 0.0
        },
        "score": 0.037,
        "rank": 358,
        "tier": "P3"
      },
      "geometry": {
        "type": "Polygon",
        "coordinates": [
          [
            [
              91.17673020096048,
              26.305899056703314
            ],
            [
              91.17658890881813,
              26.314923936667896
            ],
            [
              91.16657493361643,
              26.31479622118731
            ],
            [
              91.1667170006632,
              26.305771391630348
            ],
            [
              91.17673020096048,
              26.305899056703314
            ]
          ]
        ]
      }
    },
    {
      "id": "774",
      "type": "Feature",
      "properties": {
        "zone_id": "Grid-24-30",
        "name": "Grid-24-30",
        "flood_km2": 0.032,
        "flood_pct": 7.619,
        "zone_area_km2": 0.41200812744302673,
        "population": 139.6636,
        "people_affected": 10.641,
        "facilities_hit": 0,
        "facilities_by_type": {},
        "road_cut_km": 0.0,
        "confidence": "Low",
        "confidence_score": 0.367,
        "reason": "Low: single-method detection (methods disagree); optical ML unavailable for zone",
        "conf_detail": {
          "agreement_ratio": 0.0,
          "terrain_penalty": 0.0,
          "time_penalty": 0.375,
          "margin_score": 0.71,
          "method_penalty": 0.15
        },
        "breakdown": {
          "severity": 0.0324,
          "people": 0.0041,
          "facilities": 0.0,
          "roads": 0.0
        },
        "score": 0.0365,
        "rank": 359,
        "tier": "P3"
      },
      "geometry": {
        "type": "Polygon",
        "coordinates": [
          [
            [
              91.253379092647,
              26.144367077327
            ],
            [
              91.25324469659519,
              26.15339253797083
            ],
            [
              91.24912437387214,
              26.153342494225395
            ],
            [
              91.2492590865489,
              26.144317053420945
            ],
            [
              91.253379092647,
              26.144367077327
            ]
          ]
        ]
      }
    },
    {
      "id": "56",
      "type": "Feature",
      "properties": {
        "zone_id": "Grid-1-25",
        "name": "Grid-1-25",
        "flood_km2": 0.0568,
        "flood_pct": 5.68,
        "zone_area_km2": 1.0,
        "population": 549.2502,
        "people_affected": 31.1974,
        "facilities_hit": 0,
        "facilities_by_type": {},
        "road_cut_km": 0.0,
        "confidence": "Low",
        "confidence_score": 0.346,
        "reason": "Low: single-method detection (methods disagree); optical ML unavailable for zone",
        "conf_detail": {
          "agreement_ratio": 0.0,
          "terrain_penalty": 0.0,
          "time_penalty": 0.375,
          "margin_score": 0.607,
          "method_penalty": 0.15
        },
        "breakdown": {
          "severity": 0.0242,
          "people": 0.0121,
          "facilities": 0.0,
          "roads": 0.0
        },
        "score": 0.0363,
        "rank": 360,
        "tier": "P3"
      },
      "geometry": {
        "type": "Polygon",
        "coordinates": [
          [
            [
              91.20607470691277,
              26.351402888637587
            ],
            [
              91.20593541034135,
              26.36042785792843
            ],
            [
              91.195917355145,
              26.36030199052607
            ],
            [
              91.19605742852285,
              26.351277070853275
            ],
            [
              91.20607470691277,
              26.351402888637587
            ]
          ]
        ]
      }
    },
    {
      "id": "85",
      "type": "Feature",
      "properties": {
        "zone_id": "Grid-2-23",
        "name": "Grid-2-23",
        "flood_km2": 0.0648,
        "flood_pct": 6.48,
        "zone_area_km2": 1.0,
        "population": 345.8435,
        "people_affected": 22.4107,
        "facilities_hit": 0,
        "facilities_by_type": {},
        "road_cut_km": 0.0,
        "confidence": "Low",
        "confidence_score": 0.35,
        "reason": "Low: single-method detection (methods disagree); optical ML unavailable for zone",
        "conf_detail": {
          "agreement_ratio": 0.0,
          "terrain_penalty": 0.0,
          "time_penalty": 0.375,
          "margin_score": 0.627,
          "method_penalty": 0.15
        },
        "breakdown": {
          "severity": 0.0276,
          "people": 0.0087,
          "facilities": 0.0,
          "roads": 0.0
        },
        "score": 0.0363,
        "rank": 361,
        "tier": "P3"
      },
      "geometry": {
        "type": "Polygon",
        "coordinates": [
          [
            [
              91.18618099992769,
              26.34212567140163
            ],
            [
              91.1860402163997,
              26.351150553250225
            ],
            [
              91.17602307091059,
              26.351023335846214
            ],
            [
              91.17616463083313,
              26.34199850415984
            ],
            [
              91.18618099992769,
              26.34212567140163
            ]
          ]
        ]
      }
    },
    {
      "id": "60",
      "type": "Feature",
      "properties": {
        "zone_id": "Grid-1-29",
        "name": "Grid-1-29",
        "flood_km2": 0.0552,
        "flood_pct": 5.52,
        "zone_area_km2": 1.0,
        "population": 592.4865,
        "people_affected": 32.7053,
        "facilities_hit": 0,
        "facilities_by_type": {},
        "road_cut_km": 0.0,
        "confidence": "Low",
        "confidence_score": 0.359,
        "reason": "Low: single-method detection (methods disagree); optical ML unavailable for zone",
        "conf_detail": {
          "agreement_ratio": 0.0,
          "terrain_penalty": 0.0,
          "time_penalty": 0.375,
          "margin_score": 0.67,
          "method_penalty": 0.15
        },
        "breakdown": {
          "severity": 0.0235,
          "people": 0.0127,
          "facilities": 0.0,
          "roads": 0.0
        },
        "score": 0.0362,
        "rank": 362,
        "tier": "P3"
      },
      "geometry": {
        "type": "Polygon",
        "coordinates": [
          [
            [
              91.24614447579486,
              26.351899161235014
            ],
            [
              91.24600828666941,
              26.360924326239097
            ],
            [
              91.23598996999083,
              26.360801259391245
            ],
            [
              91.23612693601055,
              26.351776142901617
            ],
            [
              91.24614447579486,
              26.351899161235014
            ]
          ]
        ]
      }
    },
    {
      "id": "616",
      "type": "Feature",
      "properties": {
        "zone_id": "Grid-19-27",
        "name": "Grid-19-27",
        "flood_km2": 0.0728,
        "flood_pct": 7.28,
        "zone_area_km2": 1.0,
        "population": 179.8447,
        "people_affected": 13.0927,
        "facilities_hit": 0,
        "facilities_by_type": {},
        "road_cut_km": 0.0,
        "confidence": "Low",
        "confidence_score": 0.338,
        "reason": "Low: single-method detection (methods disagree); optical ML unavailable for zone",
        "conf_detail": {
          "agreement_ratio": 0.0,
          "terrain_penalty": 0.0,
          "time_penalty": 0.375,
          "margin_score": 0.566,
          "method_penalty": 0.15
        },
        "breakdown": {
          "severity": 0.031,
          "people": 0.0051,
          "facilities": 0.0,
          "roads": 0.0
        },
        "score": 0.036,
        "rank": 363,
        "tier": "P3"
      },
      "geometry": {
        "type": "Polygon",
        "coordinates": [
          [
            [
              91.2285777110249,
              26.18919915026473
            ],
            [
              91.2284411377655,
              26.198224434209607
            ],
            [
              91.21843687830918,
              26.1981008491122
            ],
            [
              91.21857422182677,
              26.18907561410088
            ],
            [
              91.2285777110249,
              26.18919915026473
            ]
          ]
        ]
      }
    },
    {
      "id": "582",
      "type": "Feature",
      "properties": {
        "zone_id": "Grid-18-24",
        "name": "Grid-18-24",
        "flood_km2": 0.08,
        "flood_pct": 8.0,
        "zone_area_km2": 1.0,
        "population": 64.4665,
        "people_affected": 5.1573,
        "facilities_hit": 0,
        "facilities_by_type": {},
        "road_cut_km": 0.0,
        "confidence": "Low",
        "confidence_score": 0.35,
        "reason": "Low: single-method detection (methods disagree); optical ML unavailable for zone",
        "conf_detail": {
          "agreement_ratio": 0.0,
          "terrain_penalty": 0.0,
          "time_penalty": 0.375,
          "margin_score": 0.624,
          "method_penalty": 0.15
        },
        "breakdown": {
          "severity": 0.034,
          "people": 0.002,
          "facilities": 0.0,
          "roads": 0.0
        },
        "score": 0.036,
        "rank": 364,
        "tier": "P3"
      },
      "geometry": {
        "type": "Polygon",
        "coordinates": [
          [
            [
              91.19842855524202,
              26.197851593424378
            ],
            [
              91.19828960538301,
              26.20687671773362
            ],
            [
              91.18828477194484,
              26.206750997411756
            ],
            [
              91.18842449236153,
              26.197725922868948
            ],
            [
              91.19842855524202,
              26.197851593424378
            ]
          ]
        ]
      }
    },
    {
      "id": "284",
      "type": "Feature",
      "properties": {
        "zone_id": "Grid-9-5",
        "name": "Grid-9-5",
        "flood_km2": 0.0568,
        "flood_pct": 5.68,
        "zone_area_km2": 1.0,
        "population": 528.1951,
        "people_affected": 30.0015,
        "facilities_hit": 0,
        "facilities_by_type": {},
        "road_cut_km": 0.0,
        "confidence": "Low",
        "confidence_score": 0.349,
        "reason": "Low: single-method detection (methods disagree); optical ML unavailable for zone",
        "conf_detail": {
          "agreement_ratio": 0.0,
          "terrain_penalty": 0.0,
          "time_penalty": 0.375,
          "margin_score": 0.619,
          "method_penalty": 0.15
        },
        "breakdown": {
          "severity": 0.0242,
          "people": 0.0116,
          "facilities": 0.0,
          "roads": 0.0
        },
        "score": 0.0358,
        "rank": 365,
        "tier": "P3"
      },
      "geometry": {
        "type": "Polygon",
        "coordinates": [
          [
            [
              91.00697814037956,
              26.27656175257779
            ],
            [
              91.00682389729764,
              26.285585774711645
            ],
            [
              90.996813438099,
              26.285446349748707
            ],
            [
              90.99696845458644,
              26.276422382682277
            ],
            [
              91.00697814037956,
              26.27656175257779
            ]
          ]
        ]
      }
    },
    {
      "id": "325",
      "type": "Feature",
      "properties": {
        "zone_id": "Grid-10-15",
        "name": "Grid-10-15",
        "flood_km2": 0.0376,
        "flood_pct": 3.76,
        "zone_area_km2": 1.0,
        "population": 1342.5039,
        "people_affected": 50.4781,
        "facilities_hit": 0,
        "facilities_by_type": {},
        "road_cut_km": 0.0,
        "confidence": "Low",
        "confidence_score": 0.338,
        "reason": "Low: single-method detection (methods disagree); optical ML unavailable for zone",
        "conf_detail": {
          "agreement_ratio": 0.0,
          "terrain_penalty": 0.0,
          "time_penalty": 0.375,
          "margin_score": 0.565,
          "method_penalty": 0.15
        },
        "breakdown": {
          "severity": 0.016,
          "people": 0.0196,
          "facilities": 0.0,
          "roads": 0.0
        },
        "score": 0.0356,
        "rank": 366,
        "tier": "P3"
      },
      "geometry": {
        "type": "Polygon",
        "coordinates": [
          [
            [
              91.1072253937407,
              26.268892529292646
            ],
            [
              91.10707895542508,
              26.27791709906024
            ],
            [
              91.09706855564741,
              26.277784702627894
            ],
            [
              91.09721576724168,
              26.268760185165714
            ],
            [
              91.1072253937407,
              26.268892529292646
            ]
          ]
        ]
      }
    },
    {
      "id": "862",
      "type": "Feature",
      "properties": {
        "zone_id": "Grid-27-25",
        "name": "Grid-27-25",
        "flood_km2": 0.0348,
        "flood_pct": 3.48,
        "zone_area_km2": 1.0,
        "population": 1523.9912,
        "people_affected": 53.0349,
        "facilities_hit": 0,
        "facilities_by_type": {},
        "road_cut_km": 0.0,
        "confidence": "Low",
        "confidence_score": 0.36,
        "reason": "Low: single-method detection (methods disagree); optical ML unavailable for zone",
        "conf_detail": {
          "agreement_ratio": 0.0,
          "terrain_penalty": 0.0,
          "time_penalty": 0.375,
          "margin_score": 0.673,
          "method_penalty": 0.15
        },
        "breakdown": {
          "severity": 0.0148,
          "people": 0.0206,
          "facilities": 0.0,
          "roads": 0.0
        },
        "score": 0.0354,
        "rank": 367,
        "tier": "P3"
      },
      "geometry": {
        "type": "Polygon",
        "coordinates": [
          [
            [
              91.20967335151205,
              26.116749464917014
            ],
            [
              91.20953576117364,
              26.125774746624877
            ],
            [
              91.19953778390422,
              26.125650166867928
            ],
            [
              91.19967614154011,
              26.11662493458469
            ],
            [
              91.20967335151205,
              26.116749464917014
            ]
          ]
        ]
      }
    },
    {
      "id": "908",
      "type": "Feature",
      "properties": {
        "zone_id": "Grid-29-9",
        "name": "Grid-29-9",
        "flood_km2": 0.0248,
        "flood_pct": 5.3913,
        "zone_area_km2": 0.47237621329026297,
        "population": 592.6107,
        "people_affected": 31.9494,
        "facilities_hit": 0,
        "facilities_by_type": {},
        "road_cut_km": 0.0,
        "confidence": "Low",
        "confidence_score": 0.327,
        "reason": "Low: single-method detection (methods disagree); optical ML unavailable for zone",
        "conf_detail": {
          "agreement_ratio": 0.0,
          "terrain_penalty": 0.0,
          "time_penalty": 0.375,
          "margin_score": 0.512,
          "method_penalty": 0.15
        },
        "breakdown": {
          "severity": 0.0229,
          "people": 0.0124,
          "facilities": 0.0,
          "roads": 0.0
        },
        "score": 0.0353,
        "rank": 368,
        "tier": "P3"
      },
      "geometry": {
        "type": "Polygon",
        "coordinates": [
          [
            [
              91.04994660624652,
              26.10138645112845
            ],
            [
              91.04987587221493,
              26.1056494003186
            ],
            [
              91.03988052357882,
              26.10551384339334
            ],
            [
              91.0399516195928,
              26.101250919620096
            ],
            [
              91.04994660624652,
              26.10138645112845
            ]
          ]
        ]
      }
    },
    {
      "id": "3",
      "type": "Feature",
      "properties": {
        "zone_id": "Grid-0-3",
        "name": "Grid-0-3",
        "flood_km2": 0.0424,
        "flood_pct": 4.24,
        "zone_area_km2": 1.0,
        "population": 1025.3511,
        "people_affected": 43.4749,
        "facilities_hit": 0,
        "facilities_by_type": {},
        "road_cut_km": 0.0,
        "confidence": "Low",
        "confidence_score": 0.36,
        "reason": "Low: single-method detection (methods disagree); optical ML unavailable for zone",
        "conf_detail": {
          "agreement_ratio": 0.0,
          "terrain_penalty": 0.0,
          "time_penalty": 0.375,
          "margin_score": 0.674,
          "method_penalty": 0.15
        },
        "breakdown": {
          "severity": 0.018,
          "people": 0.0169,
          "facilities": 0.0,
          "roads": 0.0
        },
        "score": 0.0349,
        "rank": 369,
        "tier": "P3"
      },
      "geometry": {
        "type": "Polygon",
        "coordinates": [
          [
            [
              90.98555407442858,
              26.357497081347038
            ],
            [
              90.98539761944807,
              26.366520883094857
            ],
            [
              90.97538033079441,
              26.36637956217983
            ],
            [
              90.9755375624301,
              26.35735581612566
            ],
            [
              90.98555407442858,
              26.357497081347038
            ]
          ]
        ]
      }
    },
    {
      "id": "406",
      "type": "Feature",
      "properties": {
        "zone_id": "Grid-13-3",
        "name": "Grid-13-3",
        "flood_km2": 0.0544,
        "flood_pct": 5.44,
        "zone_area_km2": 1.0,
        "population": 545.7499,
        "people_affected": 29.6888,
        "facilities_hit": 0,
        "facilities_by_type": {},
        "road_cut_km": 0.0,
        "confidence": "Low",
        "confidence_score": 0.342,
        "reason": "Low: single-method detection (methods disagree); optical ML unavailable for zone",
        "conf_detail": {
          "agreement_ratio": 0.0,
          "terrain_penalty": 0.0,
          "time_penalty": 0.375,
          "margin_score": 0.584,
          "method_penalty": 0.15
        },
        "breakdown": {
          "severity": 0.0231,
          "people": 0.0115,
          "facilities": 0.0,
          "roads": 0.0
        },
        "score": 0.0347,
        "rank": 370,
        "tier": "P3"
      },
      "geometry": {
        "type": "Polygon",
        "coordinates": [
          [
            [
              90.9875812641501,
              26.24018654664779
            ],
            [
              90.98742576924366,
              26.249210507166723
            ],
            [
              90.97741854851311,
              26.249069909614615
            ],
            [
              90.97757481531272,
              26.240046004680394
            ],
            [
              90.9875812641501,
              26.24018654664779
            ]
          ]
        ]
      }
    },
    {
      "id": "493",
      "type": "Feature",
      "properties": {
        "zone_id": "Grid-15-28",
        "name": "Grid-15-28",
        "flood_km2": 0.052,
        "flood_pct": 5.2,
        "zone_area_km2": 1.0,
        "population": 609.9893,
        "people_affected": 31.7194,
        "facilities_hit": 0,
        "facilities_by_type": {},
        "road_cut_km": 0.0,
        "confidence": "Low",
        "confidence_score": 0.332,
        "reason": "Low: single-method detection (methods disagree); optical ML unavailable for zone",
        "conf_detail": {
          "agreement_ratio": 0.0,
          "terrain_penalty": 0.0,
          "time_penalty": 0.375,
          "margin_score": 0.535,
          "method_penalty": 0.15
        },
        "breakdown": {
          "severity": 0.0221,
          "people": 0.0123,
          "facilities": 0.0,
          "roads": 0.0
        },
        "score": 0.0344,
        "rank": 371,
        "tier": "P3"
      },
      "geometry": {
        "type": "Polygon",
        "coordinates": [
          [
            [
              91.23803766641385,
              26.225423250036314
            ],
            [
              91.23790160558636,
              26.23444853470063
            ],
            [
              91.22789419656243,
              26.23432545008415
            ],
            [
              91.22803102913136,
              26.225300214107442
            ],
            [
              91.23803766641385,
              26.225423250036314
            ]
          ]
        ]
      }
    },
    {
      "id": "140",
      "type": "Feature",
      "properties": {
        "zone_id": "Grid-4-16",
        "name": "Grid-4-16",
        "flood_km2": 0.0384,
        "flood_pct": 3.84,
        "zone_area_km2": 1.0,
        "population": 1179.5234,
        "people_affected": 45.2937,
        "facilities_hit": 0,
        "facilities_by_type": {},
        "road_cut_km": 0.0,
        "confidence": "Low",
        "confidence_score": 0.334,
        "reason": "Low: single-method detection (methods disagree); optical ML unavailable for zone",
        "conf_detail": {
          "agreement_ratio": 0.0,
          "terrain_penalty": 0.0,
          "time_penalty": 0.375,
          "margin_score": 0.543,
          "method_penalty": 0.15
        },
        "breakdown": {
          "severity": 0.0163,
          "people": 0.0176,
          "facilities": 0.0,
          "roads": 0.0
        },
        "score": 0.0339,
        "rank": 372,
        "tier": "P3"
      },
      "geometry": {
        "type": "Polygon",
        "coordinates": [
          [
            [
              91.11636006377347,
              26.32317172548875
            ],
            [
              91.11621398429934,
              26.332196274647817
            ],
            [
              91.10619886763197,
              26.332064263321136
            ],
            [
              91.1063457226067,
              26.323039766239116
            ],
            [
              91.11636006377347,
              26.32317172548875
            ]
          ]
        ]
      }
    },
    {
      "id": "271",
      "type": "Feature",
      "properties": {
        "zone_id": "Grid-8-23",
        "name": "Grid-8-23",
        "flood_km2": 0.0332,
        "flood_pct": 3.32,
        "zone_area_km2": 1.0,
        "population": 1532.1215,
        "people_affected": 50.8664,
        "facilities_hit": 0,
        "facilities_by_type": {},
        "road_cut_km": 0.0,
        "confidence": "Low",
        "confidence_score": 0.347,
        "reason": "Low: single-method detection (methods disagree); optical ML unavailable for zone",
        "conf_detail": {
          "agreement_ratio": 0.0,
          "terrain_penalty": 0.0,
          "time_penalty": 0.375,
          "margin_score": 0.61,
          "method_penalty": 0.15
        },
        "breakdown": {
          "severity": 0.0141,
          "people": 0.0197,
          "facilities": 0.0,
          "roads": 0.0
        },
        "score": 0.0339,
        "rank": 373,
        "tier": "P3"
      },
      "geometry": {
        "type": "Polygon",
        "coordinates": [
          [
            [
              91.18702430303307,
              26.28797612701916
            ],
            [
              91.18688391883987,
              26.2970010812211
            ],
            [
              91.17687142621394,
              26.296874164676932
            ],
            [
              91.17701258460087,
              26.287849260591855
            ],
            [
              91.18702430303307,
              26.28797612701916
            ]
          ]
        ]
      }
    },
    {
      "id": "878",
      "type": "Feature",
      "properties": {
        "zone_id": "Grid-28-10",
        "name": "Grid-28-10",
        "flood_km2": 0.0384,
        "flood_pct": 3.84,
        "zone_area_km2": 1.0,
        "population": 1174.1669,
        "people_affected": 45.088,
        "facilities_hit": 0,
        "facilities_by_type": {},
        "road_cut_km": 0.0,
        "confidence": "Low",
        "confidence_score": 0.317,
        "reason": "Low: single-method detection (methods disagree); optical ML unavailable for zone",
        "conf_detail": {
          "agreement_ratio": 0.0,
          "terrain_penalty": 0.0,
          "time_penalty": 0.375,
          "margin_score": 0.458,
          "method_penalty": 0.15
        },
        "breakdown": {
          "severity": 0.0163,
          "people": 0.0175,
          "facilities": 0.0,
          "roads": 0.0
        },
        "score": 0.0338,
        "rank": 374,
        "tier": "P3"
      },
      "geometry": {
        "type": "Polygon",
        "coordinates": [
          [
            [
              91.05987129197977,
              26.105784265131653
            ],
            [
              91.05972226532143,
              26.114808788708817
            ],
            [
              91.04972607896403,
              26.11467387035799
            ],
            [
              91.04987587221493,
              26.1056494003186
            ],
            [
              91.05987129197977,
              26.105784265131653
            ]
          ]
        ]
      }
    },
    {
      "id": "81",
      "type": "Feature",
      "properties": {
        "zone_id": "Grid-2-19",
        "name": "Grid-2-19",
        "flood_km2": 0.0532,
        "flood_pct": 5.32,
        "zone_area_km2": 1.0,
        "population": 533.5031,
        "people_affected": 28.3824,
        "facilities_hit": 0,
        "facilities_by_type": {},
        "road_cut_km": 0.0,
        "confidence": "Low",
        "confidence_score": 0.336,
        "reason": "Low: single-method detection (methods disagree); optical ML unavailable for zone",
        "conf_detail": {
          "agreement_ratio": 0.0,
          "terrain_penalty": 0.0,
          "time_penalty": 0.375,
          "margin_score": 0.556,
          "method_penalty": 0.15
        },
        "breakdown": {
          "severity": 0.0226,
          "people": 0.011,
          "facilities": 0.0,
          "roads": 0.0
        },
        "score": 0.0336,
        "rank": 375,
        "tier": "P3"
      },
      "geometry": {
        "type": "Polygon",
        "coordinates": [
          [
            [
              91.14611592689032,
              26.341612805462987
            ],
            [
              91.1459720379196,
              26.35063748500784
            ],
            [
              91.13595516263875,
              26.350507468579877
            ],
            [
              91.13609982791328,
              26.341482840300458
            ],
            [
              91.14611592689032,
              26.341612805462987
            ]
          ]
        ]
      }
    },
    {
      "id": "647",
      "type": "Feature",
      "properties": {
        "zone_id": "Grid-20-27",
        "name": "Grid-20-27",
        "flood_km2": 0.0684,
        "flood_pct": 6.84,
        "zone_area_km2": 1.0,
        "population": 153.2097,
        "people_affected": 10.4795,
        "facilities_hit": 0,
        "facilities_by_type": {},
        "road_cut_km": 0.0,
        "confidence": "Low",
        "confidence_score": 0.363,
        "reason": "Low: single-method detection (methods disagree); optical ML unavailable for zone",
        "conf_detail": {
          "agreement_ratio": 0.0,
          "terrain_penalty": 0.0,
          "time_penalty": 0.375,
          "margin_score": 0.69,
          "method_penalty": 0.15
        },
        "breakdown": {
          "severity": 0.0291,
          "people": 0.0041,
          "facilities": 0.0,
          "roads": 0.0
        },
        "score": 0.0332,
        "rank": 376,
        "tier": "P3"
      },
      "geometry": {
        "type": "Polygon",
        "coordinates": [
          [
            [
              91.22871421951105,
              26.180173854335546
            ],
            [
              91.2285777110249,
              26.18919915026473
            ],
            [
              91.21857422182677,
              26.18907561410088
            ],
            [
              91.21871150020603,
              26.18005036709791
            ],
            [
              91.22871421951105,
              26.180173854335546
            ]
          ]
        ]
      }
    },
    {
      "id": "111",
      "type": "Feature",
      "properties": {
        "zone_id": "Grid-3-18",
        "name": "Grid-3-18",
        "flood_km2": 0.05,
        "flood_pct": 5.0,
        "zone_area_km2": 1.0,
        "population": 611.8622,
        "people_affected": 30.5931,
        "facilities_hit": 0,
        "facilities_by_type": {},
        "road_cut_km": 0.0,
        "confidence": "Low",
        "confidence_score": 0.355,
        "reason": "Low: single-method detection (methods disagree); optical ML unavailable for zone",
        "conf_detail": {
          "agreement_ratio": 0.0,
          "terrain_penalty": 0.0,
          "time_penalty": 0.375,
          "margin_score": 0.651,
          "method_penalty": 0.15
        },
        "breakdown": {
          "severity": 0.0213,
          "people": 0.0119,
          "facilities": 0.0,
          "roads": 0.0
        },
        "score": 0.0331,
        "rank": 377,
        "tier": "P3"
      },
      "geometry": {
        "type": "Polygon",
        "coordinates": [
          [
            [
              91.1362444247408,
              26.332458199916143
            ],
            [
              91.13609982791328,
              26.341482840300458
            ],
            [
              91.12608379738327,
              26.34135217570318
            ],
            [
              91.12622917012457,
              26.332327586852305
            ],
            [
              91.1362444247408,
              26.332458199916143
            ]
          ]
        ]
      }
    },
    {
      "id": "55",
      "type": "Feature",
      "properties": {
        "zone_id": "Grid-1-24",
        "name": "Grid-1-24",
        "flood_km2": 0.0532,
        "flood_pct": 5.32,
        "zone_area_km2": 1.0,
        "population": 505.9824,
        "people_affected": 26.9183,
        "facilities_hit": 0,
        "facilities_by_type": {},
        "road_cut_km": 0.0,
        "confidence": "Low",
        "confidence_score": 0.346,
        "reason": "Low: single-method detection (methods disagree); optical ML unavailable for zone",
        "conf_detail": {
          "agreement_ratio": 0.0,
          "terrain_penalty": 0.0,
          "time_penalty": 0.375,
          "margin_score": 0.603,
          "method_penalty": 0.15
        },
        "breakdown": {
          "severity": 0.0226,
          "people": 0.0104,
          "facilities": 0.0,
          "roads": 0.0
        },
        "score": 0.0331,
        "rank": 378,
        "tier": "P3"
      },
      "geometry": {
        "type": "Polygon",
        "coordinates": [
          [
            [
              91.19605742852285,
              26.351277070853275
            ],
            [
              91.195917355145,
              26.36030199052607
            ],
            [
              91.18589936623768,
              26.3601754230291
            ],
            [
              91.1860402163997,
              26.351150553250225
            ],
            [
              91.19605742852285,
              26.351277070853275
            ]
          ]
        ]
      }
    },
    {
      "id": "361",
      "type": "Feature",
      "properties": {
        "zone_id": "Grid-11-20",
        "name": "Grid-11-20",
        "flood_km2": 0.0288,
        "flood_pct": 2.88,
        "zone_area_km2": 1.0,
        "population": 1766.5304,
        "people_affected": 50.8761,
        "facilities_hit": 0,
        "facilities_by_type": {},
        "road_cut_km": 0.0,
        "confidence": "Low",
        "confidence_score": 0.348,
        "reason": "Low: single-method detection (methods disagree); optical ML unavailable for zone",
        "conf_detail": {
          "agreement_ratio": 0.0,
          "terrain_penalty": 0.0,
          "time_penalty": 0.375,
          "margin_score": 0.613,
          "method_penalty": 0.15
        },
        "breakdown": {
          "severity": 0.0123,
          "people": 0.0197,
          "facilities": 0.0,
          "roads": 0.0
        },
        "score": 0.032,
        "rank": 379,
        "tier": "P3"
      },
      "geometry": {
        "type": "Polygon",
        "coordinates": [
          [
            [
              91.15741706338629,
              26.260518952709177
            ],
            [
              91.1572745593416,
              26.26954379193692
            ],
            [
              91.14726458969413,
              26.269414933867925
            ],
            [
              91.14740786676636,
              26.260390145560745
            ],
            [
              91.15741706338629,
              26.260518952709177
            ]
          ]
        ]
      }
    },
    {
      "id": "16",
      "type": "Feature",
      "properties": {
        "zone_id": "Grid-0-16",
        "name": "Grid-0-16",
        "flood_km2": 0.032,
        "flood_pct": 3.2,
        "zone_area_km2": 1.0,
        "population": 1471.97,
        "people_affected": 47.103,
        "facilities_hit": 0,
        "facilities_by_type": {},
        "road_cut_km": 0.0,
        "confidence": "Low",
        "confidence_score": 0.341,
        "reason": "Low: single-method detection (methods disagree); optical ML unavailable for zone",
        "conf_detail": {
          "agreement_ratio": 0.0,
          "terrain_penalty": 0.0,
          "time_penalty": 0.375,
          "margin_score": 0.581,
          "method_penalty": 0.15
        },
        "breakdown": {
          "severity": 0.0136,
          "people": 0.0183,
          "facilities": 0.0,
          "roads": 0.0
        },
        "score": 0.0319,
        "rank": 380,
        "tier": "P3"
      },
      "geometry": {
        "type": "Polygon",
        "coordinates": [
          [
            [
              91.11577533083684,
              26.359269849408328
            ],
            [
              91.11562897459184,
              26.368294350079193
            ],
            [
              91.10561075225205,
              26.368162130365757
            ],
            [
              91.1057578854659,
              26.359137681803382
            ],
            [
              91.11577533083684,
              26.359269849408328
            ]
          ]
        ]
      }
    },
    {
      "id": "334",
      "type": "Feature",
      "properties": {
        "zone_id": "Grid-10-24",
        "name": "Grid-10-24",
        "flood_km2": 0.0172,
        "flood_pct": 1.72,
        "zone_area_km2": 1.0,
        "population": 3677.4868,
        "people_affected": 63.2528,
        "facilities_hit": 0,
        "facilities_by_type": {},
        "road_cut_km": 0.0,
        "confidence": "Low",
        "confidence_score": 0.341,
        "reason": "Low: single-method detection (methods disagree); optical ML unavailable for zone",
        "conf_detail": {
          "agreement_ratio": 0.0,
          "terrain_penalty": 0.0,
          "time_penalty": 0.375,
          "margin_score": 0.582,
          "method_penalty": 0.15
        },
        "breakdown": {
          "severity": 0.0073,
          "people": 0.0245,
          "facilities": 0.0,
          "roads": 0.0
        },
        "score": 0.0318,
        "rank": 381,
        "tier": "P3"
      },
      "geometry": {
        "type": "Polygon",
        "coordinates": [
          [
            [
              91.19731510958549,
              26.27005225137045
            ],
            [
              91.19717563180882,
              26.279077279491663
            ],
            [
              91.18716462074858,
              26.278951160769175
            ],
            [
              91.18730487200864,
              26.26992618247424
            ],
            [
              91.19731510958549,
              26.27005225137045
            ]
          ]
        ]
      }
    },
    {
      "id": "553",
      "type": "Feature",
      "properties": {
        "zone_id": "Grid-17-26",
        "name": "Grid-17-26",
        "flood_km2": 0.0636,
        "flood_pct": 6.36,
        "zone_area_km2": 1.0,
        "population": 185.1547,
        "people_affected": 11.7758,
        "facilities_hit": 0,
        "facilities_by_type": {},
        "road_cut_km": 0.0,
        "confidence": "Low",
        "confidence_score": 0.358,
        "reason": "Low: single-method detection (methods disagree); optical ML unavailable for zone",
        "conf_detail": {
          "agreement_ratio": 0.0,
          "terrain_penalty": 0.0,
          "time_penalty": 0.375,
          "margin_score": 0.666,
          "method_penalty": 0.15
        },
        "breakdown": {
          "severity": 0.0271,
          "people": 0.0046,
          "facilities": 0.0,
          "roads": 0.0
        },
        "score": 0.0316,
        "rank": 382,
        "tier": "P3"
      },
      "geometry": {
        "type": "Polygon",
        "coordinates": [
          [
            [
              91.2182994696315,
              26.20712607212879
            ],
            [
              91.21816199577196,
              26.216151283147532
            ],
            [
              91.2081562599072,
              26.216026904440433
            ],
            [
              91.20829450473367,
              26.20700174264515
            ],
            [
              91.2182994696315,
              26.20712607212879
            ]
          ]
        ]
      }
    },
    {
      "id": "118",
      "type": "Feature",
      "properties": {
        "zone_id": "Grid-3-25",
        "name": "Grid-3-25",
        "flood_km2": 0.0492,
        "flood_pct": 4.92,
        "zone_area_km2": 1.0,
        "population": 541.9473,
        "people_affected": 26.6638,
        "facilities_hit": 0,
        "facilities_by_type": {},
        "road_cut_km": 0.0,
        "confidence": "Low",
        "confidence_score": 0.346,
        "reason": "Low: single-method detection (methods disagree); optical ML unavailable for zone",
        "conf_detail": {
          "agreement_ratio": 0.0,
          "terrain_penalty": 0.0,
          "time_penalty": 0.375,
          "margin_score": 0.604,
          "method_penalty": 0.15
        },
        "breakdown": {
          "severity": 0.0209,
          "people": 0.0103,
          "facilities": 0.0,
          "roads": 0.0
        },
        "score": 0.0313,
        "rank": 383,
        "tier": "P3"
      },
      "geometry": {
        "type": "Polygon",
        "coordinates": [
          [
            [
              91.20635310237915,
              26.333352913894885
            ],
            [
              91.20621393758465,
              26.342377907292043
            ],
            [
              91.1961974356339,
              26.342252139118287
            ],
            [
              91.19633737650045,
              26.333227195324202
            ],
            [
              91.20635310237915,
              26.333352913894885
            ]
          ]
        ]
      }
    },
    {
      "id": "797",
      "type": "Feature",
      "properties": {
        "zone_id": "Grid-25-22",
        "name": "Grid-25-22",
        "flood_km2": 0.0332,
        "flood_pct": 3.32,
        "zone_area_km2": 1.0,
        "population": 1320.2512,
        "people_affected": 43.8323,
        "facilities_hit": 0,
        "facilities_by_type": {},
        "road_cut_km": 0.0,
        "confidence": "Low",
        "confidence_score": 0.361,
        "reason": "Low: single-method detection (methods disagree); optical ML unavailable for zone",
        "conf_detail": {
          "agreement_ratio": 0.0,
          "terrain_penalty": 0.0,
          "time_penalty": 0.375,
          "margin_score": 0.68,
          "method_penalty": 0.15
        },
        "breakdown": {
          "severity": 0.0141,
          "people": 0.017,
          "facilities": 0.0,
          "roads": 0.0
        },
        "score": 0.0311,
        "rank": 384,
        "tier": "P3"
      },
      "geometry": {
        "type": "Polygon",
        "coordinates": [
          [
            [
              91.17940206826573,
              26.13442404917586
            ],
            [
              91.17926204319215,
              26.143449157783184
            ],
            [
              91.1692627286042,
              26.14332239875273
            ],
            [
              91.16940352163766,
              26.13429734040945
            ],
            [
              91.17940206826573,
              26.13442404917586
            ]
          ]
        ]
      }
    },
    {
      "id": "305",
      "type": "Feature",
      "properties": {
        "zone_id": "Grid-9-26",
        "name": "Grid-9-26",
        "flood_km2": 0.0364,
        "flood_pct": 3.64,
        "zone_area_km2": 1.0,
        "population": 1105.1821,
        "people_affected": 40.2286,
        "facilities_hit": 0,
        "facilities_by_type": {},
        "road_cut_km": 0.0,
        "confidence": "Low",
        "confidence_score": 0.351,
        "reason": "Low: single-method detection (methods disagree); optical ML unavailable for zone",
        "conf_detail": {
          "agreement_ratio": 0.0,
          "terrain_penalty": 0.0,
          "time_penalty": 0.375,
          "margin_score": 0.631,
          "method_penalty": 0.15
        },
        "breakdown": {
          "severity": 0.0155,
          "people": 0.0156,
          "facilities": 0.0,
          "roads": 0.0
        },
        "score": 0.0311,
        "rank": 385,
        "tier": "P3"
      },
      "geometry": {
        "type": "Polygon",
        "coordinates": [
          [
            [
              91.21719785183055,
              26.279327424079366
            ],
            [
              91.21705985573035,
              26.288352539004045
            ],
            [
              91.20704793896421,
              26.288227766242937
            ],
            [
              91.20718670895823,
              26.27920270060093
            ],
            [
              91.21719785183055,
              26.279327424079366
            ]
          ]
        ]
      }
    },
    {
      "id": "216",
      "type": "Feature",
      "properties": {
        "zone_id": "Grid-6-30",
        "name": "Grid-6-30",
        "flood_km2": 0.0268,
        "flood_pct": 6.381,
        "zone_area_km2": 0.41200812744302673,
        "population": 149.4185,
        "people_affected": 9.5343,
        "facilities_hit": 0,
        "facilities_by_type": {},
        "road_cut_km": 0.0,
        "confidence": "Low",
        "confidence_score": 0.349,
        "reason": "Low: single-method detection (methods disagree); optical ML unavailable for zone",
        "conf_detail": {
          "agreement_ratio": 0.0,
          "terrain_penalty": 0.0,
          "time_penalty": 0.375,
          "margin_score": 0.618,
          "method_penalty": 0.15
        },
        "breakdown": {
          "severity": 0.0271,
          "people": 0.0037,
          "facilities": 0.0,
          "roads": 0.0
        },
        "score": 0.0308,
        "rank": 386,
        "tier": "P3"
      },
      "geometry": {
        "type": "Polygon",
        "coordinates": [
          [
            [
              91.25095018377382,
              26.30682353736922
            ],
            [
              91.25081463592072,
              26.315848782361428
            ],
            [
              91.24668858820954,
              26.31579838099788
            ],
            [
              91.24682445539949,
              26.30677315589875
            ],
            [
              91.25095018377382,
              26.30682353736922
            ]
          ]
        ]
      }
    },
    {
      "id": "624",
      "type": "Feature",
      "properties": {
        "zone_id": "Grid-20-4",
        "name": "Grid-20-4",
        "flood_km2": 0.052,
        "flood_pct": 5.2,
        "zone_area_km2": 1.0,
        "population": 430.3899,
        "people_affected": 22.3803,
        "facilities_hit": 0,
        "facilities_by_type": {},
        "road_cut_km": 0.0,
        "confidence": "Low",
        "confidence_score": 0.354,
        "reason": "Low: single-method detection (methods disagree); optical ML unavailable for zone",
        "conf_detail": {
          "agreement_ratio": 0.0,
          "terrain_penalty": 0.0,
          "time_penalty": 0.375,
          "margin_score": 0.644,
          "method_penalty": 0.15
        },
        "breakdown": {
          "severity": 0.0221,
          "people": 0.0087,
          "facilities": 0.0,
          "roads": 0.0
        },
        "score": 0.0308,
        "rank": 387,
        "tier": "P3"
      },
      "geometry": {
        "type": "Polygon",
        "coordinates": [
          [
            [
              90.99866879618492,
              26.177157940764125
            ],
            [
              90.99851458587537,
              26.186182041803335
            ],
            [
              90.98851268719561,
              26.186042527638346
            ],
            [
              90.98866766686729,
              26.17701848185061
            ],
            [
              90.99866879618492,
              26.177157940764125
            ]
          ]
        ]
      }
    },
    {
      "id": "329",
      "type": "Feature",
      "properties": {
        "zone_id": "Grid-10-19",
        "name": "Grid-10-19",
        "flood_km2": 0.0348,
        "flood_pct": 3.48,
        "zone_area_km2": 1.0,
        "population": 1180.2112,
        "people_affected": 41.0713,
        "facilities_hit": 0,
        "facilities_by_type": {},
        "road_cut_km": 0.0,
        "confidence": "Low",
        "confidence_score": 0.334,
        "reason": "Low: single-method detection (methods disagree); optical ML unavailable for zone",
        "conf_detail": {
          "agreement_ratio": 0.0,
          "terrain_penalty": 0.0,
          "time_penalty": 0.375,
          "margin_score": 0.546,
          "method_penalty": 0.15
        },
        "breakdown": {
          "severity": 0.0148,
          "people": 0.0159,
          "facilities": 0.0,
          "roads": 0.0
        },
        "score": 0.0307,
        "rank": 388,
        "tier": "P3"
      },
      "geometry": {
        "type": "Polygon",
        "coordinates": [
          [
            [
              91.14726458969413,
              26.269414933867925
            ],
            [
              91.1471212447243,
              26.278439710102877
            ],
            [
              91.13711056960355,
              26.278310103582044
            ],
            [
              91.13725468794425,
              26.269285378550766
            ],
            [
              91.14726458969413,
              26.269414933867925
            ]
          ]
        ]
      }
    },
    {
      "id": "813",
      "type": "Feature",
      "properties": {
        "zone_id": "Grid-26-7",
        "name": "Grid-26-7",
        "flood_km2": 0.0444,
        "flood_pct": 4.44,
        "zone_area_km2": 1.0,
        "population": 673.8493,
        "people_affected": 29.9189,
        "facilities_hit": 0,
        "facilities_by_type": {},
        "road_cut_km": 0.0,
        "confidence": "Low",
        "confidence_score": 0.334,
        "reason": "Low: single-method detection (methods disagree); optical ML unavailable for zone",
        "conf_detail": {
          "agreement_ratio": 0.0,
          "terrain_penalty": 0.0,
          "time_penalty": 0.375,
          "margin_score": 0.547,
          "method_penalty": 0.15
        },
        "breakdown": {
          "severity": 0.0189,
          "people": 0.0116,
          "facilities": 0.0,
          "roads": 0.0
        },
        "score": 0.0305,
        "rank": 389,
        "tier": "P3"
      },
      "geometry": {
        "type": "Polygon",
        "coordinates": [
          [
            [
              91.02958252182556,
              26.12342630654148
            ],
            [
              91.02943105167661,
              26.132450644451595
            ],
            [
              91.01943354573432,
              26.132313540249786
            ],
            [
              91.0195857831321,
              26.123289256717555
            ],
            [
              91.02958252182556,
              26.12342630654148
            ]
          ]
        ]
      }
    },
    {
      "id": "13",
      "type": "Feature",
      "properties": {
        "zone_id": "Grid-0-13",
        "name": "Grid-0-13",
        "flood_km2": 0.042,
        "flood_pct": 4.2,
        "zone_area_km2": 1.0,
        "population": 755.9747,
        "people_affected": 31.7509,
        "facilities_hit": 0,
        "facilities_by_type": {},
        "road_cut_km": 0.0,
        "confidence": "Low",
        "confidence_score": 0.336,
        "reason": "Low: single-method detection (methods disagree); optical ML unavailable for zone",
        "conf_detail": {
          "agreement_ratio": 0.0,
          "terrain_penalty": 0.0,
          "time_penalty": 0.375,
          "margin_score": 0.557,
          "method_penalty": 0.15
        },
        "breakdown": {
          "severity": 0.0179,
          "people": 0.0123,
          "facilities": 0.0,
          "roads": 0.0
        },
        "score": 0.0302,
        "rank": 390,
        "tier": "P3"
      },
      "geometry": {
        "type": "Polygon",
        "coordinates": [
          [
            [
              91.08572320387572,
              26.35887124681946
            ],
            [
              91.08557451679447,
              26.36789559033736
            ],
            [
              91.07555650441137,
              26.367761270059873
            ],
            [
              91.07570596839095,
              26.358736979477953
            ],
            [
              91.08572320387572,
              26.35887124681946
            ]
          ]
        ]
      }
    },
    {
      "id": "915",
      "type": "Feature",
      "properties": {
        "zone_id": "Grid-29-16",
        "name": "Grid-29-16",
        "flood_km2": 0.022,
        "flood_pct": 4.7826,
        "zone_area_km2": 0.47237621329026297,
        "population": 462.6114,
        "people_affected": 22.1249,
        "facilities_hit": 0,
        "facilities_by_type": {},
        "road_cut_km": 0.0,
        "confidence": "Low",
        "confidence_score": 0.343,
        "reason": "Low: single-method detection (methods disagree); optical ML unavailable for zone",
        "conf_detail": {
          "agreement_ratio": 0.0,
          "terrain_penalty": 0.0,
          "time_penalty": 0.375,
          "margin_score": 0.589,
          "method_penalty": 0.15
        },
        "breakdown": {
          "severity": 0.0203,
          "people": 0.0086,
          "facilities": 0.0,
          "roads": 0.0
        },
        "score": 0.0289,
        "rank": 391,
        "tier": "P3"
      },
      "geometry": {
        "type": "Polygon",
        "coordinates": [
          [
            [
              91.1199134837469,
              26.102315795125296
            ],
            [
              91.11984528390204,
              26.10657891860153
            ],
            [
              91.1098494450038,
              26.10644820685542
            ],
            [
              91.10991800690816,
              26.102185107887994
            ],
            [
              91.1199134837469,
              26.102315795125296
            ]
          ]
        ]
      }
    },
    {
      "id": "52",
      "type": "Feature",
      "properties": {
        "zone_id": "Grid-1-21",
        "name": "Grid-1-21",
        "flood_km2": 0.0412,
        "flood_pct": 4.12,
        "zone_area_km2": 1.0,
        "population": 707.0143,
        "people_affected": 29.129,
        "facilities_hit": 0,
        "facilities_by_type": {},
        "road_cut_km": 0.0,
        "confidence": "Low",
        "confidence_score": 0.345,
        "reason": "Low: single-method detection (methods disagree); optical ML unavailable for zone",
        "conf_detail": {
          "agreement_ratio": 0.0,
          "terrain_penalty": 0.0,
          "time_penalty": 0.375,
          "margin_score": 0.598,
          "method_penalty": 0.15
        },
        "breakdown": {
          "severity": 0.0175,
          "people": 0.0113,
          "facilities": 0.0,
          "roads": 0.0
        },
        "score": 0.0288,
        "rank": 392,
        "tier": "P3"
      },
      "geometry": {
        "type": "Polygon",
        "coordinates": [
          [
            [
              91.16600599242273,
              26.350895418659146
            ],
            [
              91.16586358875965,
              26.359920187822578
            ],
            [
              91.15584580092363,
              26.359791520148924
            ],
            [
              91.15598898130334,
              26.35076680170699
            ],
            [
              91.16600599242273,
              26.350895418659146
            ]
          ]
        ]
      }
    },
    {
      "id": "721",
      "type": "Feature",
      "properties": {
        "zone_id": "Grid-23-8",
        "name": "Grid-23-8",
        "flood_km2": 0.0444,
        "flood_pct": 4.44,
        "zone_area_km2": 1.0,
        "population": 568.2011,
        "people_affected": 25.2281,
        "facilities_hit": 0,
        "facilities_by_type": {},
        "road_cut_km": 0.0,
        "confidence": "Low",
        "confidence_score": 0.329,
        "reason": "Low: single-method detection (methods disagree); optical ML unavailable for zone",
        "conf_detail": {
          "agreement_ratio": 0.0,
          "terrain_penalty": 0.0,
          "time_penalty": 0.375,
          "margin_score": 0.519,
          "method_penalty": 0.15
        },
        "breakdown": {
          "severity": 0.0189,
          "people": 0.0098,
          "facilities": 0.0,
          "roads": 0.0
        },
        "score": 0.0287,
        "rank": 393,
        "tier": "P3"
      },
      "geometry": {
        "type": "Polygon",
        "coordinates": [
          [
            [
              91.03912700907894,
              26.150635803443905
            ],
            [
              91.03897609143932,
              26.159660159112804
            ],
            [
              91.02897620956563,
              26.15952358545095
            ],
            [
              91.02912789557064,
              26.15049928390951
            ],
            [
              91.03912700907894,
              26.150635803443905
            ]
          ]
        ]
      }
    },
    {
      "id": "311",
      "type": "Feature",
      "properties": {
        "zone_id": "Grid-10-1",
        "name": "Grid-10-1",
        "flood_km2": 0.0412,
        "flood_pct": 4.12,
        "zone_area_km2": 1.0,
        "population": 691.7325,
        "people_affected": 28.4994,
        "facilities_hit": 0,
        "facilities_by_type": {},
        "road_cut_km": 0.0,
        "confidence": "Low",
        "confidence_score": 0.338,
        "reason": "Low: single-method detection (methods disagree); optical ML unavailable for zone",
        "conf_detail": {
          "agreement_ratio": 0.0,
          "terrain_penalty": 0.0,
          "time_penalty": 0.375,
          "margin_score": 0.563,
          "method_penalty": 0.15
        },
        "breakdown": {
          "severity": 0.0175,
          "people": 0.0111,
          "facilities": 0.0,
          "roads": 0.0
        },
        "score": 0.0286,
        "rank": 394,
        "tier": "P3"
      },
      "geometry": {
        "type": "Polygon",
        "coordinates": [
          [
            [
              90.96709710118688,
              26.266976277200598
            ],
            [
              90.96693983914032,
              26.276000089632998
            ],
            [
              90.95693044918916,
              26.275857930894887
            ],
            [
              90.95708848417621,
              26.266834174622858
            ],
            [
              90.96709710118688,
              26.266976277200598
            ]
          ]
        ]
      }
    },
    {
      "id": "753",
      "type": "Feature",
      "properties": {
        "zone_id": "Grid-24-9",
        "name": "Grid-24-9",
        "flood_km2": 0.0412,
        "flood_pct": 4.12,
        "zone_area_km2": 1.0,
        "population": 676.7639,
        "people_affected": 27.8827,
        "facilities_hit": 0,
        "facilities_by_type": {},
        "road_cut_km": 0.0,
        "confidence": "Low",
        "confidence_score": 0.349,
        "reason": "Low: single-method detection (methods disagree); optical ML unavailable for zone",
        "conf_detail": {
          "agreement_ratio": 0.0,
          "terrain_penalty": 0.0,
          "time_penalty": 0.375,
          "margin_score": 0.618,
          "method_penalty": 0.15
        },
        "breakdown": {
          "severity": 0.0175,
          "people": 0.0108,
          "facilities": 0.0,
          "roads": 0.0
        },
        "score": 0.0283,
        "rank": 395,
        "tier": "P3"
      },
      "geometry": {
        "type": "Polygon",
        "coordinates": [
          [
            [
              91.0492762722019,
              26.141747207880133
            ],
            [
              91.04912619419893,
              26.150771629511592
            ],
            [
              91.03912700907894,
              26.150635803443905
            ],
            [
              91.03927785510685,
              26.141611435657026
            ],
            [
              91.0492762722019,
              26.141747207880133
            ]
          ]
        ]
      }
    },
    {
      "id": "96",
      "type": "Feature",
      "properties": {
        "zone_id": "Grid-3-3",
        "name": "Grid-3-3",
        "flood_km2": 0.036,
        "flood_pct": 3.6,
        "zone_area_km2": 1.0,
        "population": 929.3129,
        "people_affected": 33.4553,
        "facilities_hit": 0,
        "facilities_by_type": {},
        "road_cut_km": 0.0,
        "confidence": "Low",
        "confidence_score": 0.351,
        "reason": "Low: single-method detection (methods disagree); optical ML unavailable for zone",
        "conf_detail": {
          "agreement_ratio": 0.0,
          "terrain_penalty": 0.0,
          "time_penalty": 0.375,
          "margin_score": 0.629,
          "method_penalty": 0.15
        },
        "breakdown": {
          "severity": 0.0153,
          "people": 0.013,
          "facilities": 0.0,
          "roads": 0.0
        },
        "score": 0.0283,
        "rank": 396,
        "tier": "P3"
      },
      "geometry": {
        "type": "Polygon",
        "coordinates": [
          [
            [
              90.9860229954659,
              26.3304256027227
            ],
            [
              90.98586676241266,
              26.339449441157782
            ],
            [
              90.97585180262355,
              26.33930828729848
            ],
            [
              90.97600881123122,
              26.330284504531836
            ],
            [
              90.9860229954659,
              26.3304256027227
            ]
          ]
        ]
      }
    },
    {
      "id": "696",
      "type": "Feature",
      "properties": {
        "zone_id": "Grid-22-14",
        "name": "Grid-22-14",
        "flood_km2": 0.0404,
        "flood_pct": 4.04,
        "zone_area_km2": 1.0,
        "population": 707.7568,
        "people_affected": 28.5934,
        "facilities_hit": 0,
        "facilities_by_type": {},
        "road_cut_km": 0.0,
        "confidence": "Low",
        "confidence_score": 0.333,
        "reason": "Low: single-method detection (methods disagree); optical ML unavailable for zone",
        "conf_detail": {
          "agreement_ratio": 0.0,
          "terrain_penalty": 0.0,
          "time_penalty": 0.375,
          "margin_score": 0.542,
          "method_penalty": 0.15
        },
        "breakdown": {
          "severity": 0.0172,
          "people": 0.0111,
          "facilities": 0.0,
          "roads": 0.0
        },
        "score": 0.0283,
        "rank": 397,
        "tier": "P3"
      },
      "geometry": {
        "type": "Polygon",
        "coordinates": [
          [
            [
              91.0989768742724,
              26.160465031848016
            ],
            [
              91.09883049787396,
              26.169489694436624
            ],
            [
              91.08882942278242,
              26.169357231021714
            ],
            [
              91.08897656805229,
              26.16033262091933
            ],
            [
              91.0989768742724,
              26.160465031848016
            ]
          ]
        ]
      }
    },
    {
      "id": "364",
      "type": "Feature",
      "properties": {
        "zone_id": "Grid-11-23",
        "name": "Grid-11-23",
        "flood_km2": 0.0216,
        "flood_pct": 2.16,
        "zone_area_km2": 1.0,
        "population": 2264.7722,
        "people_affected": 48.9191,
        "facilities_hit": 0,
        "facilities_by_type": {},
        "road_cut_km": 0.0,
        "confidence": "Low",
        "confidence_score": 0.343,
        "reason": "Low: single-method detection (methods disagree); optical ML unavailable for zone",
        "conf_detail": {
          "agreement_ratio": 0.0,
          "terrain_penalty": 0.0,
          "time_penalty": 0.375,
          "margin_score": 0.588,
          "method_penalty": 0.15
        },
        "breakdown": {
          "severity": 0.0092,
          "people": 0.019,
          "facilities": 0.0,
          "roads": 0.0
        },
        "score": 0.0282,
        "rank": 398,
        "tier": "P3"
      },
      "geometry": {
        "type": "Polygon",
        "coordinates": [
          [
            [
              91.18744505683551,
              26.26090119213746
            ],
            [
              91.18730487200864,
              26.26992618247424
            ],
            [
              91.17729470086496,
              26.26979941625802
            ],
            [
              91.17743565878683,
              26.26077447601548
            ],
            [
              91.18744505683551,
              26.26090119213746
            ]
          ]
        ]
      }
    },
    {
      "id": "247",
      "type": "Feature",
      "properties": {
        "zone_id": "Grid-7-30",
        "name": "Grid-7-30",
        "flood_km2": 0.0232,
        "flood_pct": 5.5238,
        "zone_area_km2": 0.41200812744302673,
        "population": 213.1272,
        "people_affected": 11.7727,
        "facilities_hit": 0,
        "facilities_by_type": {},
        "road_cut_km": 0.0,
        "confidence": "Low",
        "confidence_score": 0.344,
        "reason": "Low: single-method detection (methods disagree); optical ML unavailable for zone",
        "conf_detail": {
          "agreement_ratio": 0.0,
          "terrain_penalty": 0.0,
          "time_penalty": 0.375,
          "margin_score": 0.593,
          "method_penalty": 0.15
        },
        "breakdown": {
          "severity": 0.0235,
          "people": 0.0046,
          "facilities": 0.0,
          "roads": 0.0
        },
        "score": 0.0281,
        "rank": 399,
        "tier": "P3"
      },
      "geometry": {
        "type": "Polygon",
        "coordinates": [
          [
            [
              91.25108566745571,
              26.297798280370206
            ],
            [
              91.25095018377382,
              26.30682353736922
            ],
            [
              91.24682445539949,
              26.30677315589875
            ],
            [
              91.24696025826715,
              26.29774791878982
            ],
            [
              91.25108566745571,
              26.297798280370206
            ]
          ]
        ]
      }
    },
    {
      "id": "149",
      "type": "Feature",
      "properties": {
        "zone_id": "Grid-4-25",
        "name": "Grid-4-25",
        "flood_km2": 0.0392,
        "flood_pct": 3.92,
        "zone_area_km2": 1.0,
        "population": 720.582,
        "people_affected": 28.2468,
        "facilities_hit": 0,
        "facilities_by_type": {},
        "road_cut_km": 0.0,
        "confidence": "Low",
        "confidence_score": 0.351,
        "reason": "Low: single-method detection (methods disagree); optical ML unavailable for zone",
        "conf_detail": {
          "agreement_ratio": 0.0,
          "terrain_penalty": 0.0,
          "time_penalty": 0.375,
          "margin_score": 0.629,
          "method_penalty": 0.15
        },
        "breakdown": {
          "severity": 0.0167,
          "people": 0.011,
          "facilities": 0.0,
          "roads": 0.0
        },
        "score": 0.0276,
        "rank": 400,
        "tier": "P3"
      },
      "geometry": {
        "type": "Polygon",
        "coordinates": [
          [
            [
              91.20649220131835,
              26.3243279084492
            ],
            [
              91.20635310237915,
              26.333352913894885
            ],
            [
              91.19633737650045,
              26.333227195324202
            ],
            [
              91.19647725114469,
              26.324202239474094
            ],
            [
              91.20649220131835,
              26.3243279084492
            ]
          ]
        ]
      }
    },
    {
      "id": "303",
      "type": "Feature",
      "properties": {
        "zone_id": "Grid-9-24",
        "name": "Grid-9-24",
        "flood_km2": 0.0224,
        "flood_pct": 2.24,
        "zone_area_km2": 1.0,
        "population": 2077.3645,
        "people_affected": 46.533,
        "facilities_hit": 0,
        "facilities_by_type": {},
        "road_cut_km": 0.0,
        "confidence": "Low",
        "confidence_score": 0.345,
        "reason": "Low: single-method detection (methods disagree); optical ML unavailable for zone",
        "conf_detail": {
          "agreement_ratio": 0.0,
          "terrain_penalty": 0.0,
          "time_penalty": 0.375,
          "margin_score": 0.598,
          "method_penalty": 0.15
        },
        "breakdown": {
          "severity": 0.0095,
          "people": 0.018,
          "facilities": 0.0,
          "roads": 0.0
        },
        "score": 0.0276,
        "rank": 401,
        "tier": "P3"
      },
      "geometry": {
        "type": "Polygon",
        "coordinates": [
          [
            [
              91.19717563180882,
              26.279077279491663
            ],
            [
              91.19703608794299,
              26.28810229557543
            ],
            [
              91.18702430303307,
              26.28797612701916
            ],
            [
              91.18716462074858,
              26.278951160769175
            ],
            [
              91.19717563180882,
              26.279077279491663
            ]
          ]
        ]
      }
    },
    {
      "id": "864",
      "type": "Feature",
      "properties": {
        "zone_id": "Grid-27-27",
        "name": "Grid-27-27",
        "flood_km2": 0.0256,
        "flood_pct": 2.56,
        "zone_area_km2": 1.0,
        "population": 1659.6036,
        "people_affected": 42.4859,
        "facilities_hit": 0,
        "facilities_by_type": {},
        "road_cut_km": 0.0,
        "confidence": "Low",
        "confidence_score": 0.354,
        "reason": "Low: single-method detection (methods disagree); optical ML unavailable for zone",
        "conf_detail": {
          "agreement_ratio": 0.0,
          "terrain_penalty": 0.0,
          "time_penalty": 0.375,
          "margin_score": 0.646,
          "method_penalty": 0.15
        },
        "breakdown": {
          "severity": 0.0109,
          "people": 0.0165,
          "facilities": 0.0,
          "roads": 0.0
        },
        "score": 0.0274,
        "rank": 402,
        "tier": "P3"
      },
      "geometry": {
        "type": "Polygon",
        "coordinates": [
          [
            [
              91.2296679670783,
              26.116996447530557
            ],
            [
              91.22953191140006,
              26.126021827263227
            ],
            [
              91.21953380379365,
              26.125898633429106
            ],
            [
              91.2196706268128,
              26.11687330257142
            ],
            [
              91.2296679670783,
              26.116996447530557
            ]
          ]
        ]
      }
    },
    {
      "id": "328",
      "type": "Feature",
      "properties": {
        "zone_id": "Grid-10-18",
        "name": "Grid-10-18",
        "flood_km2": 0.036,
        "flood_pct": 3.6,
        "zone_area_km2": 1.0,
        "population": 849.5229,
        "people_affected": 30.5828,
        "facilities_hit": 0,
        "facilities_by_type": {},
        "road_cut_km": 0.0,
        "confidence": "Low",
        "confidence_score": 0.34,
        "reason": "Low: single-method detection (methods disagree); optical ML unavailable for zone",
        "conf_detail": {
          "agreement_ratio": 0.0,
          "terrain_penalty": 0.0,
          "time_penalty": 0.375,
          "margin_score": 0.575,
          "method_penalty": 0.15
        },
        "breakdown": {
          "severity": 0.0153,
          "people": 0.0119,
          "facilities": 0.0,
          "roads": 0.0
        },
        "score": 0.0272,
        "rank": 403,
        "tier": "P3"
      },
      "geometry": {
        "type": "Polygon",
        "coordinates": [
          [
            [
              91.13725468794425,
              26.269285378550766
            ],
            [
              91.13711056960355,
              26.278310103582044
            ],
            [
              91.12709996276931,
              26.27817979955577
            ],
            [
              91.12724485445801,
              26.269155126003614
            ],
            [
              91.13725468794425,
              26.269285378550766
            ]
          ]
        ]
      }
    },
    {
      "id": "207",
      "type": "Feature",
      "properties": {
        "zone_id": "Grid-6-21",
        "name": "Grid-6-21",
        "flood_km2": 0.0268,
        "flood_pct": 2.68,
        "zone_area_km2": 1.0,
        "population": 1515.3481,
        "people_affected": 40.6113,
        "facilities_hit": 0,
        "facilities_by_type": {},
        "road_cut_km": 0.0,
        "confidence": "Low",
        "confidence_score": 0.357,
        "reason": "Low: single-method detection (methods disagree); optical ML unavailable for zone",
        "conf_detail": {
          "agreement_ratio": 0.0,
          "terrain_penalty": 0.0,
          "time_penalty": 0.375,
          "margin_score": 0.662,
          "method_penalty": 0.15
        },
        "breakdown": {
          "severity": 0.0114,
          "people": 0.0158,
          "facilities": 0.0,
          "roads": 0.0
        },
        "score": 0.0272,
        "rank": 404,
        "tier": "P3"
      },
      "geometry": {
        "type": "Polygon",
        "coordinates": [
          [
            [
              91.1667170006632,
              26.305771391630348
            ],
            [
              91.16657493361643,
              26.31479622118731
            ],
            [
              91.1565610256928,
              26.314667807044636
            ],
            [
              91.15670386762142,
              26.30564302817093
            ],
            [
              91.1667170006632,
              26.305771391630348
            ]
          ]
        ]
      }
    },
    {
      "id": "600",
      "type": "Feature",
      "properties": {
        "zone_id": "Grid-19-11",
        "name": "Grid-19-11",
        "flood_km2": 0.0484,
        "flood_pct": 4.84,
        "zone_area_km2": 1.0,
        "population": 343.5924,
        "people_affected": 16.6299,
        "facilities_hit": 0,
        "facilities_by_type": {},
        "road_cut_km": 0.0,
        "confidence": "Low",
        "confidence_score": 0.364,
        "reason": "Low: single-method detection (methods disagree); optical ML unavailable for zone",
        "conf_detail": {
          "agreement_ratio": 0.0,
          "terrain_penalty": 0.0,
          "time_penalty": 0.375,
          "margin_score": 0.695,
          "method_penalty": 0.15
        },
        "breakdown": {
          "severity": 0.0206,
          "people": 0.0064,
          "facilities": 0.0,
          "roads": 0.0
        },
        "score": 0.027,
        "rank": 405,
        "tier": "P3"
      },
      "geometry": {
        "type": "Polygon",
        "coordinates": [
          [
            [
              91.06852990486713,
              26.187139194184653
            ],
            [
              91.06838101015654,
              26.19616366217957
            ],
            [
              91.05837783707658,
              26.196028956507735
            ],
            [
              91.05852750168255,
              26.187004541847717
            ],
            [
              91.06852990486713,
              26.187139194184653
            ]
          ]
        ]
      }
    },
    {
      "id": "161",
      "type": "Feature",
      "properties": {
        "zone_id": "Grid-5-6",
        "name": "Grid-5-6",
        "flood_km2": 0.0132,
        "flood_pct": 1.32,
        "zone_area_km2": 1.0,
        "population": 4156.166,
        "people_affected": 54.8614,
        "facilities_hit": 0,
        "facilities_by_type": {},
        "road_cut_km": 0.0,
        "confidence": "Low",
        "confidence_score": 0.364,
        "reason": "Low: single-method detection (methods disagree); optical ML unavailable for zone",
        "conf_detail": {
          "agreement_ratio": 0.0,
          "terrain_penalty": 0.0,
          "time_penalty": 0.375,
          "margin_score": 0.694,
          "method_penalty": 0.15
        },
        "breakdown": {
          "severity": 0.0056,
          "people": 0.0213,
          "facilities": 0.0,
          "roads": 0.0
        },
        "score": 0.0269,
        "rank": 406,
        "tier": "P3"
      },
      "geometry": {
        "type": "Polygon",
        "coordinates": [
          [
            [
              91.01637358428934,
              26.312796659812864
            ],
            [
              91.01621982367529,
              26.321820687992023
            ],
            [
              91.00620619402422,
              26.32168174131354
            ],
            [
              91.00636072953345,
              26.31265776795945
            ],
            [
              91.01637358428934,
              26.312796659812864
            ]
          ]
        ]
      }
    },
    {
      "id": "148",
      "type": "Feature",
      "properties": {
        "zone_id": "Grid-4-24",
        "name": "Grid-4-24",
        "flood_km2": 0.0396,
        "flood_pct": 3.96,
        "zone_area_km2": 1.0,
        "population": 653.04,
        "people_affected": 25.8604,
        "facilities_hit": 0,
        "facilities_by_type": {},
        "road_cut_km": 0.0,
        "confidence": "Low",
        "confidence_score": 0.352,
        "reason": "Low: single-method detection (methods disagree); optical ML unavailable for zone",
        "conf_detail": {
          "agreement_ratio": 0.0,
          "terrain_penalty": 0.0,
          "time_penalty": 0.375,
          "margin_score": 0.636,
          "method_penalty": 0.15
        },
        "breakdown": {
          "severity": 0.0168,
          "people": 0.01,
          "facilities": 0.0,
          "roads": 0.0
        },
        "score": 0.0269,
        "rank": 407,
        "tier": "P3"
      },
      "geometry": {
        "type": "Polygon",
        "coordinates": [
          [
            [
              91.19647725114469,
              26.324202239474094
            ],
            [
              91.19633737650045,
              26.333227195324202
            ],
            [
              91.18632171684403,
              26.333100777486393
            ],
            [
              91.18646236717109,
              26.324075871507638
            ],
            [
              91.19647725114469,
              26.324202239474094
            ]
          ]
        ]
      }
    },
    {
      "id": "266",
      "type": "Feature",
      "properties": {
        "zone_id": "Grid-8-18",
        "name": "Grid-8-18",
        "flood_km2": 0.0312,
        "flood_pct": 3.12,
        "zone_area_km2": 1.0,
        "population": 1112.1134,
        "people_affected": 34.6979,
        "facilities_hit": 0,
        "facilities_by_type": {},
        "road_cut_km": 0.0,
        "confidence": "Low",
        "confidence_score": 0.351,
        "reason": "Low: single-method detection (methods disagree); optical ML unavailable for zone",
        "conf_detail": {
          "agreement_ratio": 0.0,
          "terrain_penalty": 0.0,
          "time_penalty": 0.375,
          "margin_score": 0.63,
          "method_penalty": 0.15
        },
        "breakdown": {
          "severity": 0.0133,
          "people": 0.0135,
          "facilities": 0.0,
          "roads": 0.0
        },
        "score": 0.0267,
        "rank": 408,
        "tier": "P3"
      },
      "geometry": {
        "type": "Polygon",
        "coordinates": [
          [
            [
              91.13696638297633,
              26.28733481653025
            ],
            [
              91.13682212803968,
              26.29635951739228
            ],
            [
              91.12680997341079,
              26.29622911038452
            ],
            [
              91.1269550024279,
              26.287204461017115
            ],
            [
              91.13696638297633,
              26.28733481653025
            ]
          ]
        ]
      }
    },
    {
      "id": "524",
      "type": "Feature",
      "properties": {
        "zone_id": "Grid-16-28",
        "name": "Grid-16-28",
        "flood_km2": 0.0444,
        "flood_pct": 4.44,
        "zone_area_km2": 1.0,
        "population": 446.8091,
        "people_affected": 19.8383,
        "facilities_hit": 0,
        "facilities_by_type": {},
        "road_cut_km": 0.0,
        "confidence": "Low",
        "confidence_score": 0.374,
        "reason": "Low: single-method detection (methods disagree); optical ML unavailable for zone",
        "conf_detail": {
          "agreement_ratio": 0.0,
          "terrain_penalty": 0.0,
          "time_penalty": 0.375,
          "margin_score": 0.745,
          "method_penalty": 0.15
        },
        "breakdown": {
          "severity": 0.0189,
          "people": 0.0077,
          "facilities": 0.0,
          "roads": 0.0
        },
        "score": 0.0266,
        "rank": 409,
        "tier": "P3"
      },
      "geometry": {
        "type": "Polygon",
        "coordinates": [
          [
            [
              91.23817366274703,
              26.21639795338263
            ],
            [
              91.23803766641385,
              26.225423250036314
            ],
            [
              91.22803102913136,
              26.225300214107442
            ],
            [
              91.2281677968404,
              26.216274966134055
            ],
            [
              91.23817366274703,
              26.21639795338263
            ]
          ]
        ]
      }
    },
    {
      "id": "112",
      "type": "Feature",
      "properties": {
        "zone_id": "Grid-3-19",
        "name": "Grid-3-19",
        "flood_km2": 0.0408,
        "flood_pct": 4.08,
        "zone_area_km2": 1.0,
        "population": 557.2426,
        "people_affected": 22.7355,
        "facilities_hit": 0,
        "facilities_by_type": {},
        "road_cut_km": 0.0,
        "confidence": "Low",
        "confidence_score": 0.351,
        "reason": "Low: single-method detection (methods disagree); optical ML unavailable for zone",
        "conf_detail": {
          "agreement_ratio": 0.0,
          "terrain_penalty": 0.0,
          "time_penalty": 0.375,
          "margin_score": 0.63,
          "method_penalty": 0.15
        },
        "breakdown": {
          "severity": 0.0174,
          "people": 0.0088,
          "facilities": 0.0,
          "roads": 0.0
        },
        "score": 0.0262,
        "rank": 410,
        "tier": "P3"
      },
      "geometry": {
        "type": "Polygon",
        "coordinates": [
          [
            [
              91.14625974778106,
              26.33258811382097
            ],
            [
              91.14611592689032,
              26.341612805462987
            ],
            [
              91.13609982791328,
              26.341482840300458
            ],
            [
              91.1362444247408,
              26.332458199916143
            ],
            [
              91.14625974778106,
              26.33258811382097
            ]
          ]
        ]
      }
    },
    {
      "id": "225",
      "type": "Feature",
      "properties": {
        "zone_id": "Grid-7-8",
        "name": "Grid-7-8",
        "flood_km2": 0.0336,
        "flood_pct": 3.36,
        "zone_area_km2": 1.0,
        "population": 896.0477,
        "people_affected": 30.1072,
        "facilities_hit": 0,
        "facilities_by_type": {},
        "road_cut_km": 0.0,
        "confidence": "Low",
        "confidence_score": 0.357,
        "reason": "Low: single-method detection (methods disagree); optical ML unavailable for zone",
        "conf_detail": {
          "agreement_ratio": 0.0,
          "terrain_penalty": 0.0,
          "time_penalty": 0.375,
          "margin_score": 0.659,
          "method_penalty": 0.15
        },
        "breakdown": {
          "severity": 0.0143,
          "people": 0.0117,
          "facilities": 0.0,
          "roads": 0.0
        },
        "score": 0.026,
        "rank": 411,
        "tier": "P3"
      },
      "geometry": {
        "type": "Polygon",
        "coordinates": [
          [
            [
              91.03670371715889,
              26.295024037829684
            ],
            [
              91.03655165047242,
              26.30404819917929
            ],
            [
              91.02653942510617,
              26.303910758373267
            ],
            [
              91.02669226600364,
              26.294886651281285
            ],
            [
              91.03670371715889,
              26.295024037829684
            ]
          ]
        ]
      }
    },
    {
      "id": "583",
      "type": "Feature",
      "properties": {
        "zone_id": "Grid-18-25",
        "name": "Grid-18-25",
        "flood_km2": 0.058,
        "flood_pct": 5.8,
        "zone_area_km2": 1.0,
        "population": 56.4589,
        "people_affected": 3.2746,
        "facilities_hit": 0,
        "facilities_by_type": {},
        "road_cut_km": 0.0,
        "confidence": "Low",
        "confidence_score": 0.339,
        "reason": "Low: single-method detection (methods disagree); optical ML unavailable for zone",
        "conf_detail": {
          "agreement_ratio": 0.0,
          "terrain_penalty": 0.0,
          "time_penalty": 0.375,
          "margin_score": 0.568,
          "method_penalty": 0.15
        },
        "breakdown": {
          "severity": 0.0247,
          "people": 0.0013,
          "facilities": 0.0,
          "roads": 0.0
        },
        "score": 0.0259,
        "rank": 412,
        "tier": "P3"
      },
      "geometry": {
        "type": "Polygon",
        "coordinates": [
          [
            [
              91.20843268401296,
              26.19797656884465
            ],
            [
              91.20829450473367,
              26.20700174264515
            ],
            [
              91.19828960538301,
              26.20687671773362
            ],
            [
              91.19842855524202,
              26.197851593424378
            ],
            [
              91.20843268401296,
              26.19797656884465
            ]
          ]
        ]
      }
    },
    {
      "id": "863",
      "type": "Feature",
      "properties": {
        "zone_id": "Grid-27-26",
        "name": "Grid-27-26",
        "flood_km2": 0.0244,
        "flood_pct": 2.44,
        "zone_area_km2": 1.0,
        "population": 1636.1877,
        "people_affected": 39.923,
        "facilities_hit": 0,
        "facilities_by_type": {},
        "road_cut_km": 0.0,
        "confidence": "Low",
        "confidence_score": 0.361,
        "reason": "Low: single-method detection (methods disagree); optical ML unavailable for zone",
        "conf_detail": {
          "agreement_ratio": 0.0,
          "terrain_penalty": 0.0,
          "time_penalty": 0.375,
          "margin_score": 0.68,
          "method_penalty": 0.15
        },
        "breakdown": {
          "severity": 0.0104,
          "people": 0.0155,
          "facilities": 0.0,
          "roads": 0.0
        },
        "score": 0.0259,
        "rank": 413,
        "tier": "P3"
      },
      "geometry": {
        "type": "Polygon",
        "coordinates": [
          [
            [
              91.2196706268128,
              26.11687330257142
            ],
            [
              91.21953380379365,
              26.125898633429106
            ],
            [
              91.20953576117364,
              26.125774746624877
            ],
            [
              91.20967335151205,
              26.116749464917014
            ],
            [
              91.2196706268128,
              26.11687330257142
            ]
          ]
        ]
      }
    },
    {
      "id": "241",
      "type": "Feature",
      "properties": {
        "zone_id": "Grid-7-24",
        "name": "Grid-7-24",
        "flood_km2": 0.0308,
        "flood_pct": 3.08,
        "zone_area_km2": 1.0,
        "population": 1061.3445,
        "people_affected": 32.6894,
        "facilities_hit": 0,
        "facilities_by_type": {},
        "road_cut_km": 0.0,
        "confidence": "Low",
        "confidence_score": 0.351,
        "reason": "Low: single-method detection (methods disagree); optical ML unavailable for zone",
        "conf_detail": {
          "agreement_ratio": 0.0,
          "terrain_penalty": 0.0,
          "time_penalty": 0.375,
          "margin_score": 0.63,
          "method_penalty": 0.15
        },
        "breakdown": {
          "severity": 0.0131,
          "people": 0.0127,
          "facilities": 0.0,
          "roads": 0.0
        },
        "score": 0.0258,
        "rank": 414,
        "tier": "P3"
      },
      "geometry": {
        "type": "Polygon",
        "coordinates": [
          [
            [
              91.19689647796582,
              26.29712729961865
            ],
            [
              91.19675680185517,
              26.306152291618236
            ],
            [
              91.18674346814669,
              26.306026023371892
            ],
            [
              91.18688391883987,
              26.2970010812211
            ],
            [
              91.19689647796582,
              26.29712729961865
            ]
          ]
        ]
      }
    },
    {
      "id": "554",
      "type": "Feature",
      "properties": {
        "zone_id": "Grid-17-27",
        "name": "Grid-17-27",
        "flood_km2": 0.0524,
        "flood_pct": 5.24,
        "zone_area_km2": 1.0,
        "population": 165.7822,
        "people_affected": 8.687,
        "facilities_hit": 0,
        "facilities_by_type": {},
        "road_cut_km": 0.0,
        "confidence": "Low",
        "confidence_score": 0.351,
        "reason": "Low: single-method detection (methods disagree); optical ML unavailable for zone",
        "conf_detail": {
          "agreement_ratio": 0.0,
          "terrain_penalty": 0.0,
          "time_penalty": 0.375,
          "margin_score": 0.632,
          "method_penalty": 0.15
        },
        "breakdown": {
          "severity": 0.0223,
          "people": 0.0034,
          "facilities": 0.0,
          "roads": 0.0
        },
        "score": 0.0257,
        "rank": 415,
        "tier": "P3"
      },
      "geometry": {
        "type": "Polygon",
        "coordinates": [
          [
            [
              91.22830449971121,
              26.207249706167083
            ],
            [
              91.2281677968404,
              26.216274966134055
            ],
            [
              91.21816199577196,
              26.216151283147532
            ],
            [
              91.2182994696315,
              26.20712607212879
            ],
            [
              91.22830449971121,
              26.207249706167083
            ]
          ]
        ]
      }
    },
    {
      "id": "662",
      "type": "Feature",
      "properties": {
        "zone_id": "Grid-21-11",
        "name": "Grid-21-11",
        "flood_km2": 0.04,
        "flood_pct": 4.0,
        "zone_area_km2": 1.0,
        "population": 556.9202,
        "people_affected": 22.2768,
        "facilities_hit": 0,
        "facilities_by_type": {},
        "road_cut_km": 0.0,
        "confidence": "Low",
        "confidence_score": 0.334,
        "reason": "Low: single-method detection (methods disagree); optical ML unavailable for zone",
        "conf_detail": {
          "agreement_ratio": 0.0,
          "terrain_penalty": 0.0,
          "time_penalty": 0.375,
          "margin_score": 0.547,
          "method_penalty": 0.15
        },
        "breakdown": {
          "severity": 0.017,
          "people": 0.0086,
          "facilities": 0.0,
          "roads": 0.0
        },
        "score": 0.0257,
        "rank": 416,
        "tier": "P3"
      },
      "geometry": {
        "type": "Polygon",
        "coordinates": [
          [
            [
              91.06882748247335,
              26.16909022187822
            ],
            [
              91.06867872896488,
              26.17811471408315
            ],
            [
              91.05867709531083,
              26.17798011507312
            ],
            [
              91.05882661798508,
              26.16895567618711
            ],
            [
              91.06882748247335,
              26.16909022187822
            ]
          ]
        ]
      }
    },
    {
      "id": "65",
      "type": "Feature",
      "properties": {
        "zone_id": "Grid-2-3",
        "name": "Grid-2-3",
        "flood_km2": 0.032,
        "flood_pct": 3.2,
        "zone_area_km2": 1.0,
        "population": 970.3572,
        "people_affected": 31.0514,
        "facilities_hit": 0,
        "facilities_by_type": {},
        "road_cut_km": 0.0,
        "confidence": "Low",
        "confidence_score": 0.348,
        "reason": "Low: single-method detection (methods disagree); optical ML unavailable for zone",
        "conf_detail": {
          "agreement_ratio": 0.0,
          "terrain_penalty": 0.0,
          "time_penalty": 0.375,
          "margin_score": 0.617,
          "method_penalty": 0.15
        },
        "breakdown": {
          "severity": 0.0136,
          "people": 0.012,
          "facilities": 0.0,
          "roads": 0.0
        },
        "score": 0.0257,
        "rank": 417,
        "tier": "P3"
      },
      "geometry": {
        "type": "Polygon",
        "coordinates": [
          [
            [
              90.98586676241266,
              26.339449441157782
            ],
            [
              90.98571045540848,
              26.348473267366952
            ],
            [
              90.97569471969817,
              26.348332057830813
            ],
            [
              90.97585180262355,
              26.33930828729848
            ],
            [
              90.98586676241266,
              26.339449441157782
            ]
          ]
        ]
      }
    },
    {
      "id": "592",
      "type": "Feature",
      "properties": {
        "zone_id": "Grid-19-3",
        "name": "Grid-19-3",
        "flood_km2": 0.0432,
        "flood_pct": 4.32,
        "zone_area_km2": 1.0,
        "population": 431.8013,
        "people_affected": 18.6538,
        "facilities_hit": 0,
        "facilities_by_type": {},
        "road_cut_km": 0.0,
        "confidence": "Low",
        "confidence_score": 0.348,
        "reason": "Low: single-method detection (methods disagree); optical ML unavailable for zone",
        "conf_detail": {
          "agreement_ratio": 0.0,
          "terrain_penalty": 0.0,
          "time_penalty": 0.375,
          "margin_score": 0.616,
          "method_penalty": 0.15
        },
        "breakdown": {
          "severity": 0.0184,
          "people": 0.0072,
          "facilities": 0.0,
          "roads": 0.0
        },
        "score": 0.0256,
        "rank": 418,
        "tier": "P3"
      },
      "geometry": {
        "type": "Polygon",
        "coordinates": [
          [
            [
              90.98851268719561,
              26.186042527638346
            ],
            [
              90.98835763399273,
              26.19506656125441
            ],
            [
              90.9783550391419,
              26.19492629708541
            ],
            [
              90.97851086204707,
              26.185902319004036
            ],
            [
              90.98851268719561,
              26.186042527638346
            ]
          ]
        ]
      }
    },
    {
      "id": "707",
      "type": "Feature",
      "properties": {
        "zone_id": "Grid-22-25",
        "name": "Grid-22-25",
        "flood_km2": 0.0532,
        "flood_pct": 5.32,
        "zone_area_km2": 1.0,
        "population": 139.915,
        "people_affected": 7.4435,
        "facilities_hit": 0,
        "facilities_by_type": {},
        "road_cut_km": 0.0,
        "confidence": "Low",
        "confidence_score": 0.358,
        "reason": "Low: single-method detection (methods disagree); optical ML unavailable for zone",
        "conf_detail": {
          "agreement_ratio": 0.0,
          "terrain_penalty": 0.0,
          "time_penalty": 0.375,
          "margin_score": 0.666,
          "method_penalty": 0.15
        },
        "breakdown": {
          "severity": 0.0226,
          "people": 0.0029,
          "facilities": 0.0,
          "roads": 0.0
        },
        "score": 0.0255,
        "rank": 419,
        "tier": "P3"
      },
      "geometry": {
        "type": "Polygon",
        "coordinates": [
          [
            [
              91.20898474609606,
              26.16187575365244
            ],
            [
              91.20884682878665,
              26.170900975442816
            ],
            [
              91.19884500956427,
              26.170776148451832
            ],
            [
              91.19898369599342,
              26.16175097612306
            ],
            [
              91.20898474609606,
              26.16187575365244
            ]
          ]
        ]
      }
    },
    {
      "id": "15",
      "type": "Feature",
      "properties": {
        "zone_id": "Grid-0-15",
        "name": "Grid-0-15",
        "flood_km2": 0.028,
        "flood_pct": 2.8,
        "zone_area_km2": 1.0,
        "population": 1213.0764,
        "people_affected": 33.9661,
        "facilities_hit": 0,
        "facilities_by_type": {},
        "road_cut_km": 0.0,
        "confidence": "Low",
        "confidence_score": 0.337,
        "reason": "Low: single-method detection (methods disagree); optical ML unavailable for zone",
        "conf_detail": {
          "agreement_ratio": 0.0,
          "terrain_penalty": 0.0,
          "time_penalty": 0.375,
          "margin_score": 0.561,
          "method_penalty": 0.15
        },
        "breakdown": {
          "severity": 0.0119,
          "people": 0.0132,
          "facilities": 0.0,
          "roads": 0.0
        },
        "score": 0.0251,
        "rank": 420,
        "tier": "P3"
      },
      "geometry": {
        "type": "Polygon",
        "coordinates": [
          [
            [
              91.1057578854659,
              26.359137681803382
            ],
            [
              91.10561075225205,
              26.368162130365757
            ],
            [
              91.09559259953046,
              26.36802921044558
            ],
            [
              91.09574050968979,
              26.359004814267525
            ],
            [
              91.1057578854659,
              26.359137681803382
            ]
          ]
        ]
      }
    },
    {
      "id": "798",
      "type": "Feature",
      "properties": {
        "zone_id": "Grid-25-23",
        "name": "Grid-25-23",
        "flood_km2": 0.022,
        "flood_pct": 2.2,
        "zone_area_km2": 1.0,
        "population": 1824.3398,
        "people_affected": 40.1355,
        "facilities_hit": 0,
        "facilities_by_type": {},
        "road_cut_km": 0.0,
        "confidence": "Low",
        "confidence_score": 0.373,
        "reason": "Low: single-method detection (methods disagree); optical ML unavailable for zone",
        "conf_detail": {
          "agreement_ratio": 0.0,
          "terrain_penalty": 0.0,
          "time_penalty": 0.375,
          "margin_score": 0.741,
          "method_penalty": 0.15
        },
        "breakdown": {
          "severity": 0.0094,
          "people": 0.0156,
          "facilities": 0.0,
          "roads": 0.0
        },
        "score": 0.0249,
        "rank": 421,
        "tier": "P3"
      },
      "geometry": {
        "type": "Polygon",
        "coordinates": [
          [
            [
              91.1894006813591,
              26.134550064767435
            ],
            [
              91.18926142426758,
              26.143575223363932
            ],
            [
              91.17926204319215,
              26.143449157783184
            ],
            [
              91.17940206826573,
              26.13442404917586
            ],
            [
              91.1894006813591,
              26.134550064767435
            ]
          ]
        ]
      }
    },
    {
      "id": "99",
      "type": "Feature",
      "properties": {
        "zone_id": "Grid-3-6",
        "name": "Grid-3-6",
        "flood_km2": 0.0152,
        "flood_pct": 1.52,
        "zone_area_km2": 1.0,
        "population": 3123.4751,
        "people_affected": 47.4768,
        "facilities_hit": 0,
        "facilities_by_type": {},
        "road_cut_km": 0.0,
        "confidence": "Low",
        "confidence_score": 0.339,
        "reason": "Low: single-method detection (methods disagree); optical ML unavailable for zone",
        "conf_detail": {
          "agreement_ratio": 0.0,
          "terrain_penalty": 0.0,
          "time_penalty": 0.375,
          "margin_score": 0.572,
          "method_penalty": 0.15
        },
        "breakdown": {
          "severity": 0.0065,
          "people": 0.0184,
          "facilities": 0.0,
          "roads": 0.0
        },
        "score": 0.0249,
        "rank": 422,
        "tier": "P3"
      },
      "geometry": {
        "type": "Polygon",
        "coordinates": [
          [
            [
              91.01606599025969,
              26.33084470397657
            ],
            [
              91.01591208401814,
              26.339868707763323
            ],
            [
              91.00589690347677,
              26.339729651409893
            ],
            [
              91.00605158534684,
              26.330705702464748
            ],
            [
              91.01606599025969,
              26.33084470397657
            ]
          ]
        ]
      }
    },
    {
      "id": "459",
      "type": "Feature",
      "properties": {
        "zone_id": "Grid-14-25",
        "name": "Grid-14-25",
        "flood_km2": 0.0224,
        "flood_pct": 2.24,
        "zone_area_km2": 1.0,
        "population": 1766.4539,
        "people_affected": 39.5686,
        "facilities_hit": 0,
        "facilities_by_type": {},
        "road_cut_km": 0.0,
        "confidence": "Low",
        "confidence_score": 0.341,
        "reason": "Low: single-method detection (methods disagree); optical ML unavailable for zone",
        "conf_detail": {
          "agreement_ratio": 0.0,
          "terrain_penalty": 0.0,
          "time_penalty": 0.375,
          "margin_score": 0.578,
          "method_penalty": 0.15
        },
        "breakdown": {
          "severity": 0.0095,
          "people": 0.0153,
          "facilities": 0.0,
          "roads": 0.0
        },
        "score": 0.0249,
        "rank": 423,
        "tier": "P3"
      },
      "geometry": {
        "type": "Polygon",
        "coordinates": [
          [
            [
              91.20787957352505,
              26.234077192002932
            ],
            [
              91.20774113192549,
              26.243102317763952
            ],
            [
              91.19773314660176,
              26.24297709481308
            ],
            [
              91.19787236024295,
              26.233952018573042
            ],
            [
              91.20787957352505,
              26.234077192002932
            ]
          ]
        ]
      }
    },
    {
      "id": "196",
      "type": "Feature",
      "properties": {
        "zone_id": "Grid-6-10",
        "name": "Grid-6-10",
        "flood_km2": 0.0304,
        "flood_pct": 3.04,
        "zone_area_km2": 1.0,
        "population": 1004.9399,
        "people_affected": 30.5502,
        "facilities_hit": 0,
        "facilities_by_type": {},
        "road_cut_km": 0.0,
        "confidence": "Low",
        "confidence_score": 0.344,
        "reason": "Low: single-method detection (methods disagree); optical ML unavailable for zone",
        "conf_detail": {
          "agreement_ratio": 0.0,
          "terrain_penalty": 0.0,
          "time_penalty": 0.375,
          "margin_score": 0.595,
          "method_penalty": 0.15
        },
        "breakdown": {
          "severity": 0.0129,
          "people": 0.0118,
          "facilities": 0.0,
          "roads": 0.0
        },
        "score": 0.0248,
        "rank": 424,
        "tier": "P3"
      },
      "geometry": {
        "type": "Polygon",
        "coordinates": [
          [
            [
              91.05657631689836,
              26.304320986339224
            ],
            [
              91.05642572741905,
              26.313345243221942
            ],
            [
              91.04641258375372,
              26.313209145008997
            ],
            [
              91.04656394785862,
              26.304184941841015
            ],
            [
              91.05657631689836,
              26.304320986339224
            ]
          ]
        ]
      }
    },
    {
      "id": "593",
      "type": "Feature",
      "properties": {
        "zone_id": "Grid-19-4",
        "name": "Grid-19-4",
        "flood_km2": 0.0496,
        "flood_pct": 4.96,
        "zone_area_km2": 1.0,
        "population": 180.7498,
        "people_affected": 8.9652,
        "facilities_hit": 0,
        "facilities_by_type": {},
        "road_cut_km": 0.0,
        "confidence": "Low",
        "confidence_score": 0.365,
        "reason": "Low: single-method detection (methods disagree); optical ML unavailable for zone",
        "conf_detail": {
          "agreement_ratio": 0.0,
          "terrain_penalty": 0.0,
          "time_penalty": 0.375,
          "margin_score": 0.698,
          "method_penalty": 0.15
        },
        "breakdown": {
          "severity": 0.0211,
          "people": 0.0035,
          "facilities": 0.0,
          "roads": 0.0
        },
        "score": 0.0246,
        "rank": 425,
        "tier": "P3"
      },
      "geometry": {
        "type": "Polygon",
        "coordinates": [
          [
            [
              90.99851458587537,
              26.186182041803335
            ],
            [
              90.99836030239932,
              26.19520613067914
            ],
            [
              90.98835763399273,
              26.19506656125441
            ],
            [
              90.98851268719561,
              26.186042527638346
            ],
            [
              90.99851458587537,
              26.186182041803335
            ]
          ]
        ]
      }
    },
    {
      "id": "223",
      "type": "Feature",
      "properties": {
        "zone_id": "Grid-7-6",
        "name": "Grid-7-6",
        "flood_km2": 0.0296,
        "flood_pct": 2.96,
        "zone_area_km2": 1.0,
        "population": 1023.7303,
        "people_affected": 30.3024,
        "facilities_hit": 0,
        "facilities_by_type": {},
        "road_cut_km": 0.0,
        "confidence": "Low",
        "confidence_score": 0.329,
        "reason": "Low: single-method detection (methods disagree); optical ML unavailable for zone",
        "conf_detail": {
          "agreement_ratio": 0.0,
          "terrain_penalty": 0.0,
          "time_penalty": 0.375,
          "margin_score": 0.518,
          "method_penalty": 0.15
        },
        "breakdown": {
          "severity": 0.0126,
          "people": 0.0118,
          "facilities": 0.0,
          "roads": 0.0
        },
        "score": 0.0243,
        "rank": 426,
        "tier": "P3"
      },
      "geometry": {
        "type": "Polygon",
        "coordinates": [
          [
            [
              91.01668088721047,
              26.294748566883364
            ],
            [
              91.01652727212627,
              26.30377261944225
            ],
            [
              91.00651519189908,
              26.303633782405658
            ],
            [
              91.00666958114564,
              26.29460978465533
            ],
            [
              91.01668088721047,
              26.294748566883364
            ]
          ]
        ]
      }
    },
    {
      "id": "108",
      "type": "Feature",
      "properties": {
        "zone_id": "Grid-3-15",
        "name": "Grid-3-15",
        "flood_km2": 0.028,
        "flood_pct": 2.8,
        "zone_area_km2": 1.0,
        "population": 1134.4473,
        "people_affected": 31.7645,
        "facilities_hit": 0,
        "facilities_by_type": {},
        "road_cut_km": 0.0,
        "confidence": "Low",
        "confidence_score": 0.334,
        "reason": "Low: single-method detection (methods disagree); optical ML unavailable for zone",
        "conf_detail": {
          "agreement_ratio": 0.0,
          "terrain_penalty": 0.0,
          "time_penalty": 0.375,
          "margin_score": 0.543,
          "method_penalty": 0.15
        },
        "breakdown": {
          "severity": 0.0119,
          "people": 0.0123,
          "facilities": 0.0,
          "roads": 0.0
        },
        "score": 0.0242,
        "rank": 427,
        "tier": "P3"
      },
      "geometry": {
        "type": "Polygon",
        "coordinates": [
          [
            [
              91.10619886763197,
              26.332064263321136
            ],
            [
              91.10605194313248,
              26.341088748277944
            ],
            [
              91.09603612014573,
              26.340955985487025
            ],
            [
              91.09618382048933,
              26.331931552890826
            ],
            [
              91.10619886763197,
              26.332064263321136
            ]
          ]
        ]
      }
    },
    {
      "id": "820",
      "type": "Feature",
      "properties": {
        "zone_id": "Grid-26-14",
        "name": "Grid-26-14",
        "flood_km2": 0.0336,
        "flood_pct": 3.36,
        "zone_area_km2": 1.0,
        "population": 710.7115,
        "people_affected": 23.8799,
        "facilities_hit": 0,
        "facilities_by_type": {},
        "road_cut_km": 0.0,
        "confidence": "Low",
        "confidence_score": 0.334,
        "reason": "Low: single-method detection (methods disagree); optical ML unavailable for zone",
        "conf_detail": {
          "agreement_ratio": 0.0,
          "terrain_penalty": 0.0,
          "time_penalty": 0.375,
          "margin_score": 0.543,
          "method_penalty": 0.15
        },
        "breakdown": {
          "severity": 0.0143,
          "people": 0.0093,
          "facilities": 0.0,
          "roads": 0.0
        },
        "score": 0.0236,
        "rank": 428,
        "tier": "P3"
      },
      "geometry": {
        "type": "Polygon",
        "coordinates": [
          [
            [
              91.0995616856112,
              26.124366260791
            ],
            [
              91.09941558686843,
              26.13339097165433
            ],
            [
              91.08941758507599,
              26.133258718137224
            ],
            [
              91.08956445123283,
              26.124234059728728
            ],
            [
              91.0995616856112,
              26.124366260791
            ]
          ]
        ]
      }
    },
    {
      "id": "59",
      "type": "Feature",
      "properties": {
        "zone_id": "Grid-1-28",
        "name": "Grid-1-28",
        "flood_km2": 0.0352,
        "flood_pct": 3.52,
        "zone_area_km2": 1.0,
        "population": 625.4307,
        "people_affected": 22.0152,
        "facilities_hit": 0,
        "facilities_by_type": {},
        "road_cut_km": 0.0,
        "confidence": "Low",
        "confidence_score": 0.352,
        "reason": "Low: single-method detection (methods disagree); optical ML unavailable for zone",
        "conf_detail": {
          "agreement_ratio": 0.0,
          "terrain_penalty": 0.0,
          "time_penalty": 0.375,
          "margin_score": 0.636,
          "method_penalty": 0.15
        },
        "breakdown": {
          "severity": 0.015,
          "people": 0.0085,
          "facilities": 0.0,
          "roads": 0.0
        },
        "score": 0.0235,
        "rank": 429,
        "tier": "P3"
      },
      "geometry": {
        "type": "Polygon",
        "coordinates": [
          [
            [
              91.23612693601055,
              26.351776142901617
            ],
            [
              91.23598996999083,
              26.360801259391245
            ],
            [
              91.22597171813167,
              26.360677492378567
            ],
            [
              91.22610946102391,
              26.3516524246793
            ],
            [
              91.23612693601055,
              26.351776142901617
            ]
          ]
        ]
      }
    },
    {
      "id": "122",
      "type": "Feature",
      "properties": {
        "zone_id": "Grid-3-29",
        "name": "Grid-3-29",
        "flood_km2": 0.0336,
        "flood_pct": 3.36,
        "zone_area_km2": 1.0,
        "population": 688.6743,
        "people_affected": 23.1395,
        "facilities_hit": 0,
        "facilities_by_type": {},
        "road_cut_km": 0.0,
        "confidence": "Low",
        "confidence_score": 0.355,
        "reason": "Low: single-method detection (methods disagree); optical ML unavailable for zone",
        "conf_detail": {
          "agreement_ratio": 0.0,
          "terrain_penalty": 0.0,
          "time_penalty": 0.375,
          "margin_score": 0.648,
          "method_penalty": 0.15
        },
        "breakdown": {
          "severity": 0.0143,
          "people": 0.009,
          "facilities": 0.0,
          "roads": 0.0
        },
        "score": 0.0233,
        "rank": 430,
        "tier": "P3"
      },
      "geometry": {
        "type": "Polygon",
        "coordinates": [
          [
            [
              91.24641666077638,
              26.333848795154474
            ],
            [
              91.24628060048997,
              26.342873984205788
            ],
            [
              91.23626383723261,
              26.34275101437951
            ],
            [
              91.23640067367879,
              26.33372587382801
            ],
            [
              91.24641666077638,
              26.333848795154474
            ]
          ]
        ]
      }
    },
    {
      "id": "279",
      "type": "Feature",
      "properties": {
        "zone_id": "Grid-9-0",
        "name": "Grid-9-0",
        "flood_km2": 0.034,
        "flood_pct": 3.4,
        "zone_area_km2": 1.0,
        "population": 650.9923,
        "people_affected": 22.1337,
        "facilities_hit": 0,
        "facilities_by_type": {},
        "road_cut_km": 0.0,
        "confidence": "Low",
        "confidence_score": 0.329,
        "reason": "Low: single-method detection (methods disagree); optical ML unavailable for zone",
        "conf_detail": {
          "agreement_ratio": 0.0,
          "terrain_penalty": 0.0,
          "time_penalty": 0.375,
          "margin_score": 0.521,
          "method_penalty": 0.15
        },
        "breakdown": {
          "severity": 0.0145,
          "people": 0.0086,
          "facilities": 0.0,
          "roads": 0.0
        },
        "score": 0.023,
        "rank": 431,
        "tier": "P3"
      },
      "geometry": {
        "type": "Polygon",
        "coordinates": [
          [
            [
              90.95693044918916,
              26.275857930894887
            ],
            [
              90.9567723393268,
              26.28488167493808
            ],
            [
              90.94676225096961,
              26.284738762594856
            ],
            [
              90.94692113411328,
              26.275715074995798
            ],
            [
              90.95693044918916,
              26.275857930894887
            ]
          ]
        ]
      }
    },
    {
      "id": "184",
      "type": "Feature",
      "properties": {
        "zone_id": "Grid-5-29",
        "name": "Grid-5-29",
        "flood_km2": 0.0344,
        "flood_pct": 3.44,
        "zone_area_km2": 1.0,
        "population": 629.311,
        "people_affected": 21.6483,
        "facilities_hit": 0,
        "facilities_by_type": {},
        "road_cut_km": 0.0,
        "confidence": "Low",
        "confidence_score": 0.349,
        "reason": "Low: single-method detection (methods disagree); optical ML unavailable for zone",
        "conf_detail": {
          "agreement_ratio": 0.0,
          "terrain_penalty": 0.0,
          "time_penalty": 0.375,
          "margin_score": 0.618,
          "method_penalty": 0.15
        },
        "breakdown": {
          "severity": 0.0146,
          "people": 0.0084,
          "facilities": 0.0,
          "roads": 0.0
        },
        "score": 0.023,
        "rank": 432,
        "tier": "P3"
      },
      "geometry": {
        "type": "Polygon",
        "coordinates": [
          [
            [
              91.24668858820954,
              26.31579838099788
            ],
            [
              91.24655265667569,
              26.324823594084148
            ],
            [
              91.2365374453708,
              26.324700721250164
            ],
            [
              91.2366741523304,
              26.315675556649076
            ],
            [
              91.24668858820954,
              26.31579838099788
            ]
          ]
        ]
      }
    },
    {
      "id": "186",
      "type": "Feature",
      "properties": {
        "zone_id": "Grid-6-0",
        "name": "Grid-6-0",
        "flood_km2": 0.0332,
        "flood_pct": 3.32,
        "zone_area_km2": 1.0,
        "population": 670.55,
        "people_affected": 22.2623,
        "facilities_hit": 0,
        "facilities_by_type": {},
        "road_cut_km": 0.0,
        "confidence": "Low",
        "confidence_score": 0.352,
        "reason": "Low: single-method detection (methods disagree); optical ML unavailable for zone",
        "conf_detail": {
          "agreement_ratio": 0.0,
          "terrain_penalty": 0.0,
          "time_penalty": 0.375,
          "margin_score": 0.634,
          "method_penalty": 0.15
        },
        "breakdown": {
          "severity": 0.0141,
          "people": 0.0086,
          "facilities": 0.0,
          "roads": 0.0
        },
        "score": 0.0228,
        "rank": 433,
        "tier": "P3"
      },
      "geometry": {
        "type": "Polygon",
        "coordinates": [
          [
            [
              90.95645589487582,
              26.302929126325182
            ],
            [
              90.95629756023696,
              26.31195283366268
            ],
            [
              90.94628514983927,
              26.311809751936053
            ],
            [
              90.94644425885784,
              26.30278610106819
            ],
            [
              90.95645589487582,
              26.302929126325182
            ]
          ]
        ]
      }
    },
    {
      "id": "221",
      "type": "Feature",
      "properties": {
        "zone_id": "Grid-7-4",
        "name": "Grid-7-4",
        "flood_km2": 0.0332,
        "flood_pct": 3.32,
        "zone_area_km2": 1.0,
        "population": 666.9844,
        "people_affected": 22.1439,
        "facilities_hit": 0,
        "facilities_by_type": {},
        "road_cut_km": 0.0,
        "confidence": "Low",
        "confidence_score": 0.328,
        "reason": "Low: single-method detection (methods disagree); optical ML unavailable for zone",
        "conf_detail": {
          "agreement_ratio": 0.0,
          "terrain_penalty": 0.0,
          "time_penalty": 0.375,
          "margin_score": 0.517,
          "method_penalty": 0.15
        },
        "breakdown": {
          "severity": 0.0141,
          "people": 0.0086,
          "facilities": 0.0,
          "roads": 0.0
        },
        "score": 0.0227,
        "rank": 434,
        "tier": "P3"
      },
      "geometry": {
        "type": "Polygon",
        "coordinates": [
          [
            [
              90.99665834817537,
              26.294470304616674
            ],
            [
              90.99650318479097,
              26.303494247282995
            ],
            [
              90.98649125116827,
              26.303354014093863
            ],
            [
              90.98664718866588,
              26.294330126787003
            ],
            [
              90.99665834817537,
              26.294470304616674
            ]
          ]
        ]
      }
    },
    {
      "id": "871",
      "type": "Feature",
      "properties": {
        "zone_id": "Grid-28-3",
        "name": "Grid-28-3",
        "flood_km2": 0.0316,
        "flood_pct": 3.16,
        "zone_area_km2": 1.0,
        "population": 748.1177,
        "people_affected": 23.6405,
        "facilities_hit": 0,
        "facilities_by_type": {},
        "road_cut_km": 0.0,
        "confidence": "Low",
        "confidence_score": 0.356,
        "reason": "Low: single-method detection (methods disagree); optical ML unavailable for zone",
        "conf_detail": {
          "agreement_ratio": 0.0,
          "terrain_penalty": 0.0,
          "time_penalty": 0.375,
          "margin_score": 0.653,
          "method_penalty": 0.15
        },
        "breakdown": {
          "severity": 0.0134,
          "people": 0.0092,
          "facilities": 0.0,
          "roads": 0.0
        },
        "score": 0.0226,
        "rank": 435,
        "tier": "P3"
      },
      "geometry": {
        "type": "Polygon",
        "coordinates": [
          [
            [
              90.98990486005937,
              26.104825677752576
            ],
            [
              90.98975046775507,
              26.113849820798457
            ],
            [
              90.97975478710502,
              26.113710056142512
            ],
            [
              90.97990994583348,
              26.104685968556602
            ],
            [
              90.98990486005937,
              26.104825677752576
            ]
          ]
        ]
      }
    },
    {
      "id": "282",
      "type": "Feature",
      "properties": {
        "zone_id": "Grid-9-3",
        "name": "Grid-9-3",
        "flood_km2": 0.0332,
        "flood_pct": 3.32,
        "zone_area_km2": 1.0,
        "population": 640.5629,
        "people_affected": 21.2667,
        "facilities_hit": 0,
        "facilities_by_type": {},
        "road_cut_km": 0.0,
        "confidence": "Low",
        "confidence_score": 0.34,
        "reason": "Low: single-method detection (methods disagree); optical ML unavailable for zone",
        "conf_detail": {
          "agreement_ratio": 0.0,
          "terrain_penalty": 0.0,
          "time_penalty": 0.375,
          "margin_score": 0.576,
          "method_penalty": 0.15
        },
        "breakdown": {
          "severity": 0.0141,
          "people": 0.0082,
          "facilities": 0.0,
          "roads": 0.0
        },
        "score": 0.0224,
        "rank": 436,
        "tier": "P3"
      },
      "geometry": {
        "type": "Polygon",
        "coordinates": [
          [
            [
              90.9869588422049,
              26.276282315546514
            ],
            [
              90.98680305233651,
              26.28530622727015
            ],
            [
              90.97679274037628,
              26.285165407295658
            ],
            [
              90.97694930360088,
              26.27614155119016
            ],
            [
              90.9869588422049,
              26.276282315546514
            ]
          ]
        ]
      }
    },
    {
      "id": "273",
      "type": "Feature",
      "properties": {
        "zone_id": "Grid-8-25",
        "name": "Grid-8-25",
        "flood_km2": 0.0316,
        "flood_pct": 3.16,
        "zone_area_km2": 1.0,
        "population": 714.3404,
        "people_affected": 22.5732,
        "facilities_hit": 0,
        "facilities_by_type": {},
        "road_cut_km": 0.0,
        "confidence": "Low",
        "confidence_score": 0.336,
        "reason": "Low: single-method detection (methods disagree); optical ML unavailable for zone",
        "conf_detail": {
          "agreement_ratio": 0.0,
          "terrain_penalty": 0.0,
          "time_penalty": 0.375,
          "margin_score": 0.556,
          "method_penalty": 0.15
        },
        "breakdown": {
          "severity": 0.0134,
          "people": 0.0088,
          "facilities": 0.0,
          "roads": 0.0
        },
        "score": 0.0222,
        "rank": 437,
        "tier": "P3"
      },
      "geometry": {
        "type": "Polygon",
        "coordinates": [
          [
            [
              91.20704793896421,
              26.288227766242937
            ],
            [
              91.20690910322526,
              26.297252819851852
            ],
            [
              91.19689647796582,
              26.29712729961865
            ],
            [
              91.19703608794299,
              26.28810229557543
            ],
            [
              91.20704793896421,
              26.288227766242937
            ]
          ]
        ]
      }
    },
    {
      "id": "770",
      "type": "Feature",
      "properties": {
        "zone_id": "Grid-24-26",
        "name": "Grid-24-26",
        "flood_km2": 0.0408,
        "flood_pct": 4.08,
        "zone_area_km2": 1.0,
        "population": 286.1721,
        "people_affected": 11.6758,
        "facilities_hit": 0,
        "facilities_by_type": {},
        "road_cut_km": 0.0,
        "confidence": "Low",
        "confidence_score": 0.372,
        "reason": "Low: single-method detection (methods disagree); optical ML unavailable for zone",
        "conf_detail": {
          "agreement_ratio": 0.0,
          "terrain_penalty": 0.0,
          "time_penalty": 0.375,
          "margin_score": 0.735,
          "method_penalty": 0.15
        },
        "breakdown": {
          "severity": 0.0174,
          "people": 0.0045,
          "facilities": 0.0,
          "roads": 0.0
        },
        "score": 0.0219,
        "rank": 438,
        "tier": "P3"
      },
      "geometry": {
        "type": "Polygon",
        "coordinates": [
          [
            [
              91.21925996277454,
              26.143949259231555
            ],
            [
              91.21912294473125,
              26.152974554170108
            ],
            [
              91.20912259796764,
              26.15285051987235
            ],
            [
              91.20926038442323,
              26.143825274105648
            ],
            [
              91.21925996277454,
              26.143949259231555
            ]
          ]
        ]
      }
    },
    {
      "id": "183",
      "type": "Feature",
      "properties": {
        "zone_id": "Grid-5-28",
        "name": "Grid-5-28",
        "flood_km2": 0.0296,
        "flood_pct": 2.96,
        "zone_area_km2": 1.0,
        "population": 782.2605,
        "people_affected": 23.1549,
        "facilities_hit": 0,
        "facilities_by_type": {},
        "road_cut_km": 0.0,
        "confidence": "Low",
        "confidence_score": 0.341,
        "reason": "Low: single-method detection (methods disagree); optical ML unavailable for zone",
        "conf_detail": {
          "agreement_ratio": 0.0,
          "terrain_penalty": 0.0,
          "time_penalty": 0.375,
          "margin_score": 0.581,
          "method_penalty": 0.15
        },
        "breakdown": {
          "severity": 0.0126,
          "people": 0.009,
          "facilities": 0.0,
          "roads": 0.0
        },
        "score": 0.0216,
        "rank": 439,
        "tier": "P3"
      },
      "geometry": {
        "type": "Polygon",
        "coordinates": [
          [
            [
              91.2366741523304,
              26.315675556649076
            ],
            [
              91.2365374453708,
              26.324700721250164
            ],
            [
              91.22652229879833,
              26.32457714935475
            ],
            [
              91.22665978116194,
              26.31555203351458
            ],
            [
              91.2366741523304,
              26.315675556649076
            ]
          ]
        ]
      }
    },
    {
      "id": "894",
      "type": "Feature",
      "properties": {
        "zone_id": "Grid-28-26",
        "name": "Grid-28-26",
        "flood_km2": 0.0216,
        "flood_pct": 2.16,
        "zone_area_km2": 1.0,
        "population": 1453.3062,
        "people_affected": 31.3914,
        "facilities_hit": 0,
        "facilities_by_type": {},
        "road_cut_km": 0.0,
        "confidence": "Low",
        "confidence_score": 0.337,
        "reason": "Low: single-method detection (methods disagree); optical ML unavailable for zone",
        "conf_detail": {
          "agreement_ratio": 0.0,
          "terrain_penalty": 0.0,
          "time_penalty": 0.375,
          "margin_score": 0.559,
          "method_penalty": 0.15
        },
        "breakdown": {
          "severity": 0.0092,
          "people": 0.0122,
          "facilities": 0.0,
          "roads": 0.0
        },
        "score": 0.0214,
        "rank": 440,
        "tier": "P3"
      },
      "geometry": {
        "type": "Polygon",
        "coordinates": [
          [
            [
              91.21980738486722,
              26.10784795974691
            ],
            [
              91.2196706268128,
              26.11687330257142
            ],
            [
              91.20967335151205,
              26.116749464917014
            ],
            [
              91.20981087652162,
              26.107724171234967
            ],
            [
              91.21980738486722,
              26.10784795974691
            ]
          ]
        ]
      }
    },
    {
      "id": "617",
      "type": "Feature",
      "properties": {
        "zone_id": "Grid-19-28",
        "name": "Grid-19-28",
        "flood_km2": 0.0424,
        "flood_pct": 4.24,
        "zone_area_km2": 1.0,
        "population": 201.9574,
        "people_affected": 8.563,
        "facilities_hit": 0,
        "facilities_by_type": {},
        "road_cut_km": 0.0,
        "confidence": "Low",
        "confidence_score": 0.346,
        "reason": "Low: single-method detection (methods disagree); optical ML unavailable for zone",
        "conf_detail": {
          "agreement_ratio": 0.0,
          "terrain_penalty": 0.0,
          "time_penalty": 0.375,
          "margin_score": 0.606,
          "method_penalty": 0.15
        },
        "breakdown": {
          "severity": 0.018,
          "people": 0.0033,
          "facilities": 0.0,
          "roads": 0.0
        },
        "score": 0.0214,
        "rank": 441,
        "tier": "P3"
      },
      "geometry": {
        "type": "Polygon",
        "coordinates": [
          [
            [
              91.23858126499626,
              26.189321991516238
            ],
            [
              91.2384454620167,
              26.198347324119503
            ],
            [
              91.2284411377655,
              26.198224434209607
            ],
            [
              91.2285777110249,
              26.18919915026473
            ],
            [
              91.23858126499626,
              26.189321991516238
            ]
          ]
        ]
      }
    },
    {
      "id": "180",
      "type": "Feature",
      "properties": {
        "zone_id": "Grid-5-25",
        "name": "Grid-5-25",
        "flood_km2": 0.0296,
        "flood_pct": 2.96,
        "zone_area_km2": 1.0,
        "population": 749.0172,
        "people_affected": 22.1709,
        "facilities_hit": 0,
        "facilities_by_type": {},
        "road_cut_km": 0.0,
        "confidence": "Low",
        "confidence_score": 0.357,
        "reason": "Low: single-method detection (methods disagree); optical ML unavailable for zone",
        "conf_detail": {
          "agreement_ratio": 0.0,
          "terrain_penalty": 0.0,
          "time_penalty": 0.375,
          "margin_score": 0.661,
          "method_penalty": 0.15
        },
        "breakdown": {
          "severity": 0.0126,
          "people": 0.0086,
          "facilities": 0.0,
          "roads": 0.0
        },
        "score": 0.0212,
        "rank": 442,
        "tier": "P3"
      },
      "geometry": {
        "type": "Polygon",
        "coordinates": [
          [
            [
              91.20663123442439,
              26.31530289095807
            ],
            [
              91.20649220131835,
              26.3243279084492
            ],
            [
              91.19647725114469,
              26.324202239474094
            ],
            [
              91.19661705958886,
              26.315177271571077
            ],
            [
              91.20663123442439,
              26.31530289095807
            ]
          ]
        ]
      }
    },
    {
      "id": "621",
      "type": "Feature",
      "properties": {
        "zone_id": "Grid-20-1",
        "name": "Grid-20-1",
        "flood_km2": 0.0364,
        "flood_pct": 3.64,
        "zone_area_km2": 1.0,
        "population": 385.9257,
        "people_affected": 14.0477,
        "facilities_hit": 0,
        "facilities_by_type": {},
        "road_cut_km": 0.0,
        "confidence": "Low",
        "confidence_score": 0.333,
        "reason": "Low: single-method detection (methods disagree); optical ML unavailable for zone",
        "conf_detail": {
          "agreement_ratio": 0.0,
          "terrain_penalty": 0.0,
          "time_penalty": 0.375,
          "margin_score": 0.54,
          "method_penalty": 0.15
        },
        "breakdown": {
          "severity": 0.0155,
          "people": 0.0054,
          "facilities": 0.0,
          "roads": 0.0
        },
        "score": 0.0209,
        "rank": 443,
        "tier": "P3"
      },
      "geometry": {
        "type": "Polygon",
        "coordinates": [
          [
            [
              90.96866562911661,
              26.17673748145994
            ],
            [
              90.96850911079446,
              26.185761415920055
            ],
            [
              90.95850743380247,
              26.185619818406188
            ],
            [
              90.95866472141275,
              26.176595940022214
            ],
            [
              90.96866562911661,
              26.17673748145994
            ]
          ]
        ]
      }
    },
    {
      "id": "899",
      "type": "Feature",
      "properties": {
        "zone_id": "Grid-29-0",
        "name": "Grid-29-0",
        "flood_km2": 0.0188,
        "flood_pct": 4.087,
        "zone_area_km2": 0.47237621329026297,
        "population": 222.255,
        "people_affected": 9.0835,
        "facilities_hit": 0,
        "facilities_by_type": {},
        "road_cut_km": 0.0,
        "confidence": "Low",
        "confidence_score": 0.331,
        "reason": "Low: single-method detection (methods disagree); optical ML unavailable for zone",
        "conf_detail": {
          "agreement_ratio": 0.0,
          "terrain_penalty": 0.0,
          "time_penalty": 0.375,
          "margin_score": 0.529,
          "method_penalty": 0.15
        },
        "breakdown": {
          "severity": 0.0174,
          "people": 0.0035,
          "facilities": 0.0,
          "roads": 0.0
        },
        "score": 0.0209,
        "rank": 444,
        "tier": "P3"
      },
      "geometry": {
        "type": "Polygon",
        "coordinates": [
          [
            [
              90.95999433023239,
              26.100141758484096
            ],
            [
              90.95992033876882,
              26.104404474252938
            ],
            [
              90.9499256466573,
              26.10426268918472
            ],
            [
              90.95,
              26.1
            ],
            [
              90.95999433023239,
              26.100141758484096
            ]
          ]
        ]
      }
    },
    {
      "id": "875",
      "type": "Feature",
      "properties": {
        "zone_id": "Grid-28-7",
        "name": "Grid-28-7",
        "flood_km2": 0.0244,
        "flood_pct": 2.44,
        "zone_area_km2": 1.0,
        "population": 1093.8975,
        "people_affected": 26.6911,
        "facilities_hit": 0,
        "facilities_by_type": {},
        "road_cut_km": 0.0,
        "confidence": "Low",
        "confidence_score": 0.333,
        "reason": "Low: single-method detection (methods disagree); optical ML unavailable for zone",
        "conf_detail": {
          "agreement_ratio": 0.0,
          "terrain_penalty": 0.0,
          "time_penalty": 0.375,
          "margin_score": 0.54,
          "method_penalty": 0.15
        },
        "breakdown": {
          "severity": 0.0104,
          "people": 0.0104,
          "facilities": 0.0,
          "roads": 0.0
        },
        "score": 0.0207,
        "rank": 445,
        "tier": "P3"
      },
      "geometry": {
        "type": "Polygon",
        "coordinates": [
          [
            [
              91.02988524643517,
              26.105377594374882
            ],
            [
              91.02973392007043,
              26.114401956514854
            ],
            [
              91.01973794826189,
              26.11426496106067
            ],
            [
              91.0198900411477,
              26.10524065328233
            ],
            [
              91.02988524643517,
              26.105377594374882
            ]
          ]
        ]
      }
    },
    {
      "id": "775",
      "type": "Feature",
      "properties": {
        "zone_id": "Grid-25-0",
        "name": "Grid-25-0",
        "flood_km2": 0.03,
        "flood_pct": 3.0,
        "zone_area_km2": 1.0,
        "population": 660.6553,
        "people_affected": 19.8197,
        "facilities_hit": 0,
        "facilities_by_type": {},
        "road_cut_km": 0.0,
        "confidence": "Low",
        "confidence_score": 0.331,
        "reason": "Low: single-method detection (methods disagree); optical ML unavailable for zone",
        "conf_detail": {
          "agreement_ratio": 0.0,
          "terrain_penalty": 0.0,
          "time_penalty": 0.375,
          "margin_score": 0.53,
          "method_penalty": 0.15
        },
        "breakdown": {
          "severity": 0.0128,
          "people": 0.0077,
          "facilities": 0.0,
          "roads": 0.0
        },
        "score": 0.0204,
        "rank": 446,
        "tier": "P3"
      },
      "geometry": {
        "type": "Polygon",
        "coordinates": [
          [
            [
              90.95945004095543,
              26.13147636526348
            ],
            [
              90.95929312609849,
              26.14050030458303
            ],
            [
              90.94929536640353,
              26.14035829432983
            ],
            [
              90.94945304870214,
              26.131334411319152
            ],
            [
              90.95945004095543,
              26.13147636526348
            ]
          ]
        ]
      }
    },
    {
      "id": "333",
      "type": "Feature",
      "properties": {
        "zone_id": "Grid-10-23",
        "name": "Grid-10-23",
        "flood_km2": 0.0164,
        "flood_pct": 1.64,
        "zone_area_km2": 1.0,
        "population": 2095.4905,
        "people_affected": 34.366,
        "facilities_hit": 0,
        "facilities_by_type": {},
        "road_cut_km": 0.0,
        "confidence": "Low",
        "confidence_score": 0.344,
        "reason": "Low: single-method detection (methods disagree); optical ML unavailable for zone",
        "conf_detail": {
          "agreement_ratio": 0.0,
          "terrain_penalty": 0.0,
          "time_penalty": 0.375,
          "margin_score": 0.593,
          "method_penalty": 0.15
        },
        "breakdown": {
          "severity": 0.007,
          "people": 0.0133,
          "facilities": 0.0,
          "roads": 0.0
        },
        "score": 0.0203,
        "rank": 447,
        "tier": "P3"
      },
      "geometry": {
        "type": "Polygon",
        "coordinates": [
          [
            [
              91.18730487200864,
              26.26992618247424
            ],
            [
              91.18716462074858,
              26.278951160769175
            ],
            [
              91.17715367614376,
              26.278824344451184
            ],
            [
              91.17729470086496,
              26.26979941625802
            ],
            [
              91.18730487200864,
              26.26992618247424
            ]
          ]
        ]
      }
    },
    {
      "id": "336",
      "type": "Feature",
      "properties": {
        "zone_id": "Grid-10-26",
        "name": "Grid-10-26",
        "flood_km2": 0.0236,
        "flood_pct": 2.36,
        "zone_area_km2": 1.0,
        "population": 1116.3337,
        "people_affected": 26.3455,
        "facilities_hit": 0,
        "facilities_by_type": {},
        "road_cut_km": 0.0,
        "confidence": "Low",
        "confidence_score": 0.349,
        "reason": "Low: single-method detection (methods disagree); optical ML unavailable for zone",
        "conf_detail": {
          "agreement_ratio": 0.0,
          "terrain_penalty": 0.0,
          "time_penalty": 0.375,
          "margin_score": 0.622,
          "method_penalty": 0.15
        },
        "breakdown": {
          "severity": 0.01,
          "people": 0.0102,
          "facilities": 0.0,
          "roads": 0.0
        },
        "score": 0.0203,
        "rank": 448,
        "tier": "P3"
      },
      "geometry": {
        "type": "Polygon",
        "coordinates": [
          [
            [
              91.21733578257412,
              26.270302297132105
            ],
            [
              91.21719785183055,
              26.279327424079366
            ],
            [
              91.20718670895823,
              26.27920270060093
            ],
            [
              91.20732541322937,
              26.27017762292894
            ],
            [
              91.21733578257412,
              26.270302297132105
            ]
          ]
        ]
      }
    },
    {
      "id": "439",
      "type": "Feature",
      "properties": {
        "zone_id": "Grid-14-5",
        "name": "Grid-14-5",
        "flood_km2": 0.0276,
        "flood_pct": 2.76,
        "zone_area_km2": 1.0,
        "population": 782.5521,
        "people_affected": 21.5984,
        "facilities_hit": 0,
        "facilities_by_type": {},
        "road_cut_km": 0.0,
        "confidence": "Low",
        "confidence_score": 0.339,
        "reason": "Low: single-method detection (methods disagree); optical ML unavailable for zone",
        "conf_detail": {
          "agreement_ratio": 0.0,
          "terrain_penalty": 0.0,
          "time_penalty": 0.375,
          "margin_score": 0.569,
          "method_penalty": 0.15
        },
        "breakdown": {
          "severity": 0.0117,
          "people": 0.0084,
          "facilities": 0.0,
          "roads": 0.0
        },
        "score": 0.0201,
        "rank": 449,
        "tier": "P3"
      },
      "geometry": {
        "type": "Polygon",
        "coordinates": [
          [
            [
              91.00774826059416,
              26.23144145916716
            ],
            [
              91.00759438249577,
              26.24046554220419
            ],
            [
              90.99758778666627,
              26.240326392495607
            ],
            [
              90.99774243634154,
              26.231302364484627
            ],
            [
              91.00774826059416,
              26.23144145916716
            ]
          ]
        ]
      }
    },
    {
      "id": "479",
      "type": "Feature",
      "properties": {
        "zone_id": "Grid-15-14",
        "name": "Grid-15-14",
        "flood_km2": 0.0452,
        "flood_pct": 4.52,
        "zone_area_km2": 1.0,
        "population": 36.4235,
        "people_affected": 1.6463,
        "facilities_hit": 0,
        "facilities_by_type": {},
        "road_cut_km": 0.0,
        "confidence": "Low",
        "confidence_score": 0.354,
        "reason": "Low: single-method detection (methods disagree); optical ML unavailable for zone",
        "conf_detail": {
          "agreement_ratio": 0.0,
          "terrain_penalty": 0.0,
          "time_penalty": 0.375,
          "margin_score": 0.647,
          "method_penalty": 0.15
        },
        "breakdown": {
          "severity": 0.0192,
          "people": 0.0006,
          "facilities": 0.0,
          "roads": 0.0
        },
        "score": 0.0199,
        "rank": 450,
        "tier": "P3"
      },
      "geometry": {
        "type": "Polygon",
        "coordinates": [
          [
            [
              91.0979507797631,
              26.223637416250263
            ],
            [
              91.09780391657439,
              26.232661994236828
            ],
            [
              91.08779744916565,
              26.23252916319798
            ],
            [
              91.08794508378091,
              26.223504637752765
            ],
            [
              91.0979507797631,
              26.223637416250263
            ]
          ]
        ]
      }
    },
    {
      "id": "614",
      "type": "Feature",
      "properties": {
        "zone_id": "Grid-19-25",
        "name": "Grid-19-25",
        "flood_km2": 0.044,
        "flood_pct": 4.4,
        "zone_area_km2": 1.0,
        "population": 65.3906,
        "people_affected": 2.8772,
        "facilities_hit": 0,
        "facilities_by_type": {},
        "road_cut_km": 0.0,
        "confidence": "Low",
        "confidence_score": 0.339,
        "reason": "Low: single-method detection (methods disagree); optical ML unavailable for zone",
        "conf_detail": {
          "agreement_ratio": 0.0,
          "terrain_penalty": 0.0,
          "time_penalty": 0.375,
          "margin_score": 0.572,
          "method_penalty": 0.15
        },
        "breakdown": {
          "severity": 0.0187,
          "people": 0.0011,
          "facilities": 0.0,
          "roads": 0.0
        },
        "score": 0.0198,
        "rank": 451,
        "tier": "P3"
      },
      "geometry": {
        "type": "Polygon",
        "coordinates": [
          [
            [
              91.20857079776697,
              26.188951383042024
            ],
            [
              91.20843268401296,
              26.19797656884465
            ],
            [
              91.19842855524202,
              26.197851593424378
            ],
            [
              91.19856743921056,
              26.188826457105602
            ],
            [
              91.20857079776697,
              26.188951383042024
            ]
          ]
        ]
      }
    },
    {
      "id": "392",
      "type": "Feature",
      "properties": {
        "zone_id": "Grid-12-20",
        "name": "Grid-12-20",
        "flood_km2": 0.0172,
        "flood_pct": 1.72,
        "zone_area_km2": 1.0,
        "population": 1823.2799,
        "people_affected": 31.3604,
        "facilities_hit": 0,
        "facilities_by_type": {},
        "road_cut_km": 0.0,
        "confidence": "Low",
        "confidence_score": 0.34,
        "reason": "Low: single-method detection (methods disagree); optical ML unavailable for zone",
        "conf_detail": {
          "agreement_ratio": 0.0,
          "terrain_penalty": 0.0,
          "time_penalty": 0.375,
          "margin_score": 0.574,
          "method_penalty": 0.15
        },
        "breakdown": {
          "severity": 0.0073,
          "people": 0.0122,
          "facilities": 0.0,
          "roads": 0.0
        },
        "score": 0.0195,
        "rank": 452,
        "tier": "P3"
      },
      "geometry": {
        "type": "Polygon",
        "coordinates": [
          [
            [
              91.15755949992207,
              26.25149410141999
            ],
            [
              91.15741706338629,
              26.260518952709177
            ],
            [
              91.14740786676636,
              26.260390145560745
            ],
            [
              91.14755107596373,
              26.25136534518444
            ],
            [
              91.15755949992207,
              26.25149410141999
            ]
          ]
        ]
      }
    },
    {
      "id": "500",
      "type": "Feature",
      "properties": {
        "zone_id": "Grid-16-4",
        "name": "Grid-16-4",
        "flood_km2": 0.0408,
        "flood_pct": 4.08,
        "zone_area_km2": 1.0,
        "population": 131.8753,
        "people_affected": 5.3805,
        "facilities_hit": 0,
        "facilities_by_type": {},
        "road_cut_km": 0.0,
        "confidence": "Low",
        "confidence_score": 0.325,
        "reason": "Low: single-method detection (methods disagree); optical ML unavailable for zone",
        "conf_detail": {
          "agreement_ratio": 0.0,
          "terrain_penalty": 0.0,
          "time_penalty": 0.375,
          "margin_score": 0.5,
          "method_penalty": 0.15
        },
        "breakdown": {
          "severity": 0.0174,
          "people": 0.0021,
          "facilities": 0.0,
          "roads": 0.0
        },
        "score": 0.0194,
        "rank": 453,
        "tier": "P3"
      },
      "geometry": {
        "type": "Polygon",
        "coordinates": [
          [
            [
              90.9980515158501,
              26.21325427192782
            ],
            [
              90.99789701272796,
              26.222278324294304
            ],
            [
              90.98789203295118,
              26.222138589040615
            ],
            [
              90.9880473068951,
              26.213114591958742
            ],
            [
              90.9980515158501,
              26.21325427192782
            ]
          ]
        ]
      }
    },
    {
      "id": "304",
      "type": "Feature",
      "properties": {
        "zone_id": "Grid-9-25",
        "name": "Grid-9-25",
        "flood_km2": 0.0188,
        "flood_pct": 1.88,
        "zone_area_km2": 1.0,
        "population": 1552.2609,
        "people_affected": 29.1825,
        "facilities_hit": 0,
        "facilities_by_type": {},
        "road_cut_km": 0.0,
        "confidence": "Low",
        "confidence_score": 0.346,
        "reason": "Low: single-method detection (methods disagree); optical ML unavailable for zone",
        "conf_detail": {
          "agreement_ratio": 0.0,
          "terrain_penalty": 0.0,
          "time_penalty": 0.375,
          "margin_score": 0.607,
          "method_penalty": 0.15
        },
        "breakdown": {
          "severity": 0.008,
          "people": 0.0113,
          "facilities": 0.0,
          "roads": 0.0
        },
        "score": 0.0193,
        "rank": 454,
        "tier": "P3"
      },
      "geometry": {
        "type": "Polygon",
        "coordinates": [
          [
            [
              91.20718670895823,
              26.27920270060093
            ],
            [
              91.20704793896421,
              26.288227766242937
            ],
            [
              91.19703608794299,
              26.28810229557543
            ],
            [
              91.19717563180882,
              26.279077279491663
            ],
            [
              91.20718670895823,
              26.27920270060093
            ]
          ]
        ]
      }
    },
    {
      "id": "389",
      "type": "Feature",
      "properties": {
        "zone_id": "Grid-12-17",
        "name": "Grid-12-17",
        "flood_km2": 0.0148,
        "flood_pct": 1.48,
        "zone_area_km2": 1.0,
        "population": 2260.4292,
        "people_affected": 33.4544,
        "facilities_hit": 0,
        "facilities_by_type": {},
        "road_cut_km": 0.0,
        "confidence": "Low",
        "confidence_score": 0.342,
        "reason": "Low: single-method detection (methods disagree); optical ML unavailable for zone",
        "conf_detail": {
          "agreement_ratio": 0.0,
          "terrain_penalty": 0.0,
          "time_penalty": 0.375,
          "margin_score": 0.586,
          "method_penalty": 0.15
        },
        "breakdown": {
          "severity": 0.0063,
          "people": 0.013,
          "facilities": 0.0,
          "roads": 0.0
        },
        "score": 0.0193,
        "rank": 455,
        "tier": "P3"
      },
      "geometry": {
        "type": "Polygon",
        "coordinates": [
          [
            [
              91.12753443196927,
              26.251105742639382
            ],
            [
              91.127389677517,
              26.260130440363774
            ],
            [
              91.11738068561945,
              26.259999542351714
            ],
            [
              91.11752621266479,
              26.25097489636633
            ],
            [
              91.12753443196927,
              26.251105742639382
            ]
          ]
        ]
      }
    },
    {
      "id": "120",
      "type": "Feature",
      "properties": {
        "zone_id": "Grid-3-27",
        "name": "Grid-3-27",
        "flood_km2": 0.0308,
        "flood_pct": 3.08,
        "zone_area_km2": 1.0,
        "population": 513.1639,
        "people_affected": 15.8054,
        "facilities_hit": 0,
        "facilities_by_type": {},
        "road_cut_km": 0.0,
        "confidence": "Low",
        "confidence_score": 0.346,
        "reason": "Low: single-method detection (methods disagree); optical ML unavailable for zone",
        "conf_detail": {
          "agreement_ratio": 0.0,
          "terrain_penalty": 0.0,
          "time_penalty": 0.375,
          "margin_score": 0.604,
          "method_penalty": 0.15
        },
        "breakdown": {
          "severity": 0.0131,
          "people": 0.0061,
          "facilities": 0.0,
          "roads": 0.0
        },
        "score": 0.0192,
        "rank": 456,
        "tier": "P3"
      },
      "geometry": {
        "type": "Polygon",
        "coordinates": [
          [
            [
              91.22638475133535,
              26.333602253164315
            ],
            [
              91.22624713875118,
              26.342627344940187
            ],
            [
              91.21623050541278,
              26.342502975905205
            ],
            [
              91.21636889411312,
              26.333477933180784
            ],
            [
              91.22638475133535,
              26.333602253164315
            ]
          ]
        ]
      }
    },
    {
      "id": "107",
      "type": "Feature",
      "properties": {
        "zone_id": "Grid-3-14",
        "name": "Grid-3-14",
        "flood_km2": 0.0236,
        "flood_pct": 2.36,
        "zone_area_km2": 1.0,
        "population": 1001.9576,
        "people_affected": 23.6462,
        "facilities_hit": 0,
        "facilities_by_type": {},
        "road_cut_km": 0.0,
        "confidence": "Low",
        "confidence_score": 0.343,
        "reason": "Low: single-method detection (methods disagree); optical ML unavailable for zone",
        "conf_detail": {
          "agreement_ratio": 0.0,
          "terrain_penalty": 0.0,
          "time_penalty": 0.375,
          "margin_score": 0.588,
          "method_penalty": 0.15
        },
        "breakdown": {
          "severity": 0.01,
          "people": 0.0092,
          "facilities": 0.0,
          "roads": 0.0
        },
        "score": 0.0192,
        "rank": 457,
        "tier": "P3"
      },
      "geometry": {
        "type": "Polygon",
        "coordinates": [
          [
            [
              91.09618382048933,
              26.331931552890826
            ],
            [
              91.09603612014573,
              26.340955985487025
            ],
            [
              91.08602036707404,
              26.340822523335415
            ],
            [
              91.08616884323833,
              26.33179814337553
            ],
            [
              91.09618382048933,
              26.331931552890826
            ]
          ]
        ]
      }
    },
    {
      "id": "812",
      "type": "Feature",
      "properties": {
        "zone_id": "Grid-26-6",
        "name": "Grid-26-6",
        "flood_km2": 0.028,
        "flood_pct": 2.8,
        "zone_area_km2": 1.0,
        "population": 631.2967,
        "people_affected": 17.6763,
        "facilities_hit": 0,
        "facilities_by_type": {},
        "road_cut_km": 0.0,
        "confidence": "Low",
        "confidence_score": 0.339,
        "reason": "Low: single-method detection (methods disagree); optical ML unavailable for zone",
        "conf_detail": {
          "agreement_ratio": 0.0,
          "terrain_penalty": 0.0,
          "time_penalty": 0.375,
          "margin_score": 0.568,
          "method_penalty": 0.15
        },
        "breakdown": {
          "severity": 0.0119,
          "people": 0.0069,
          "facilities": 0.0,
          "roads": 0.0
        },
        "score": 0.0188,
        "rank": 458,
        "tier": "P3"
      },
      "geometry": {
        "type": "Polygon",
        "coordinates": [
          [
            [
              91.0195857831321,
              26.123289256717555
            ],
            [
              91.01943354573432,
              26.132313540249786
            ],
            [
              91.0094361120841,
              26.132175743169157
            ],
            [
              91.00958911670665,
              26.123151514289486
            ],
            [
              91.0195857831321,
              26.123289256717555
            ]
          ]
        ]
      }
    },
    {
      "id": "754",
      "type": "Feature",
      "properties": {
        "zone_id": "Grid-24-10",
        "name": "Grid-24-10",
        "flood_km2": 0.0248,
        "flood_pct": 2.48,
        "zone_area_km2": 1.0,
        "population": 842.2025,
        "people_affected": 20.8866,
        "facilities_hit": 0,
        "facilities_by_type": {},
        "road_cut_km": 0.0,
        "confidence": "Low",
        "confidence_score": 0.342,
        "reason": "Low: single-method detection (methods disagree); optical ML unavailable for zone",
        "conf_detail": {
          "agreement_ratio": 0.0,
          "terrain_penalty": 0.0,
          "time_penalty": 0.375,
          "margin_score": 0.584,
          "method_penalty": 0.15
        },
        "breakdown": {
          "severity": 0.0106,
          "people": 0.0081,
          "facilities": 0.0,
          "roads": 0.0
        },
        "score": 0.0187,
        "rank": 459,
        "tier": "P3"
      },
      "geometry": {
        "type": "Polygon",
        "coordinates": [
          [
            [
              91.05927476052054,
              26.141882286892276
            ],
            [
              91.0591254505663,
              26.150906762093516
            ],
            [
              91.04912619419893,
              26.150771629511592
            ],
            [
              91.0492762722019,
              26.141747207880133
            ],
            [
              91.05927476052054,
              26.141882286892276
            ]
          ]
        ]
      }
    },
    {
      "id": "43",
      "type": "Feature",
      "properties": {
        "zone_id": "Grid-1-12",
        "name": "Grid-1-12",
        "flood_km2": 0.0216,
        "flood_pct": 2.16,
        "zone_area_km2": 1.0,
        "population": 1112.6234,
        "people_affected": 24.0327,
        "facilities_hit": 0,
        "facilities_by_type": {},
        "road_cut_km": 0.0,
        "confidence": "Low",
        "confidence_score": 0.342,
        "reason": "Low: single-method detection (methods disagree); optical ML unavailable for zone",
        "conf_detail": {
          "agreement_ratio": 0.0,
          "terrain_penalty": 0.0,
          "time_penalty": 0.375,
          "margin_score": 0.583,
          "method_penalty": 0.15
        },
        "breakdown": {
          "severity": 0.0092,
          "people": 0.0093,
          "facilities": 0.0,
          "roads": 0.0
        },
        "score": 0.0185,
        "rank": 460,
        "tier": "P3"
      },
      "geometry": {
        "type": "Polygon",
        "coordinates": [
          [
            [
              91.07585536167404,
              26.34971267673758
            ],
            [
              91.07570596839095,
              26.358736979477953
            ],
            [
              91.06568880360264,
              26.358602012261894
            ],
            [
              91.06583897339311,
              26.349577762725264
            ],
            [
              91.07585536167404,
              26.34971267673758
            ]
          ]
        ]
      }
    },
    {
      "id": "737",
      "type": "Feature",
      "properties": {
        "zone_id": "Grid-23-24",
        "name": "Grid-23-24",
        "flood_km2": 0.034,
        "flood_pct": 3.4,
        "zone_area_km2": 1.0,
        "population": 304.5481,
        "people_affected": 10.3546,
        "facilities_hit": 0,
        "facilities_by_type": {},
        "road_cut_km": 0.0,
        "confidence": "Low",
        "confidence_score": 0.38,
        "reason": "Low: single-method detection (methods disagree); optical ML unavailable for zone",
        "conf_detail": {
          "agreement_ratio": 0.0,
          "terrain_penalty": 0.0,
          "time_penalty": 0.375,
          "margin_score": 0.774,
          "method_penalty": 0.15
        },
        "breakdown": {
          "severity": 0.0145,
          "people": 0.004,
          "facilities": 0.0,
          "roads": 0.0
        },
        "score": 0.0185,
        "rank": 461,
        "tier": "P3"
      },
      "geometry": {
        "type": "Polygon",
        "coordinates": [
          [
            [
              91.19912231662003,
              26.152725791797174
            ],
            [
              91.19898369599342,
              26.16175097612306
            ],
            [
              91.18898271169328,
              26.161625504558803
            ],
            [
              91.18912210105299,
              26.15260036996209
            ],
            [
              91.19912231662003,
              26.152725791797174
            ]
          ]
        ]
      }
    },
    {
      "id": "332",
      "type": "Feature",
      "properties": {
        "zone_id": "Grid-10-22",
        "name": "Grid-10-22",
        "flood_km2": 0.0176,
        "flood_pct": 1.76,
        "zone_area_km2": 1.0,
        "population": 1605.126,
        "people_affected": 28.2502,
        "facilities_hit": 0,
        "facilities_by_type": {},
        "road_cut_km": 0.0,
        "confidence": "Low",
        "confidence_score": 0.346,
        "reason": "Low: single-method detection (methods disagree); optical ML unavailable for zone",
        "conf_detail": {
          "agreement_ratio": 0.0,
          "terrain_penalty": 0.0,
          "time_penalty": 0.375,
          "margin_score": 0.605,
          "method_penalty": 0.15
        },
        "breakdown": {
          "severity": 0.0075,
          "people": 0.011,
          "facilities": 0.0,
          "roads": 0.0
        },
        "score": 0.0184,
        "rank": 462,
        "tier": "P3"
      },
      "geometry": {
        "type": "Polygon",
        "coordinates": [
          [
            [
              91.17729470086496,
              26.26979941625802
            ],
            [
              91.17715367614376,
              26.278824344451184
            ],
            [
              91.16714279836063,
              26.27869683055551
            ],
            [
              91.16728459652056,
              26.26967195273961
            ],
            [
              91.17729470086496,
              26.26979941625802
            ]
          ]
        ]
      }
    },
    {
      "id": "88",
      "type": "Feature",
      "properties": {
        "zone_id": "Grid-2-26",
        "name": "Grid-2-26",
        "flood_km2": 0.0288,
        "flood_pct": 2.88,
        "zone_area_km2": 1.0,
        "population": 548.7808,
        "people_affected": 15.8049,
        "facilities_hit": 0,
        "facilities_by_type": {},
        "road_cut_km": 0.0,
        "confidence": "Low",
        "confidence_score": 0.345,
        "reason": "Low: single-method detection (methods disagree); optical ML unavailable for zone",
        "conf_detail": {
          "agreement_ratio": 0.0,
          "terrain_penalty": 0.0,
          "time_penalty": 0.375,
          "margin_score": 0.601,
          "method_penalty": 0.15
        },
        "breakdown": {
          "severity": 0.0123,
          "people": 0.0061,
          "facilities": 0.0,
          "roads": 0.0
        },
        "score": 0.0184,
        "rank": 463,
        "tier": "P3"
      },
      "geometry": {
        "type": "Polygon",
        "coordinates": [
          [
            [
              91.21623050541278,
              26.342502975905205
            ],
            [
              91.21609205120221,
              26.351528006585458
            ],
            [
              91.20607470691277,
              26.351402888637587
            ],
            [
              91.20621393758465,
              26.342377907292043
            ],
            [
              91.21623050541278,
              26.342502975905205
            ]
          ]
        ]
      }
    },
    {
      "id": "330",
      "type": "Feature",
      "properties": {
        "zone_id": "Grid-10-20",
        "name": "Grid-10-20",
        "flood_km2": 0.0172,
        "flood_pct": 1.72,
        "zone_area_km2": 1.0,
        "population": 1590.468,
        "people_affected": 27.356,
        "facilities_hit": 0,
        "facilities_by_type": {},
        "road_cut_km": 0.0,
        "confidence": "Low",
        "confidence_score": 0.343,
        "reason": "Low: single-method detection (methods disagree); optical ML unavailable for zone",
        "conf_detail": {
          "agreement_ratio": 0.0,
          "terrain_penalty": 0.0,
          "time_penalty": 0.375,
          "margin_score": 0.591,
          "method_penalty": 0.15
        },
        "breakdown": {
          "severity": 0.0073,
          "people": 0.0106,
          "facilities": 0.0,
          "roads": 0.0
        },
        "score": 0.0179,
        "rank": 464,
        "tier": "P3"
      },
      "geometry": {
        "type": "Polygon",
        "coordinates": [
          [
            [
              91.1572745593416,
              26.26954379193692
            ],
            [
              91.1571319877654,
              26.278568619100074
            ],
            [
              91.1471212447243,
              26.278439710102877
            ],
            [
              91.14726458969413,
              26.269414933867925
            ],
            [
              91.1572745593416,
              26.26954379193692
            ]
          ]
        ]
      }
    },
    {
      "id": "83",
      "type": "Feature",
      "properties": {
        "zone_id": "Grid-2-21",
        "name": "Grid-2-21",
        "flood_km2": 0.0264,
        "flood_pct": 2.64,
        "zone_area_km2": 1.0,
        "population": 652.1488,
        "people_affected": 17.2167,
        "facilities_hit": 0,
        "facilities_by_type": {},
        "road_cut_km": 0.0,
        "confidence": "Low",
        "confidence_score": 0.35,
        "reason": "Low: single-method detection (methods disagree); optical ML unavailable for zone",
        "conf_detail": {
          "agreement_ratio": 0.0,
          "terrain_penalty": 0.0,
          "time_penalty": 0.375,
          "margin_score": 0.624,
          "method_penalty": 0.15
        },
        "breakdown": {
          "severity": 0.0112,
          "people": 0.0067,
          "facilities": 0.0,
          "roads": 0.0
        },
        "score": 0.0179,
        "rank": 465,
        "tier": "P3"
      },
      "geometry": {
        "type": "Polygon",
        "coordinates": [
          [
            [
              91.16614832871733,
              26.341870637410796
            ],
            [
              91.16600599242273,
              26.350895418659146
            ],
            [
              91.15598898130334,
              26.35076680170699
            ],
            [
              91.15613209394736,
              26.341742071172494
            ],
            [
              91.16614832871733,
              26.341870637410796
            ]
          ]
        ]
      }
    },
    {
      "id": "340",
      "type": "Feature",
      "properties": {
        "zone_id": "Grid-10-30",
        "name": "Grid-10-30",
        "flood_km2": 0.0144,
        "flood_pct": 3.4286,
        "zone_area_km2": 0.41200812744302673,
        "population": 248.2874,
        "people_affected": 8.5127,
        "facilities_hit": 0,
        "facilities_by_type": {},
        "road_cut_km": 0.0,
        "confidence": "Low",
        "confidence_score": 0.349,
        "reason": "Low: single-method detection (methods disagree); optical ML unavailable for zone",
        "conf_detail": {
          "agreement_ratio": 0.0,
          "terrain_penalty": 0.0,
          "time_penalty": 0.375,
          "margin_score": 0.62,
          "method_penalty": 0.15
        },
        "breakdown": {
          "severity": 0.0146,
          "people": 0.0033,
          "facilities": 0.0,
          "roads": 0.0
        },
        "score": 0.0179,
        "rank": 466,
        "tier": "P3"
      },
      "geometry": {
        "type": "Polygon",
        "coordinates": [
          [
            [
              91.25149173368919,
              26.270722437363094
            ],
            [
              91.25135644239191,
              26.27974773036408
            ],
            [
              91.24723167112182,
              26.279697408554856
            ],
            [
              91.24736728115192,
              26.27067213543497
            ],
            [
              91.25149173368919,
              26.270722437363094
            ]
          ]
        ]
      }
    },
    {
      "id": "87",
      "type": "Feature",
      "properties": {
        "zone_id": "Grid-2-25",
        "name": "Grid-2-25",
        "flood_km2": 0.0288,
        "flood_pct": 2.88,
        "zone_area_km2": 1.0,
        "population": 501.4245,
        "people_affected": 14.441,
        "facilities_hit": 0,
        "facilities_by_type": {},
        "road_cut_km": 0.0,
        "confidence": "Low",
        "confidence_score": 0.343,
        "reason": "Low: single-method detection (methods disagree); optical ML unavailable for zone",
        "conf_detail": {
          "agreement_ratio": 0.0,
          "terrain_penalty": 0.0,
          "time_penalty": 0.375,
          "margin_score": 0.59,
          "method_penalty": 0.15
        },
        "breakdown": {
          "severity": 0.0123,
          "people": 0.0056,
          "facilities": 0.0,
          "roads": 0.0
        },
        "score": 0.0179,
        "rank": 467,
        "tier": "P3"
      },
      "geometry": {
        "type": "Polygon",
        "coordinates": [
          [
            [
              91.20621393758465,
              26.342377907292043
            ],
            [
              91.20607470691277,
              26.351402888637587
            ],
            [
              91.19605742852285,
              26.351277070853275
            ],
            [
              91.1961974356339,
              26.342252139118287
            ],
            [
              91.20621393758465,
              26.342377907292043
            ]
          ]
        ]
      }
    },
    {
      "id": "893",
      "type": "Feature",
      "properties": {
        "zone_id": "Grid-28-25",
        "name": "Grid-28-25",
        "flood_km2": 0.02,
        "flood_pct": 2.0,
        "zone_area_km2": 1.0,
        "population": 1193.6425,
        "people_affected": 23.8728,
        "facilities_hit": 0,
        "facilities_by_type": {},
        "road_cut_km": 0.0,
        "confidence": "Low",
        "confidence_score": 0.337,
        "reason": "Low: single-method detection (methods disagree); optical ML unavailable for zone",
        "conf_detail": {
          "agreement_ratio": 0.0,
          "terrain_penalty": 0.0,
          "time_penalty": 0.375,
          "margin_score": 0.561,
          "method_penalty": 0.15
        },
        "breakdown": {
          "severity": 0.0085,
          "people": 0.0093,
          "facilities": 0.0,
          "roads": 0.0
        },
        "score": 0.0178,
        "rank": 468,
        "tier": "P3"
      },
      "geometry": {
        "type": "Polygon",
        "coordinates": [
          [
            [
              91.20981087652162,
              26.107724171234967
            ],
            [
              91.20967335151205,
              26.116749464917014
            ],
            [
              91.19967614154011,
              26.11662493458469
            ],
            [
              91.1998144334831,
              26.10759969031989
            ],
            [
              91.20981087652162,
              26.107724171234967
            ]
          ]
        ]
      }
    },
    {
      "id": "53",
      "type": "Feature",
      "properties": {
        "zone_id": "Grid-1-22",
        "name": "Grid-1-22",
        "flood_km2": 0.0252,
        "flood_pct": 2.52,
        "zone_area_km2": 1.0,
        "population": 717.7256,
        "people_affected": 18.0867,
        "facilities_hit": 0,
        "facilities_by_type": {},
        "road_cut_km": 0.0,
        "confidence": "Low",
        "confidence_score": 0.343,
        "reason": "Low: single-method detection (methods disagree); optical ML unavailable for zone",
        "conf_detail": {
          "agreement_ratio": 0.0,
          "terrain_penalty": 0.0,
          "time_penalty": 0.375,
          "margin_score": 0.592,
          "method_penalty": 0.15
        },
        "breakdown": {
          "severity": 0.0107,
          "people": 0.007,
          "facilities": 0.0,
          "roads": 0.0
        },
        "score": 0.0177,
        "rank": 469,
        "tier": "P3"
      },
      "geometry": {
        "type": "Polygon",
        "coordinates": [
          [
            [
              91.17602307091059,
              26.351023335846214
            ],
            [
              91.17588144398678,
              26.3600481554553
            ],
            [
              91.16586358875965,
              26.359920187822578
            ],
            [
              91.16600599242273,
              26.350895418659146
            ],
            [
              91.17602307091059,
              26.351023335846214
            ]
          ]
        ]
      }
    },
    {
      "id": "752",
      "type": "Feature",
      "properties": {
        "zone_id": "Grid-24-8",
        "name": "Grid-24-8",
        "flood_km2": 0.026,
        "flood_pct": 2.6,
        "zone_area_km2": 1.0,
        "population": 654.4969,
        "people_affected": 17.0169,
        "facilities_hit": 0,
        "facilities_by_type": {},
        "road_cut_km": 0.0,
        "confidence": "Low",
        "confidence_score": 0.329,
        "reason": "Low: single-method detection (methods disagree); optical ML unavailable for zone",
        "conf_detail": {
          "agreement_ratio": 0.0,
          "terrain_penalty": 0.0,
          "time_penalty": 0.375,
          "margin_score": 0.518,
          "method_penalty": 0.15
        },
        "breakdown": {
          "severity": 0.0111,
          "people": 0.0066,
          "facilities": 0.0,
          "roads": 0.0
        },
        "score": 0.0177,
        "rank": 470,
        "tier": "P3"
      },
      "geometry": {
        "type": "Polygon",
        "coordinates": [
          [
            [
              91.03927785510685,
              26.141611435657026
            ],
            [
              91.03912700907894,
              26.150635803443905
            ],
            [
              91.02912789557064,
              26.15049928390951
            ],
            [
              91.02927950959963,
              26.141474970242
            ],
            [
              91.03927785510685,
              26.141611435657026
            ]
          ]
        ]
      }
    },
    {
      "id": "834",
      "type": "Feature",
      "properties": {
        "zone_id": "Grid-26-28",
        "name": "Grid-26-28",
        "flood_km2": 0.0228,
        "flood_pct": 2.28,
        "zone_area_km2": 1.0,
        "population": 897.2379,
        "people_affected": 20.457,
        "facilities_hit": 0,
        "facilities_by_type": {},
        "road_cut_km": 0.0,
        "confidence": "Low",
        "confidence_score": 0.389,
        "reason": "Low: single-method detection (methods disagree); optical ML unavailable for zone",
        "conf_detail": {
          "agreement_ratio": 0.0,
          "terrain_penalty": 0.0,
          "time_penalty": 0.375,
          "margin_score": 0.819,
          "method_penalty": 0.15
        },
        "breakdown": {
          "severity": 0.0097,
          "people": 0.0079,
          "facilities": 0.0,
          "roads": 0.0
        },
        "score": 0.0176,
        "rank": 471,
        "tier": "P3"
      },
      "geometry": {
        "type": "Polygon",
        "coordinates": [
          [
            [
              91.2395300836286,
              26.126144328109977
            ],
            [
              91.23939473105489,
              26.135169744487442
            ],
            [
              91.22939579109968,
              26.13504719503327
            ],
            [
              91.22953191140006,
              26.126021827263227
            ],
            [
              91.2395300836286,
              26.126144328109977
            ]
          ]
        ]
      }
    },
    {
      "id": "633",
      "type": "Feature",
      "properties": {
        "zone_id": "Grid-20-13",
        "name": "Grid-20-13",
        "flood_km2": 0.0284,
        "flood_pct": 2.84,
        "zone_area_km2": 1.0,
        "population": 501.076,
        "people_affected": 14.2306,
        "facilities_hit": 0,
        "facilities_by_type": {},
        "road_cut_km": 0.0,
        "confidence": "Low",
        "confidence_score": 0.337,
        "reason": "Low: single-method detection (methods disagree); optical ML unavailable for zone",
        "conf_detail": {
          "agreement_ratio": 0.0,
          "terrain_penalty": 0.0,
          "time_penalty": 0.375,
          "margin_score": 0.56,
          "method_penalty": 0.15
        },
        "breakdown": {
          "severity": 0.0121,
          "people": 0.0055,
          "facilities": 0.0,
          "roads": 0.0
        },
        "score": 0.0176,
        "rank": 472,
        "tier": "P3"
      },
      "geometry": {
        "type": "Polygon",
        "coordinates": [
          [
            [
              91.0886822076761,
              26.178381829039665
            ],
            [
              91.08853492270998,
              26.18740641497005
            ],
            [
              91.07853237866456,
              26.187273151898363
            ],
            [
              91.07868043320822,
              26.178248618744934
            ],
            [
              91.0886822076761,
              26.178381829039665
            ]
          ]
        ]
      }
    },
    {
      "id": "419",
      "type": "Feature",
      "properties": {
        "zone_id": "Grid-13-16",
        "name": "Grid-13-16",
        "flood_km2": 0.0164,
        "flood_pct": 1.64,
        "zone_area_km2": 1.0,
        "population": 1657.3004,
        "people_affected": 27.1797,
        "facilities_hit": 0,
        "facilities_by_type": {},
        "road_cut_km": 0.0,
        "confidence": "Low",
        "confidence_score": 0.374,
        "reason": "Low: single-method detection (methods disagree); optical ML unavailable for zone",
        "conf_detail": {
          "agreement_ratio": 0.0,
          "terrain_penalty": 0.0,
          "time_penalty": 0.375,
          "margin_score": 0.746,
          "method_penalty": 0.15
        },
        "breakdown": {
          "severity": 0.007,
          "people": 0.0105,
          "facilities": 0.0,
          "roads": 0.0
        },
        "score": 0.0175,
        "rank": 473,
        "tier": "P3"
      },
      "geometry": {
        "type": "Polygon",
        "coordinates": [
          [
            [
              91.11767167076054,
              26.241950238291718
            ],
            [
              91.11752621266479,
              26.25097489636633
            ],
            [
              91.10751806230984,
              26.250843353450712
            ],
            [
              91.1076642926098,
              26.241818747382645
            ],
            [
              91.11767167076054,
              26.241950238291718
            ]
          ]
        ]
      }
    },
    {
      "id": "461",
      "type": "Feature",
      "properties": {
        "zone_id": "Grid-14-27",
        "name": "Grid-14-27",
        "flood_km2": 0.018,
        "flood_pct": 1.8,
        "zone_area_km2": 1.0,
        "population": 1403.4187,
        "people_affected": 25.2615,
        "facilities_hit": 0,
        "facilities_by_type": {},
        "road_cut_km": 0.0,
        "confidence": "Low",
        "confidence_score": 0.344,
        "reason": "Low: single-method detection (methods disagree); optical ML unavailable for zone",
        "conf_detail": {
          "agreement_ratio": 0.0,
          "terrain_penalty": 0.0,
          "time_penalty": 0.375,
          "margin_score": 0.597,
          "method_penalty": 0.15
        },
        "breakdown": {
          "severity": 0.0077,
          "people": 0.0098,
          "facilities": 0.0,
          "roads": 0.0
        },
        "score": 0.0175,
        "rank": 474,
        "tier": "P3"
      },
      "geometry": {
        "type": "Polygon",
        "coordinates": [
          [
            [
              91.22789419656243,
              26.23432545008415
            ],
            [
              91.22775729911191,
              26.24335067406109
            ],
            [
              91.21774918288413,
              26.243226844185788
            ],
            [
              91.2178868524201,
              26.23420166917913
            ],
            [
              91.22789419656243,
              26.23432545008415
            ]
          ]
        ]
      }
    },
    {
      "id": "693",
      "type": "Feature",
      "properties": {
        "zone_id": "Grid-22-11",
        "name": "Grid-22-11",
        "flood_km2": 0.0256,
        "flood_pct": 2.56,
        "zone_area_km2": 1.0,
        "population": 647.4717,
        "people_affected": 16.5753,
        "facilities_hit": 0,
        "facilities_by_type": {},
        "road_cut_km": 0.0,
        "confidence": "Low",
        "confidence_score": 0.347,
        "reason": "Low: single-method detection (methods disagree); optical ML unavailable for zone",
        "conf_detail": {
          "agreement_ratio": 0.0,
          "terrain_penalty": 0.0,
          "time_penalty": 0.375,
          "margin_score": 0.612,
          "method_penalty": 0.15
        },
        "breakdown": {
          "severity": 0.0109,
          "people": 0.0064,
          "facilities": 0.0,
          "roads": 0.0
        },
        "score": 0.0173,
        "rank": 475,
        "tier": "P3"
      },
      "geometry": {
        "type": "Polygon",
        "coordinates": [
          [
            [
              91.0689761654161,
              26.160065717573023
            ],
            [
              91.06882748247335,
              26.16909022187822
            ],
            [
              91.05882661798508,
              26.16895567618711
            ],
            [
              91.05897606972903,
              26.15993122519285
            ],
            [
              91.0689761654161,
              26.160065717573023
            ]
          ]
        ]
      }
    },
    {
      "id": "25",
      "type": "Feature",
      "properties": {
        "zone_id": "Grid-0-25",
        "name": "Grid-0-25",
        "flood_km2": 0.0252,
        "flood_pct": 2.52,
        "zone_area_km2": 1.0,
        "population": 668.8932,
        "people_affected": 16.8561,
        "facilities_hit": 0,
        "facilities_by_type": {},
        "road_cut_km": 0.0,
        "confidence": "Low",
        "confidence_score": 0.353,
        "reason": "Low: single-method detection (methods disagree); optical ML unavailable for zone",
        "conf_detail": {
          "agreement_ratio": 0.0,
          "terrain_penalty": 0.0,
          "time_penalty": 0.375,
          "margin_score": 0.639,
          "method_penalty": 0.15
        },
        "breakdown": {
          "severity": 0.0107,
          "people": 0.0065,
          "facilities": 0.0,
          "roads": 0.0
        },
        "score": 0.0173,
        "rank": 476,
        "tier": "P3"
      },
      "geometry": {
        "type": "Polygon",
        "coordinates": [
          [
            [
              91.20593541034135,
              26.36042785792843
            ],
            [
              91.20579604784827,
              26.36945281516149
            ],
            [
              91.1957772154781,
              26.369326898133597
            ],
            [
              91.195917355145,
              26.36030199052607
            ],
            [
              91.20593541034135,
              26.36042785792843
            ]
          ]
        ]
      }
    },
    {
      "id": "699",
      "type": "Feature",
      "properties": {
        "zone_id": "Grid-22-17",
        "name": "Grid-22-17",
        "flood_km2": 0.0172,
        "flood_pct": 1.72,
        "zone_area_km2": 1.0,
        "population": 1473.0229,
        "people_affected": 25.336,
        "facilities_hit": 0,
        "facilities_by_type": {},
        "road_cut_km": 0.0,
        "confidence": "Low",
        "confidence_score": 0.352,
        "reason": "Low: single-method detection (methods disagree); optical ML unavailable for zone",
        "conf_detail": {
          "agreement_ratio": 0.0,
          "terrain_penalty": 0.0,
          "time_penalty": 0.375,
          "margin_score": 0.635,
          "method_penalty": 0.15
        },
        "breakdown": {
          "severity": 0.0073,
          "people": 0.0098,
          "facilities": 0.0,
          "roads": 0.0
        },
        "score": 0.0171,
        "rank": 477,
        "tier": "P3"
      },
      "geometry": {
        "type": "Polygon",
        "coordinates": [
          [
            [
              91.1289782081663,
              26.160858101433558
            ],
            [
              91.12883413852082,
              26.169882919831295
            ],
            [
              91.11883285610784,
              26.169752538859854
            ],
            [
              91.11897769469394,
              26.160727772123558
            ],
            [
              91.1289782081663,
              26.160858101433558
            ]
          ]
        ]
      }
    },
    {
      "id": "729",
      "type": "Feature",
      "properties": {
        "zone_id": "Grid-23-16",
        "name": "Grid-23-16",
        "flood_km2": 0.0216,
        "flood_pct": 2.16,
        "zone_area_km2": 1.0,
        "population": 924.6487,
        "people_affected": 19.9724,
        "facilities_hit": 0,
        "facilities_by_type": {},
        "road_cut_km": 0.0,
        "confidence": "Low",
        "confidence_score": 0.348,
        "reason": "Low: single-method detection (methods disagree); optical ML unavailable for zone",
        "conf_detail": {
          "agreement_ratio": 0.0,
          "terrain_penalty": 0.0,
          "time_penalty": 0.375,
          "margin_score": 0.616,
          "method_penalty": 0.15
        },
        "breakdown": {
          "severity": 0.0092,
          "people": 0.0077,
          "facilities": 0.0,
          "roads": 0.0
        },
        "score": 0.0169,
        "rank": 478,
        "tier": "P3"
      },
      "geometry": {
        "type": "Polygon",
        "coordinates": [
          [
            [
              91.1191224645605,
              26.151702993329437
            ],
            [
              91.11897769469394,
              26.160727772123558
            ],
            [
              91.1089772499411,
              26.16059674892225
            ],
            [
              91.1091227883608,
              26.151572022056737
            ],
            [
              91.1191224645605,
              26.151702993329437
            ]
          ]
        ]
      }
    },
    {
      "id": "643",
      "type": "Feature",
      "properties": {
        "zone_id": "Grid-20-23",
        "name": "Grid-20-23",
        "flood_km2": 0.0372,
        "flood_pct": 3.72,
        "zone_area_km2": 1.0,
        "population": 67.3707,
        "people_affected": 2.5062,
        "facilities_hit": 0,
        "facilities_by_type": {},
        "road_cut_km": 0.0,
        "confidence": "Low",
        "confidence_score": 0.348,
        "reason": "Low: single-method detection (methods disagree); optical ML unavailable for zone",
        "conf_detail": {
          "agreement_ratio": 0.0,
          "terrain_penalty": 0.0,
          "time_penalty": 0.375,
          "margin_score": 0.614,
          "method_penalty": 0.15
        },
        "breakdown": {
          "severity": 0.0158,
          "people": 0.001,
          "facilities": 0.0,
          "roads": 0.0
        },
        "score": 0.0168,
        "rank": 479,
        "tier": "P3"
      },
      "geometry": {
        "type": "Polygon",
        "coordinates": [
          [
            [
              91.18870373445019,
              26.179675737735447
            ],
            [
              91.18856414652261,
              26.188700836309142
            ],
            [
              91.17856092006815,
              26.188574520670286
            ],
            [
              91.1787012778011,
              26.17954947212319
            ],
            [
              91.18870373445019,
              26.179675737735447
            ]
          ]
        ]
      }
    },
    {
      "id": "131",
      "type": "Feature",
      "properties": {
        "zone_id": "Grid-4-7",
        "name": "Grid-4-7",
        "flood_km2": 0.0172,
        "flood_pct": 1.72,
        "zone_area_km2": 1.0,
        "population": 1405.9379,
        "people_affected": 24.1821,
        "facilities_hit": 0,
        "facilities_by_type": {},
        "road_cut_km": 0.0,
        "confidence": "Low",
        "confidence_score": 0.345,
        "reason": "Low: single-method detection (methods disagree); optical ML unavailable for zone",
        "conf_detail": {
          "agreement_ratio": 0.0,
          "terrain_penalty": 0.0,
          "time_penalty": 0.375,
          "margin_score": 0.598,
          "method_penalty": 0.15
        },
        "breakdown": {
          "severity": 0.0073,
          "people": 0.0094,
          "facilities": 0.0,
          "roads": 0.0
        },
        "score": 0.0167,
        "rank": 480,
        "tier": "P3"
      },
      "geometry": {
        "type": "Polygon",
        "coordinates": [
          [
            [
              91.02623352612791,
              26.321958936013868
            ],
            [
              91.02608046799853,
              26.33098300655617
            ],
            [
              91.01606599025969,
              26.33084470397657
            ],
            [
              91.01621982367529,
              26.321820687992023
            ],
            [
              91.02623352612791,
              26.321958936013868
            ]
          ]
        ]
      }
    },
    {
      "id": "26",
      "type": "Feature",
      "properties": {
        "zone_id": "Grid-0-26",
        "name": "Grid-0-26",
        "flood_km2": 0.0252,
        "flood_pct": 2.52,
        "zone_area_km2": 1.0,
        "population": 548.5714,
        "people_affected": 13.824,
        "facilities_hit": 0,
        "facilities_by_type": {},
        "road_cut_km": 0.0,
        "confidence": "Low",
        "confidence_score": 0.35,
        "reason": "Low: single-method detection (methods disagree); optical ML unavailable for zone",
        "conf_detail": {
          "agreement_ratio": 0.0,
          "terrain_penalty": 0.0,
          "time_penalty": 0.375,
          "margin_score": 0.623,
          "method_penalty": 0.15
        },
        "breakdown": {
          "severity": 0.0107,
          "people": 0.0054,
          "facilities": 0.0,
          "roads": 0.0
        },
        "score": 0.0161,
        "rank": 481,
        "tier": "P3"
      },
      "geometry": {
        "type": "Polygon",
        "coordinates": [
          [
            [
              91.21595353145938,
              26.360553025218458
            ],
            [
              91.21581494616228,
              26.369578031801133
            ],
            [
              91.20579604784827,
              26.36945281516149
            ],
            [
              91.20593541034135,
              26.36042785792843
            ],
            [
              91.21595353145938,
              26.360553025218458
            ]
          ]
        ]
      }
    },
    {
      "id": "626",
      "type": "Feature",
      "properties": {
        "zone_id": "Grid-20-6",
        "name": "Grid-20-6",
        "flood_km2": 0.0268,
        "flood_pct": 2.68,
        "zone_area_km2": 1.0,
        "population": 450.0352,
        "people_affected": 12.0609,
        "facilities_hit": 0,
        "facilities_by_type": {},
        "road_cut_km": 0.0,
        "confidence": "Low",
        "confidence_score": 0.334,
        "reason": "Low: single-method detection (methods disagree); optical ML unavailable for zone",
        "conf_detail": {
          "agreement_ratio": 0.0,
          "terrain_penalty": 0.0,
          "time_penalty": 0.375,
          "margin_score": 0.543,
          "method_penalty": 0.15
        },
        "breakdown": {
          "severity": 0.0114,
          "people": 0.0047,
          "facilities": 0.0,
          "roads": 0.0
        },
        "score": 0.0161,
        "rank": 482,
        "tier": "P3"
      },
      "geometry": {
        "type": "Polygon",
        "coordinates": [
          [
            [
              91.01867127388167,
              26.177434775929683
            ],
            [
              91.01851860236948,
              26.186458986647086
            ],
            [
              91.00851655772156,
              26.186320861479405
            ],
            [
              91.00866999864459,
              26.17729670546364
            ],
            [
              91.01867127388167,
              26.177434775929683
            ]
          ]
        ]
      }
    },
    {
      "id": "907",
      "type": "Feature",
      "properties": {
        "zone_id": "Grid-29-8",
        "name": "Grid-29-8",
        "flood_km2": 0.0112,
        "flood_pct": 2.4348,
        "zone_area_km2": 0.47237621329026297,
        "population": 569.5942,
        "people_affected": 13.8684,
        "facilities_hit": 0,
        "facilities_by_type": {},
        "road_cut_km": 0.0,
        "confidence": "Low",
        "confidence_score": 0.344,
        "reason": "Low: single-method detection (methods disagree); optical ML unavailable for zone",
        "conf_detail": {
          "agreement_ratio": 0.0,
          "terrain_penalty": 0.0,
          "time_penalty": 0.375,
          "margin_score": 0.597,
          "method_penalty": 0.15
        },
        "breakdown": {
          "severity": 0.0104,
          "people": 0.0054,
          "facilities": 0.0,
          "roads": 0.0
        },
        "score": 0.0157,
        "rank": 483,
        "tier": "P3"
      },
      "geometry": {
        "type": "Polygon",
        "coordinates": [
          [
            [
              91.0399516195928,
              26.101250919620096
            ],
            [
              91.03988052357882,
              26.10551384339334
            ],
            [
              91.02988524643517,
              26.105377594374882
            ],
            [
              91.02995670442031,
              26.101114696148258
            ],
            [
              91.0399516195928,
              26.101250919620096
            ]
          ]
        ]
      }
    },
    {
      "id": "577",
      "type": "Feature",
      "properties": {
        "zone_id": "Grid-18-19",
        "name": "Grid-18-19",
        "flood_km2": 0.0308,
        "flood_pct": 3.08,
        "zone_area_km2": 1.0,
        "population": 210.545,
        "people_affected": 6.4848,
        "facilities_hit": 0,
        "facilities_by_type": {},
        "road_cut_km": 0.0,
        "confidence": "Low",
        "confidence_score": 0.364,
        "reason": "Low: single-method detection (methods disagree); optical ML unavailable for zone",
        "conf_detail": {
          "agreement_ratio": 0.0,
          "terrain_penalty": 0.0,
          "time_penalty": 0.375,
          "margin_score": 0.693,
          "method_penalty": 0.15
        },
        "breakdown": {
          "severity": 0.0131,
          "people": 0.0025,
          "facilities": 0.0,
          "roads": 0.0
        },
        "score": 0.0156,
        "rank": 484,
        "tier": "P3"
      },
      "geometry": {
        "type": "Polygon",
        "coordinates": [
          [
            [
              91.14840890704725,
              26.197216289649845
            ],
            [
              91.14826610462244,
              26.20624116237532
            ],
            [
              91.13826160622565,
              26.206111965268448
            ],
            [
              91.13840517909622,
              26.197087143685142
            ],
            [
              91.14840890704725,
              26.197216289649845
            ]
          ]
        ]
      }
    },
    {
      "id": "720",
      "type": "Feature",
      "properties": {
        "zone_id": "Grid-23-7",
        "name": "Grid-23-7",
        "flood_km2": 0.0236,
        "flood_pct": 2.36,
        "zone_area_km2": 1.0,
        "population": 580.2126,
        "people_affected": 13.693,
        "facilities_hit": 0,
        "facilities_by_type": {},
        "road_cut_km": 0.0,
        "confidence": "Low",
        "confidence_score": 0.342,
        "reason": "Low: single-method detection (methods disagree); optical ML unavailable for zone",
        "conf_detail": {
          "agreement_ratio": 0.0,
          "terrain_penalty": 0.0,
          "time_penalty": 0.375,
          "margin_score": 0.583,
          "method_penalty": 0.15
        },
        "breakdown": {
          "severity": 0.01,
          "people": 0.0053,
          "facilities": 0.0,
          "roads": 0.0
        },
        "score": 0.0154,
        "rank": 485,
        "tier": "P3"
      },
      "geometry": {
        "type": "Polygon",
        "coordinates": [
          [
            [
              91.02912789557064,
              26.15049928390951
            ],
            [
              91.02897620956563,
              26.15952358545095
            ],
            [
              91.01897639969195,
              26.159386318066733
            ],
            [
              91.01912885403834,
              26.150362070927567
            ],
            [
              91.02912789557064,
              26.15049928390951
            ]
          ]
        ]
      }
    },
    {
      "id": "726",
      "type": "Feature",
      "properties": {
        "zone_id": "Grid-23-13",
        "name": "Grid-23-13",
        "flood_km2": 0.0256,
        "flood_pct": 2.56,
        "zone_area_km2": 1.0,
        "population": 425.8525,
        "people_affected": 10.9018,
        "facilities_hit": 0,
        "facilities_by_type": {},
        "road_cut_km": 0.0,
        "confidence": "Low",
        "confidence_score": 0.32,
        "reason": "Low: single-method detection (methods disagree); optical ML unavailable for zone",
        "conf_detail": {
          "agreement_ratio": 0.0,
          "terrain_penalty": 0.0,
          "time_penalty": 0.375,
          "margin_score": 0.473,
          "method_penalty": 0.15
        },
        "breakdown": {
          "severity": 0.0109,
          "people": 0.0042,
          "facilities": 0.0,
          "roads": 0.0
        },
        "score": 0.0151,
        "rank": 486,
        "tier": "P3"
      },
      "geometry": {
        "type": "Polygon",
        "coordinates": [
          [
            [
              91.08912364350898,
              26.15130799873569
            ],
            [
              91.08897656805229,
              26.16033262091933
            ],
            [
              91.07897633164535,
              26.160199516154773
            ],
            [
              91.07912417558568,
              26.151174946724375
            ],
            [
              91.08912364350898,
              26.15130799873569
            ]
          ]
        ]
      }
    },
    {
      "id": "382",
      "type": "Feature",
      "properties": {
        "zone_id": "Grid-12-10",
        "name": "Grid-12-10",
        "flood_km2": 0.0216,
        "flood_pct": 2.16,
        "zone_area_km2": 1.0,
        "population": 702.6414,
        "people_affected": 15.1771,
        "facilities_hit": 0,
        "facilities_by_type": {},
        "road_cut_km": 0.0,
        "confidence": "Low",
        "confidence_score": 0.339,
        "reason": "Low: single-method detection (methods disagree); optical ML unavailable for zone",
        "conf_detail": {
          "agreement_ratio": 0.0,
          "terrain_penalty": 0.0,
          "time_penalty": 0.375,
          "margin_score": 0.569,
          "method_penalty": 0.15
        },
        "breakdown": {
          "severity": 0.0092,
          "people": 0.0059,
          "facilities": 0.0,
          "roads": 0.0
        },
        "score": 0.0151,
        "rank": 487,
        "tier": "P3"
      },
      "geometry": {
        "type": "Polygon",
        "coordinates": [
          [
            [
              91.05747835758018,
              26.25017518988442
            ],
            [
              91.05732819546557,
              26.259199519653777
            ],
            [
              91.04731969405987,
              26.259063743607985
            ],
            [
              91.04747062860338,
              26.250039467504877
            ],
            [
              91.05747835758018,
              26.25017518988442
            ]
          ]
        ]
      }
    },
    {
      "id": "434",
      "type": "Feature",
      "properties": {
        "zone_id": "Grid-14-0",
        "name": "Grid-14-0",
        "flood_km2": 0.0196,
        "flood_pct": 1.96,
        "zone_area_km2": 1.0,
        "population": 883.5568,
        "people_affected": 17.3177,
        "facilities_hit": 0,
        "facilities_by_type": {},
        "road_cut_km": 0.0,
        "confidence": "Low",
        "confidence_score": 0.339,
        "reason": "Low: single-method detection (methods disagree); optical ML unavailable for zone",
        "conf_detail": {
          "agreement_ratio": 0.0,
          "terrain_penalty": 0.0,
          "time_penalty": 0.375,
          "margin_score": 0.569,
          "method_penalty": 0.15
        },
        "breakdown": {
          "severity": 0.0083,
          "people": 0.0067,
          "facilities": 0.0,
          "roads": 0.0
        },
        "score": 0.0151,
        "rank": 488,
        "tier": "P3"
      },
      "geometry": {
        "type": "Polygon",
        "coordinates": [
          [
            [
              90.95771987587258,
              26.23073902731055
            ],
            [
              90.95756214013619,
              26.239762832465843
            ],
            [
              90.94755591452787,
              26.23962020225845
            ],
            [
              90.94771442171734,
              26.230596453504887
            ],
            [
              90.95771987587258,
              26.23073902731055
            ]
          ]
        ]
      }
    },
    {
      "id": "409",
      "type": "Feature",
      "properties": {
        "zone_id": "Grid-13-6",
        "name": "Grid-13-6",
        "flood_km2": 0.0208,
        "flood_pct": 2.08,
        "zone_area_km2": 1.0,
        "population": 763.6134,
        "people_affected": 15.8832,
        "facilities_hit": 0,
        "facilities_by_type": {},
        "road_cut_km": 0.0,
        "confidence": "Low",
        "confidence_score": 0.345,
        "reason": "Low: single-method detection (methods disagree); optical ML unavailable for zone",
        "conf_detail": {
          "agreement_ratio": 0.0,
          "terrain_penalty": 0.0,
          "time_penalty": 0.375,
          "margin_score": 0.602,
          "method_penalty": 0.15
        },
        "breakdown": {
          "severity": 0.0088,
          "people": 0.0062,
          "facilities": 0.0,
          "roads": 0.0
        },
        "score": 0.015,
        "rank": 489,
        "tier": "P3"
      },
      "geometry": {
        "type": "Polygon",
        "coordinates": [
          [
            [
              91.01760105127315,
              26.24060399575401
            ],
            [
              91.0174478721937,
              26.249628121375892
            ],
            [
              91.00744043144955,
              26.249489613066952
            ],
            [
              91.00759438249577,
              26.24046554220419
            ],
            [
              91.01760105127315,
              26.24060399575401
            ]
          ]
        ]
      }
    },
    {
      "id": "691",
      "type": "Feature",
      "properties": {
        "zone_id": "Grid-22-9",
        "name": "Grid-22-9",
        "flood_km2": 0.0236,
        "flood_pct": 2.36,
        "zone_area_km2": 1.0,
        "population": 540.9024,
        "people_affected": 12.7653,
        "facilities_hit": 0,
        "facilities_by_type": {},
        "road_cut_km": 0.0,
        "confidence": "Low",
        "confidence_score": 0.344,
        "reason": "Low: single-method detection (methods disagree); optical ML unavailable for zone",
        "conf_detail": {
          "agreement_ratio": 0.0,
          "terrain_penalty": 0.0,
          "time_penalty": 0.375,
          "margin_score": 0.596,
          "method_penalty": 0.15
        },
        "breakdown": {
          "severity": 0.01,
          "people": 0.005,
          "facilities": 0.0,
          "roads": 0.0
        },
        "score": 0.015,
        "rank": 490,
        "tier": "P3"
      },
      "geometry": {
        "type": "Polygon",
        "coordinates": [
          [
            [
              91.04897604494862,
              26.159796039033125
            ],
            [
              91.04882582442714,
              26.168820436441557
            ],
            [
              91.03882510216413,
              26.16868450266054
            ],
            [
              91.03897609143932,
              26.159660159112804
            ],
            [
              91.04897604494862,
              26.159796039033125
            ]
          ]
        ]
      }
    },
    {
      "id": "267",
      "type": "Feature",
      "properties": {
        "zone_id": "Grid-8-19",
        "name": "Grid-8-19",
        "flood_km2": 0.0168,
        "flood_pct": 1.68,
        "zone_area_km2": 1.0,
        "population": 1195.7657,
        "people_affected": 20.0889,
        "facilities_hit": 0,
        "facilities_by_type": {},
        "road_cut_km": 0.0,
        "confidence": "Low",
        "confidence_score": 0.349,
        "reason": "Low: single-method detection (methods disagree); optical ML unavailable for zone",
        "conf_detail": {
          "agreement_ratio": 0.0,
          "terrain_penalty": 0.0,
          "time_penalty": 0.375,
          "margin_score": 0.618,
          "method_penalty": 0.15
        },
        "breakdown": {
          "severity": 0.0071,
          "people": 0.0078,
          "facilities": 0.0,
          "roads": 0.0
        },
        "score": 0.0149,
        "rank": 491,
        "tier": "P3"
      },
      "geometry": {
        "type": "Polygon",
        "coordinates": [
          [
            [
              91.14697783183414,
              26.287464474262464
            ],
            [
              91.14683435100088,
              26.296489226343578
            ],
            [
              91.13682212803968,
              26.29635951739228
            ],
            [
              91.13696638297633,
              26.28733481653025
            ],
            [
              91.14697783183414,
              26.287464474262464
            ]
          ]
        ]
      }
    },
    {
      "id": "28",
      "type": "Feature",
      "properties": {
        "zone_id": "Grid-0-28",
        "name": "Grid-0-28",
        "flood_km2": 0.0228,
        "flood_pct": 2.28,
        "zone_area_km2": 1.0,
        "population": 582.093,
        "people_affected": 13.2717,
        "facilities_hit": 0,
        "facilities_by_type": {},
        "road_cut_km": 0.0,
        "confidence": "Low",
        "confidence_score": 0.363,
        "reason": "Low: single-method detection (methods disagree); optical ML unavailable for zone",
        "conf_detail": {
          "agreement_ratio": 0.0,
          "terrain_penalty": 0.0,
          "time_penalty": 0.375,
          "margin_score": 0.692,
          "method_penalty": 0.15
        },
        "breakdown": {
          "severity": 0.0097,
          "people": 0.0051,
          "facilities": 0.0,
          "roads": 0.0
        },
        "score": 0.0148,
        "rank": 492,
        "tier": "P3"
      },
      "geometry": {
        "type": "Polygon",
        "coordinates": [
          [
            [
              91.23598996999083,
              26.360801259391245
            ],
            [
              91.23585293915167,
              26.369826363845327
            ],
            [
              91.22583391005259,
              26.369702548034915
            ],
            [
              91.22597171813167,
              26.360677492378567
            ],
            [
              91.23598996999083,
              26.360801259391245
            ]
          ]
        ]
      }
    },
    {
      "id": "191",
      "type": "Feature",
      "properties": {
        "zone_id": "Grid-6-5",
        "name": "Grid-6-5",
        "flood_km2": 0.0204,
        "flood_pct": 2.04,
        "zone_area_km2": 1.0,
        "population": 755.4666,
        "people_affected": 15.4115,
        "facilities_hit": 0,
        "facilities_by_type": {},
        "road_cut_km": 0.0,
        "confidence": "Low",
        "confidence_score": 0.364,
        "reason": "Low: single-method detection (methods disagree); optical ML unavailable for zone",
        "conf_detail": {
          "agreement_ratio": 0.0,
          "terrain_penalty": 0.0,
          "time_penalty": 0.375,
          "margin_score": 0.696,
          "method_penalty": 0.15
        },
        "breakdown": {
          "severity": 0.0087,
          "people": 0.006,
          "facilities": 0.0,
          "roads": 0.0
        },
        "score": 0.0147,
        "rank": 493,
        "tier": "P3"
      },
      "geometry": {
        "type": "Polygon",
        "coordinates": [
          [
            [
              91.00651519189908,
              26.303633782405658
            ],
            [
              91.00636072953345,
              26.31265776795945
            ],
            [
              90.99634794792115,
              26.31251817774448
            ],
            [
              90.99650318479097,
              26.303494247282995
            ],
            [
              91.00651519189908,
              26.303633782405658
            ]
          ]
        ]
      }
    },
    {
      "id": "222",
      "type": "Feature",
      "properties": {
        "zone_id": "Grid-7-5",
        "name": "Grid-7-5",
        "flood_km2": 0.02,
        "flood_pct": 2.0,
        "zone_area_km2": 1.0,
        "population": 785.3972,
        "people_affected": 15.7079,
        "facilities_hit": 0,
        "facilities_by_type": {},
        "road_cut_km": 0.0,
        "confidence": "Low",
        "confidence_score": 0.354,
        "reason": "Low: single-method detection (methods disagree); optical ML unavailable for zone",
        "conf_detail": {
          "agreement_ratio": 0.0,
          "terrain_penalty": 0.0,
          "time_penalty": 0.375,
          "margin_score": 0.645,
          "method_penalty": 0.15
        },
        "breakdown": {
          "severity": 0.0085,
          "people": 0.0061,
          "facilities": 0.0,
          "roads": 0.0
        },
        "score": 0.0146,
        "rank": 494,
        "tier": "P3"
      },
      "geometry": {
        "type": "Polygon",
        "coordinates": [
          [
            [
              91.00666958114564,
              26.29460978465533
            ],
            [
              91.00651519189908,
              26.303633782405658
            ],
            [
              90.99650318479097,
              26.303494247282995
            ],
            [
              90.99665834817537,
              26.294470304616674
            ],
            [
              91.00666958114564,
              26.29460978465533
            ]
          ]
        ]
      }
    },
    {
      "id": "272",
      "type": "Feature",
      "properties": {
        "zone_id": "Grid-8-24",
        "name": "Grid-8-24",
        "flood_km2": 0.0156,
        "flood_pct": 1.56,
        "zone_area_km2": 1.0,
        "population": 1275.7195,
        "people_affected": 19.9012,
        "facilities_hit": 0,
        "facilities_by_type": {},
        "road_cut_km": 0.0,
        "confidence": "Low",
        "confidence_score": 0.332,
        "reason": "Low: single-method detection (methods disagree); optical ML unavailable for zone",
        "conf_detail": {
          "agreement_ratio": 0.0,
          "terrain_penalty": 0.0,
          "time_penalty": 0.375,
          "margin_score": 0.533,
          "method_penalty": 0.15
        },
        "breakdown": {
          "severity": 0.0066,
          "people": 0.0077,
          "facilities": 0.0,
          "roads": 0.0
        },
        "score": 0.0144,
        "rank": 495,
        "tier": "P3"
      },
      "geometry": {
        "type": "Polygon",
        "coordinates": [
          [
            [
              91.19703608794299,
              26.28810229557543
            ],
            [
              91.19689647796582,
              26.29712729961865
            ],
            [
              91.18688391883987,
              26.2970010812211
            ],
            [
              91.18702430303307,
              26.28797612701916
            ],
            [
              91.19703608794299,
              26.28810229557543
            ]
          ]
        ]
      }
    },
    {
      "id": "576",
      "type": "Feature",
      "properties": {
        "zone_id": "Grid-18-18",
        "name": "Grid-18-18",
        "flood_km2": 0.0228,
        "flood_pct": 2.28,
        "zone_area_km2": 1.0,
        "population": 514.2236,
        "people_affected": 11.7243,
        "facilities_hit": 0,
        "facilities_by_type": {},
        "road_cut_km": 0.0,
        "confidence": "Low",
        "confidence_score": 0.356,
        "reason": "Low: single-method detection (methods disagree); optical ML unavailable for zone",
        "conf_detail": {
          "agreement_ratio": 0.0,
          "terrain_penalty": 0.0,
          "time_penalty": 0.375,
          "margin_score": 0.655,
          "method_penalty": 0.15
        },
        "breakdown": {
          "severity": 0.0097,
          "people": 0.0045,
          "facilities": 0.0,
          "roads": 0.0
        },
        "score": 0.0142,
        "rank": 496,
        "tier": "P3"
      },
      "geometry": {
        "type": "Polygon",
        "coordinates": [
          [
            [
              91.13840517909622,
              26.197087143685142
            ],
            [
              91.13826160622565,
              26.206111965268448
            ],
            [
              91.12825717593283,
              26.205982072858582
            ],
            [
              91.12840151922643,
              26.19695730269258
            ],
            [
              91.13840517909622,
              26.197087143685142
            ]
          ]
        ]
      }
    },
    {
      "id": "723",
      "type": "Feature",
      "properties": {
        "zone_id": "Grid-23-10",
        "name": "Grid-23-10",
        "flood_km2": 0.02,
        "flood_pct": 2.0,
        "zone_area_km2": 1.0,
        "population": 716.8107,
        "people_affected": 14.3362,
        "facilities_hit": 0,
        "facilities_by_type": {},
        "road_cut_km": 0.0,
        "confidence": "Low",
        "confidence_score": 0.348,
        "reason": "Low: single-method detection (methods disagree); optical ML unavailable for zone",
        "conf_detail": {
          "agreement_ratio": 0.0,
          "terrain_penalty": 0.0,
          "time_penalty": 0.375,
          "margin_score": 0.617,
          "method_penalty": 0.15
        },
        "breakdown": {
          "severity": 0.0085,
          "people": 0.0056,
          "facilities": 0.0,
          "roads": 0.0
        },
        "score": 0.0141,
        "rank": 497,
        "tier": "P3"
      },
      "geometry": {
        "type": "Polygon",
        "coordinates": [
          [
            [
              91.0591254505663,
              26.150906762093516
            ],
            [
              91.05897606972903,
              26.15993122519285
            ],
            [
              91.04897604494862,
              26.159796039033125
            ],
            [
              91.04912619419893,
              26.150771629511592
            ],
            [
              91.0591254505663,
              26.150906762093516
            ]
          ]
        ]
      }
    },
    {
      "id": "839",
      "type": "Feature",
      "properties": {
        "zone_id": "Grid-27-2",
        "name": "Grid-27-2",
        "flood_km2": 0.0212,
        "flood_pct": 2.12,
        "zone_area_km2": 1.0,
        "population": 607.2249,
        "people_affected": 12.8732,
        "facilities_hit": 0,
        "facilities_by_type": {},
        "road_cut_km": 0.0,
        "confidence": "Low",
        "confidence_score": 0.333,
        "reason": "Low: single-method detection (methods disagree); optical ML unavailable for zone",
        "conf_detail": {
          "agreement_ratio": 0.0,
          "terrain_penalty": 0.0,
          "time_penalty": 0.375,
          "margin_score": 0.54,
          "method_penalty": 0.15
        },
        "breakdown": {
          "severity": 0.009,
          "people": 0.005,
          "facilities": 0.0,
          "roads": 0.0
        },
        "score": 0.014,
        "rank": 498,
        "tier": "P3"
      },
      "geometry": {
        "type": "Polygon",
        "coordinates": [
          [
            [
              90.97975478710502,
              26.113710056142512
            ],
            [
              90.9795995546775,
              26.12273413157408
            ],
            [
              90.96960318096316,
              26.122593618923577
            ],
            [
              90.96975918015403,
              26.11356959923487
            ],
            [
              90.97975478710502,
              26.113710056142512
            ]
          ]
        ]
      }
    },
    {
      "id": "192",
      "type": "Feature",
      "properties": {
        "zone_id": "Grid-6-6",
        "name": "Grid-6-6",
        "flood_km2": 0.0148,
        "flood_pct": 1.48,
        "zone_area_km2": 1.0,
        "population": 1342.4004,
        "people_affected": 19.8675,
        "facilities_hit": 0,
        "facilities_by_type": {},
        "road_cut_km": 0.0,
        "confidence": "Low",
        "confidence_score": 0.308,
        "reason": "Low: single-method detection (methods disagree); optical ML unavailable for zone",
        "conf_detail": {
          "agreement_ratio": 0.0,
          "terrain_penalty": 0.0,
          "time_penalty": 0.375,
          "margin_score": 0.416,
          "method_penalty": 0.15
        },
        "breakdown": {
          "severity": 0.0063,
          "people": 0.0077,
          "facilities": 0.0,
          "roads": 0.0
        },
        "score": 0.014,
        "rank": 499,
        "tier": "P3"
      },
      "geometry": {
        "type": "Polygon",
        "coordinates": [
          [
            [
              91.01652727212627,
              26.30377261944225
            ],
            [
              91.01637358428934,
              26.312796659812864
            ],
            [
              91.00636072953345,
              26.31265776795945
            ],
            [
              91.00651519189908,
              26.303633782405658
            ],
            [
              91.01652727212627,
              26.30377261944225
            ]
          ]
        ]
      }
    },
    {
      "id": "556",
      "type": "Feature",
      "properties": {
        "zone_id": "Grid-17-29",
        "name": "Grid-17-29",
        "flood_km2": 0.0232,
        "flood_pct": 2.32,
        "zone_area_km2": 1.0,
        "population": 454.7914,
        "people_affected": 10.5512,
        "facilities_hit": 0,
        "facilities_by_type": {},
        "road_cut_km": 0.0,
        "confidence": "Low",
        "confidence_score": 0.336,
        "reason": "Low: single-method detection (methods disagree); optical ML unavailable for zone",
        "conf_detail": {
          "agreement_ratio": 0.0,
          "terrain_penalty": 0.0,
          "time_penalty": 0.375,
          "margin_score": 0.555,
          "method_penalty": 0.15
        },
        "breakdown": {
          "severity": 0.0099,
          "people": 0.0041,
          "facilities": 0.0,
          "roads": 0.0
        },
        "score": 0.014,
        "rank": 500,
        "tier": "P3"
      },
      "geometry": {
        "type": "Polygon",
        "coordinates": [
          [
            [
              91.24831475395489,
              26.207494887838287
            ],
            [
              91.2481795931264,
              26.216520244875987
            ],
            [
              91.23817366274703,
              26.21639795338263
            ],
            [
              91.23830959460744,
              26.207372644742662
            ],
            [
              91.24831475395489,
              26.207494887838287
            ]
          ]
        ]
      }
    },
    {
      "id": "110",
      "type": "Feature",
      "properties": {
        "zone_id": "Grid-3-17",
        "name": "Grid-3-17",
        "flood_km2": 0.016,
        "flood_pct": 1.6,
        "zone_area_km2": 1.0,
        "population": 1141.7217,
        "people_affected": 18.2675,
        "facilities_hit": 0,
        "facilities_by_type": {},
        "road_cut_km": 0.0,
        "confidence": "Low",
        "confidence_score": 0.344,
        "reason": "Low: single-method detection (methods disagree); optical ML unavailable for zone",
        "conf_detail": {
          "agreement_ratio": 0.0,
          "terrain_penalty": 0.0,
          "time_penalty": 0.375,
          "margin_score": 0.593,
          "method_penalty": 0.15
        },
        "breakdown": {
          "severity": 0.0068,
          "people": 0.0071,
          "facilities": 0.0,
          "roads": 0.0
        },
        "score": 0.0139,
        "rank": 501,
        "tier": "P3"
      },
      "geometry": {
        "type": "Polygon",
        "coordinates": [
          [
            [
              91.12622917012457,
              26.332327586852305
            ],
            [
              91.12608379738327,
              26.34135217570318
            ],
            [
              91.11606783566734,
              26.341220811689514
            ],
            [
              91.11621398429934,
              26.332196274647817
            ],
            [
              91.12622917012457,
              26.332327586852305
            ]
          ]
        ]
      }
    },
    {
      "id": "68",
      "type": "Feature",
      "properties": {
        "zone_id": "Grid-2-6",
        "name": "Grid-2-6",
        "flood_km2": 0.0156,
        "flood_pct": 1.56,
        "zone_area_km2": 1.0,
        "population": 1180.8348,
        "people_affected": 18.421,
        "facilities_hit": 0,
        "facilities_by_type": {},
        "road_cut_km": 0.0,
        "confidence": "Low",
        "confidence_score": 0.349,
        "reason": "Low: single-method detection (methods disagree); optical ML unavailable for zone",
        "conf_detail": {
          "agreement_ratio": 0.0,
          "terrain_penalty": 0.0,
          "time_penalty": 0.375,
          "margin_score": 0.62,
          "method_penalty": 0.15
        },
        "breakdown": {
          "severity": 0.0066,
          "people": 0.0071,
          "facilities": 0.0,
          "roads": 0.0
        },
        "score": 0.0138,
        "rank": 502,
        "tier": "P3"
      },
      "geometry": {
        "type": "Polygon",
        "coordinates": [
          [
            [
              91.01591208401814,
              26.339868707763323
            ],
            [
              91.01575810492616,
              26.348892699349122
            ],
            [
              91.00574214838943,
              26.34875358814581
            ],
            [
              91.00589690347677,
              26.339729651409893
            ],
            [
              91.01591208401814,
              26.339868707763323
            ]
          ]
        ]
      }
    },
    {
      "id": "72",
      "type": "Feature",
      "properties": {
        "zone_id": "Grid-2-10",
        "name": "Grid-2-10",
        "flood_km2": 0.0144,
        "flood_pct": 1.44,
        "zone_area_km2": 1.0,
        "population": 1370.2192,
        "people_affected": 19.7312,
        "facilities_hit": 0,
        "facilities_by_type": {},
        "road_cut_km": 0.0,
        "confidence": "Low",
        "confidence_score": 0.336,
        "reason": "Low: single-method detection (methods disagree); optical ML unavailable for zone",
        "conf_detail": {
          "agreement_ratio": 0.0,
          "terrain_penalty": 0.0,
          "time_penalty": 0.375,
          "margin_score": 0.557,
          "method_penalty": 0.15
        },
        "breakdown": {
          "severity": 0.0061,
          "people": 0.0077,
          "facilities": 0.0,
          "roads": 0.0
        },
        "score": 0.0138,
        "rank": 503,
        "tier": "P3"
      },
      "geometry": {
        "type": "Polygon",
        "coordinates": [
          [
            [
              91.0559735310191,
              26.340417940904587
            ],
            [
              91.05582265615199,
              26.34944214913313
            ],
            [
              91.0458064103177,
              26.349305835980235
            ],
            [
              91.0459580612773,
              26.34028168149884
            ],
            [
              91.0559735310191,
              26.340417940904587
            ]
          ]
        ]
      }
    },
    {
      "id": "880",
      "type": "Feature",
      "properties": {
        "zone_id": "Grid-28-12",
        "name": "Grid-28-12",
        "flood_km2": 0.0136,
        "flood_pct": 1.36,
        "zone_area_km2": 1.0,
        "population": 1485.4279,
        "people_affected": 20.2018,
        "facilities_hit": 0,
        "facilities_by_type": {},
        "road_cut_km": 0.0,
        "confidence": "Low",
        "confidence_score": 0.312,
        "reason": "Low: single-method detection (methods disagree); optical ML unavailable for zone",
        "conf_detail": {
          "agreement_ratio": 0.0,
          "terrain_penalty": 0.0,
          "time_penalty": 0.375,
          "margin_score": 0.434,
          "method_penalty": 0.15
        },
        "breakdown": {
          "severity": 0.0058,
          "people": 0.0078,
          "facilities": 0.0,
          "roads": 0.0
        },
        "score": 0.0136,
        "rank": 504,
        "tier": "P3"
      },
      "geometry": {
        "type": "Polygon",
        "coordinates": [
          [
            [
              91.07986234344077,
              26.10605191834561
            ],
            [
              91.07971485003807,
              26.115076548174393
            ],
            [
              91.0697185224674,
              26.11494301465389
            ],
            [
              91.06986678250965,
              26.10591843781359
            ],
            [
              91.07986234344077,
              26.10605191834561
            ]
          ]
        ]
      }
    },
    {
      "id": "606",
      "type": "Feature",
      "properties": {
        "zone_id": "Grid-19-17",
        "name": "Grid-19-17",
        "flood_km2": 0.0132,
        "flood_pct": 1.32,
        "zone_area_km2": 1.0,
        "population": 1557.1514,
        "people_affected": 20.5544,
        "facilities_hit": 0,
        "facilities_by_type": {},
        "road_cut_km": 0.0,
        "confidence": "Low",
        "confidence_score": 0.343,
        "reason": "Low: single-method detection (methods disagree); optical ML unavailable for zone",
        "conf_detail": {
          "agreement_ratio": 0.0,
          "terrain_penalty": 0.0,
          "time_penalty": 0.375,
          "margin_score": 0.59,
          "method_penalty": 0.15
        },
        "breakdown": {
          "severity": 0.0056,
          "people": 0.008,
          "facilities": 0.0,
          "roads": 0.0
        },
        "score": 0.0136,
        "rank": 505,
        "tier": "P3"
      },
      "geometry": {
        "type": "Polygon",
        "coordinates": [
          [
            [
              91.12854579407372,
              26.187932520463942
            ],
            [
              91.12840151922643,
              26.19695730269258
            ],
            [
              91.11839792780293,
              26.19682676669039
            ],
            [
              91.1185429726853,
              26.18780203614641
            ],
            [
              91.12854579407372,
              26.187932520463942
            ]
          ]
        ]
      }
    },
    {
      "id": "154",
      "type": "Feature",
      "properties": {
        "zone_id": "Grid-4-30",
        "name": "Grid-4-30",
        "flood_km2": 0.0104,
        "flood_pct": 2.4762,
        "zone_area_km2": 0.41200812744302673,
        "population": 295.3801,
        "people_affected": 7.3142,
        "facilities_hit": 0,
        "facilities_by_type": {},
        "road_cut_km": 0.0,
        "confidence": "Low",
        "confidence_score": 0.35,
        "reason": "Low: single-method detection (methods disagree); optical ML unavailable for zone",
        "conf_detail": {
          "agreement_ratio": 0.0,
          "terrain_penalty": 0.0,
          "time_penalty": 0.375,
          "margin_score": 0.626,
          "method_penalty": 0.15
        },
        "breakdown": {
          "severity": 0.0105,
          "people": 0.0028,
          "facilities": 0.0,
          "roads": 0.0
        },
        "score": 0.0134,
        "rank": 506,
        "tier": "P3"
      },
      "geometry": {
        "type": "Polygon",
        "coordinates": [
          [
            [
              91.25067902387488,
              26.324874015343767
            ],
            [
              91.25054334761475,
              26.33389923631317
            ],
            [
              91.24641666077638,
              26.333848795154474
            ],
            [
              91.24655265667569,
              26.324823594084148
            ],
            [
              91.25067902387488,
              26.324874015343767
            ]
          ]
        ]
      }
    },
    {
      "id": "709",
      "type": "Feature",
      "properties": {
        "zone_id": "Grid-22-27",
        "name": "Grid-22-27",
        "flood_km2": 0.0292,
        "flood_pct": 2.92,
        "zone_area_km2": 1.0,
        "population": 77.1932,
        "people_affected": 2.254,
        "facilities_hit": 0,
        "facilities_by_type": {},
        "road_cut_km": 0.0,
        "confidence": "Low",
        "confidence_score": 0.379,
        "reason": "Low: single-method detection (methods disagree); optical ML unavailable for zone",
        "conf_detail": {
          "agreement_ratio": 0.0,
          "terrain_penalty": 0.0,
          "time_penalty": 0.375,
          "margin_score": 0.771,
          "method_penalty": 0.15
        },
        "breakdown": {
          "severity": 0.0124,
          "people": 0.0009,
          "facilities": 0.0,
          "roads": 0.0
        },
        "score": 0.0133,
        "rank": 507,
        "tier": "P3"
      },
      "geometry": {
        "type": "Polygon",
        "coordinates": [
          [
            [
              91.22898704225014,
              26.162123226536615
            ],
            [
              91.2288506632456,
              26.171148546425144
            ],
            [
              91.2188487134687,
              26.17102510810639
            ],
            [
              91.21898586163653,
              26.161999837129425
            ],
            [
              91.22898704225014,
              26.162123226536615
            ]
          ]
        ]
      }
    },
    {
      "id": "278",
      "type": "Feature",
      "properties": {
        "zone_id": "Grid-8-30",
        "name": "Grid-8-30",
        "flood_km2": 0.01,
        "flood_pct": 2.381,
        "zone_area_km2": 0.41200812744302673,
        "population": 342.9799,
        "people_affected": 8.1662,
        "facilities_hit": 0,
        "facilities_by_type": {},
        "road_cut_km": 0.0,
        "confidence": "Low",
        "confidence_score": 0.366,
        "reason": "Low: single-method detection (methods disagree); optical ML unavailable for zone",
        "conf_detail": {
          "agreement_ratio": 0.0,
          "terrain_penalty": 0.0,
          "time_penalty": 0.375,
          "margin_score": 0.703,
          "method_penalty": 0.15
        },
        "breakdown": {
          "severity": 0.0101,
          "people": 0.0032,
          "facilities": 0.0,
          "roads": 0.0
        },
        "score": 0.0133,
        "rank": 508,
        "tier": "P3"
      },
      "geometry": {
        "type": "Polygon",
        "coordinates": [
          [
            [
              91.25122108698791,
              26.288773011367468
            ],
            [
              91.25108566745571,
              26.297798280370206
            ],
            [
              91.24696025826715,
              26.29774791878982
            ],
            [
              91.24709599683408,
              26.28872266967416
            ],
            [
              91.25122108698791,
              26.288773011367468
            ]
          ]
        ]
      }
    },
    {
      "id": "476",
      "type": "Feature",
      "properties": {
        "zone_id": "Grid-15-11",
        "name": "Grid-15-11",
        "flood_km2": 0.0296,
        "flood_pct": 2.96,
        "zone_area_km2": 1.0,
        "population": 53.6319,
        "people_affected": 1.5875,
        "facilities_hit": 0,
        "facilities_by_type": {},
        "road_cut_km": 0.0,
        "confidence": "Low",
        "confidence_score": 0.341,
        "reason": "Low: single-method detection (methods disagree); optical ML unavailable for zone",
        "conf_detail": {
          "agreement_ratio": 0.0,
          "terrain_penalty": 0.0,
          "time_penalty": 0.375,
          "margin_score": 0.581,
          "method_penalty": 0.15
        },
        "breakdown": {
          "severity": 0.0126,
          "people": 0.0006,
          "facilities": 0.0,
          "roads": 0.0
        },
        "score": 0.0132,
        "rank": 509,
        "tier": "P3"
      },
      "geometry": {
        "type": "Polygon",
        "coordinates": [
          [
            [
              91.06793390211165,
              26.22323699349317
            ],
            [
              91.06778472471359,
              26.23226141303012
            ],
            [
              91.05777846840124,
              26.23212649393869
            ],
            [
              91.05792841715528,
              26.223102127768644
            ],
            [
              91.06793390211165,
              26.22323699349317
            ]
          ]
        ]
      }
    },
    {
      "id": "736",
      "type": "Feature",
      "properties": {
        "zone_id": "Grid-23-23",
        "name": "Grid-23-23",
        "flood_km2": 0.02,
        "flood_pct": 2.0,
        "zone_area_km2": 1.0,
        "population": 594.1033,
        "people_affected": 11.8821,
        "facilities_hit": 0,
        "facilities_by_type": {},
        "road_cut_km": 0.0,
        "confidence": "Low",
        "confidence_score": 0.392,
        "reason": "Low: single-method detection (methods disagree); optical ML unavailable for zone",
        "conf_detail": {
          "agreement_ratio": 0.0,
          "terrain_penalty": 0.0,
          "time_penalty": 0.375,
          "margin_score": 0.833,
          "method_penalty": 0.15
        },
        "breakdown": {
          "severity": 0.0085,
          "people": 0.0046,
          "facilities": 0.0,
          "roads": 0.0
        },
        "score": 0.0131,
        "rank": 510,
        "tier": "P3"
      },
      "geometry": {
        "type": "Polygon",
        "coordinates": [
          [
            [
              91.18912210105299,
              26.15260036996209
            ],
            [
              91.18898271169328,
              26.161625504558803
            ],
            [
              91.17898179356034,
              26.16149933897728
            ],
            [
              91.17912195163109,
              26.152474254384693
            ],
            [
              91.18912210105299,
              26.15260036996209
            ]
          ]
        ]
      }
    },
    {
      "id": "526",
      "type": "Feature",
      "properties": {
        "zone_id": "Grid-16-30",
        "name": "Grid-16-30",
        "flood_km2": 0.0124,
        "flood_pct": 2.9524,
        "zone_area_km2": 0.41200812744302673,
        "population": 38.1121,
        "people_affected": 1.1252,
        "facilities_hit": 0,
        "facilities_by_type": {},
        "road_cut_km": 0.0,
        "confidence": "Low",
        "confidence_score": 0.348,
        "reason": "Low: single-method detection (methods disagree); optical ML unavailable for zone",
        "conf_detail": {
          "agreement_ratio": 0.0,
          "terrain_penalty": 0.0,
          "time_penalty": 0.375,
          "margin_score": 0.613,
          "method_penalty": 0.15
        },
        "breakdown": {
          "severity": 0.0126,
          "people": 0.0004,
          "facilities": 0.0,
          "roads": 0.0
        },
        "score": 0.013,
        "rank": 511,
        "tier": "P3"
      },
      "geometry": {
        "type": "Polygon",
        "coordinates": [
          [
            [
              91.25230213643366,
              26.216570427580287
            ],
            [
              91.25216722932613,
              26.225595792502148
            ],
            [
              91.24804436819063,
              26.22554558993468
            ],
            [
              91.2481795931264,
              26.216520244875987
            ],
            [
              91.25230213643366,
              26.216570427580287
            ]
          ]
        ]
      }
    },
    {
      "id": "651",
      "type": "Feature",
      "properties": {
        "zone_id": "Grid-21-0",
        "name": "Grid-21-0",
        "flood_km2": 0.024,
        "flood_pct": 2.4,
        "zone_area_km2": 1.0,
        "population": 293.3701,
        "people_affected": 7.0409,
        "facilities_hit": 0,
        "facilities_by_type": {},
        "road_cut_km": 0.0,
        "confidence": "Low",
        "confidence_score": 0.348,
        "reason": "Low: single-method detection (methods disagree); optical ML unavailable for zone",
        "conf_detail": {
          "agreement_ratio": 0.0,
          "terrain_penalty": 0.0,
          "time_penalty": 0.375,
          "margin_score": 0.615,
          "method_penalty": 0.15
        },
        "breakdown": {
          "severity": 0.0102,
          "people": 0.0027,
          "facilities": 0.0,
          "roads": 0.0
        },
        "score": 0.0129,
        "rank": 512,
        "tier": "P3"
      },
      "geometry": {
        "type": "Polygon",
        "coordinates": [
          [
            [
              90.95882193442259,
              26.167572049444694
            ],
            [
              90.95866472141275,
              26.176595940022214
            ],
            [
              90.94866388830928,
              26.17645370444933
            ],
            [
              90.94882187021777,
              26.167429870214377
            ],
            [
              90.95882193442259,
              26.167572049444694
            ]
          ]
        ]
      }
    },
    {
      "id": "869",
      "type": "Feature",
      "properties": {
        "zone_id": "Grid-28-1",
        "name": "Grid-28-1",
        "flood_km2": 0.0208,
        "flood_pct": 2.08,
        "zone_area_km2": 1.0,
        "population": 506.8373,
        "people_affected": 10.5422,
        "facilities_hit": 0,
        "facilities_by_type": {},
        "road_cut_km": 0.0,
        "confidence": "Low",
        "confidence_score": 0.303,
        "reason": "Low: single-method detection (methods disagree); optical ML unavailable for zone",
        "conf_detail": {
          "agreement_ratio": 0.0,
          "terrain_penalty": 0.0,
          "time_penalty": 0.375,
          "margin_score": 0.389,
          "method_penalty": 0.15
        },
        "breakdown": {
          "severity": 0.0088,
          "people": 0.0041,
          "facilities": 0.0,
          "roads": 0.0
        },
        "score": 0.0129,
        "rank": 513,
        "tier": "P3"
      },
      "geometry": {
        "type": "Polygon",
        "coordinates": [
          [
            [
              90.9699151052821,
              26.104545567383493
            ],
            [
              90.96975918015403,
              26.11356959923487
            ],
            [
              90.95976364726582,
              26.11342845009523
            ],
            [
              90.95992033876882,
              26.104404474252938
            ],
            [
              90.9699151052821,
              26.104545567383493
            ]
          ]
        ]
      }
    },
    {
      "id": "523",
      "type": "Feature",
      "properties": {
        "zone_id": "Grid-16-27",
        "name": "Grid-16-27",
        "flood_km2": 0.0184,
        "flood_pct": 1.84,
        "zone_area_km2": 1.0,
        "population": 706.0295,
        "people_affected": 12.9909,
        "facilities_hit": 0,
        "facilities_by_type": {},
        "road_cut_km": 0.0,
        "confidence": "Low",
        "confidence_score": 0.368,
        "reason": "Low: single-method detection (methods disagree); optical ML unavailable for zone",
        "conf_detail": {
          "agreement_ratio": 0.0,
          "terrain_penalty": 0.0,
          "time_penalty": 0.375,
          "margin_score": 0.717,
          "method_penalty": 0.15
        },
        "breakdown": {
          "severity": 0.0078,
          "people": 0.005,
          "facilities": 0.0,
          "roads": 0.0
        },
        "score": 0.0129,
        "rank": 514,
        "tier": "P3"
      },
      "geometry": {
        "type": "Polygon",
        "coordinates": [
          [
            [
              91.2281677968404,
              26.216274966134055
            ],
            [
              91.22803102913136,
              26.225300214107442
            ],
            [
              91.21802445670878,
              26.22517648216534
            ],
            [
              91.21816199577196,
              26.216151283147532
            ],
            [
              91.2281677968404,
              26.216274966134055
            ]
          ]
        ]
      }
    },
    {
      "id": "58",
      "type": "Feature",
      "properties": {
        "zone_id": "Grid-1-27",
        "name": "Grid-1-27",
        "flood_km2": 0.02,
        "flood_pct": 2.0,
        "zone_area_km2": 1.0,
        "population": 502.0987,
        "people_affected": 10.042,
        "facilities_hit": 0,
        "facilities_by_type": {},
        "road_cut_km": 0.0,
        "confidence": "Low",
        "confidence_score": 0.363,
        "reason": "Low: single-method detection (methods disagree); optical ML unavailable for zone",
        "conf_detail": {
          "agreement_ratio": 0.0,
          "terrain_penalty": 0.0,
          "time_penalty": 0.375,
          "margin_score": 0.69,
          "method_penalty": 0.15
        },
        "breakdown": {
          "severity": 0.0085,
          "people": 0.0039,
          "facilities": 0.0,
          "roads": 0.0
        },
        "score": 0.0124,
        "rank": 515,
        "tier": "P3"
      },
      "geometry": {
        "type": "Polygon",
        "coordinates": [
          [
            [
              91.22610946102391,
              26.3516524246793
            ],
            [
              91.22597171813167,
              26.360677492378567
            ],
            [
              91.21595353145938,
              26.360553025218458
            ],
            [
              91.21609205120221,
              26.351528006585458
            ],
            [
              91.22610946102391,
              26.3516524246793
            ]
          ]
        ]
      }
    },
    {
      "id": "20",
      "type": "Feature",
      "properties": {
        "zone_id": "Grid-0-20",
        "name": "Grid-0-20",
        "flood_km2": 0.0188,
        "flood_pct": 1.88,
        "zone_area_km2": 1.0,
        "population": 572.8801,
        "people_affected": 10.7701,
        "facilities_hit": 0,
        "facilities_by_type": {},
        "road_cut_km": 0.0,
        "confidence": "Low",
        "confidence_score": 0.368,
        "reason": "Low: single-method detection (methods disagree); optical ML unavailable for zone",
        "conf_detail": {
          "agreement_ratio": 0.0,
          "terrain_penalty": 0.0,
          "time_penalty": 0.375,
          "margin_score": 0.713,
          "method_penalty": 0.15
        },
        "breakdown": {
          "severity": 0.008,
          "people": 0.0042,
          "facilities": 0.0,
          "roads": 0.0
        },
        "score": 0.0122,
        "rank": 516,
        "tier": "P3"
      },
      "geometry": {
        "type": "Polygon",
        "coordinates": [
          [
            [
              91.15584580092363,
              26.359791520148924
            ],
            [
              91.15570255278548,
              26.368816226495184
            ],
            [
              91.1456840556467,
              26.368686807793647
            ],
            [
              91.14582808084603,
              26.35966215245243
            ],
            [
              91.15584580092363,
              26.359791520148924
            ]
          ]
        ]
      }
    },
    {
      "id": "215",
      "type": "Feature",
      "properties": {
        "zone_id": "Grid-6-29",
        "name": "Grid-6-29",
        "flood_km2": 0.0184,
        "flood_pct": 1.84,
        "zone_area_km2": 1.0,
        "population": 586.2076,
        "people_affected": 10.7862,
        "facilities_hit": 0,
        "facilities_by_type": {},
        "road_cut_km": 0.0,
        "confidence": "Low",
        "confidence_score": 0.375,
        "reason": "Low: single-method detection (methods disagree); optical ML unavailable for zone",
        "conf_detail": {
          "agreement_ratio": 0.0,
          "terrain_penalty": 0.0,
          "time_penalty": 0.375,
          "margin_score": 0.749,
          "method_penalty": 0.15
        },
        "breakdown": {
          "severity": 0.0078,
          "people": 0.0042,
          "facilities": 0.0,
          "roads": 0.0
        },
        "score": 0.012,
        "rank": 517,
        "tier": "P3"
      },
      "geometry": {
        "type": "Polygon",
        "coordinates": [
          [
            [
              91.24682445539949,
              26.30677315589875
            ],
            [
              91.24668858820954,
              26.31579838099788
            ],
            [
              91.2366741523304,
              26.315675556649076
            ],
            [
              91.23681079457927,
              26.306650380027815
            ],
            [
              91.24682445539949,
              26.30677315589875
            ]
          ]
        ]
      }
    },
    {
      "id": "239",
      "type": "Feature",
      "properties": {
        "zone_id": "Grid-7-22",
        "name": "Grid-7-22",
        "flood_km2": 0.012,
        "flood_pct": 1.2,
        "zone_area_km2": 1.0,
        "population": 1482.8574,
        "people_affected": 17.7943,
        "facilities_hit": 0,
        "facilities_by_type": {},
        "road_cut_km": 0.0,
        "confidence": "Low",
        "confidence_score": 0.367,
        "reason": "Low: single-method detection (methods disagree); optical ML unavailable for zone",
        "conf_detail": {
          "agreement_ratio": 0.0,
          "terrain_penalty": 0.0,
          "time_penalty": 0.375,
          "margin_score": 0.712,
          "method_penalty": 0.15
        },
        "breakdown": {
          "severity": 0.0051,
          "people": 0.0069,
          "facilities": 0.0,
          "roads": 0.0
        },
        "score": 0.012,
        "rank": 518,
        "tier": "P3"
      },
      "geometry": {
        "type": "Polygon",
        "coordinates": [
          [
            [
              91.17687142621394,
              26.296874164676932
            ],
            [
              91.17673020096048,
              26.305899056703314
            ],
            [
              91.1667170006632,
              26.305771391630348
            ],
            [
              91.16685900045447,
              26.296746550003977
            ],
            [
              91.17687142621394,
              26.296874164676932
            ]
          ]
        ]
      }
    },
    {
      "id": "89",
      "type": "Feature",
      "properties": {
        "zone_id": "Grid-2-27",
        "name": "Grid-2-27",
        "flood_km2": 0.0192,
        "flood_pct": 1.92,
        "zone_area_km2": 1.0,
        "population": 514.7113,
        "people_affected": 9.8825,
        "facilities_hit": 0,
        "facilities_by_type": {},
        "road_cut_km": 0.0,
        "confidence": "Low",
        "confidence_score": 0.36,
        "reason": "Low: single-method detection (methods disagree); optical ML unavailable for zone",
        "conf_detail": {
          "agreement_ratio": 0.0,
          "terrain_penalty": 0.0,
          "time_penalty": 0.375,
          "margin_score": 0.673,
          "method_penalty": 0.15
        },
        "breakdown": {
          "severity": 0.0082,
          "people": 0.0038,
          "facilities": 0.0,
          "roads": 0.0
        },
        "score": 0.012,
        "rank": 519,
        "tier": "P3"
      },
      "geometry": {
        "type": "Polygon",
        "coordinates": [
          [
            [
              91.22624713875118,
              26.342627344940187
            ],
            [
              91.22610946102391,
              26.3516524246793
            ],
            [
              91.21609205120221,
              26.351528006585458
            ],
            [
              91.21623050541278,
              26.342502975905205
            ],
            [
              91.22624713875118,
              26.342627344940187
            ]
          ]
        ]
      }
    },
    {
      "id": "673",
      "type": "Feature",
      "properties": {
        "zone_id": "Grid-21-22",
        "name": "Grid-21-22",
        "flood_km2": 0.0168,
        "flood_pct": 1.68,
        "zone_area_km2": 1.0,
        "population": 743.3727,
        "people_affected": 12.4887,
        "facilities_hit": 0,
        "facilities_by_type": {},
        "road_cut_km": 0.0,
        "confidence": "Low",
        "confidence_score": 0.334,
        "reason": "Low: single-method detection (methods disagree); optical ML unavailable for zone",
        "conf_detail": {
          "agreement_ratio": 0.0,
          "terrain_penalty": 0.0,
          "time_penalty": 0.375,
          "margin_score": 0.547,
          "method_penalty": 0.15
        },
        "breakdown": {
          "severity": 0.0071,
          "people": 0.0048,
          "facilities": 0.0,
          "roads": 0.0
        },
        "score": 0.012,
        "rank": 520,
        "tier": "P3"
      },
      "geometry": {
        "type": "Polygon",
        "coordinates": [
          [
            [
              91.17884156895776,
              26.170524411557814
            ],
            [
              91.1787012778011,
              26.17954947212319
            ],
            [
              91.1686988877283,
              26.17942251196134
            ],
            [
              91.16883994830322,
              26.170397501690104
            ],
            [
              91.17884156895776,
              26.170524411557814
            ]
          ]
        ]
      }
    },
    {
      "id": "127",
      "type": "Feature",
      "properties": {
        "zone_id": "Grid-4-3",
        "name": "Grid-4-3",
        "flood_km2": 0.0152,
        "flood_pct": 1.52,
        "zone_area_km2": 1.0,
        "population": 928.4881,
        "people_affected": 14.113,
        "facilities_hit": 0,
        "facilities_by_type": {},
        "road_cut_km": 0.0,
        "confidence": "Low",
        "confidence_score": 0.34,
        "reason": "Low: single-method detection (methods disagree); optical ML unavailable for zone",
        "conf_detail": {
          "agreement_ratio": 0.0,
          "terrain_penalty": 0.0,
          "time_penalty": 0.375,
          "margin_score": 0.573,
          "method_penalty": 0.15
        },
        "breakdown": {
          "severity": 0.0065,
          "people": 0.0055,
          "facilities": 0.0,
          "roads": 0.0
        },
        "score": 0.0119,
        "rank": 521,
        "tier": "P3"
      },
      "geometry": {
        "type": "Polygon",
        "coordinates": [
          [
            [
              90.98617915459306,
              26.321401752064897
            ],
            [
              90.9860229954659,
              26.3304256027227
            ],
            [
              90.97600881123122,
              26.330284504531836
            ],
            [
              90.97616574554613,
              26.321260709534073
            ],
            [
              90.98617915459306,
              26.321401752064897
            ]
          ]
        ]
      }
    },
    {
      "id": "242",
      "type": "Feature",
      "properties": {
        "zone_id": "Grid-7-25",
        "name": "Grid-7-25",
        "flood_km2": 0.014,
        "flood_pct": 1.4,
        "zone_area_km2": 1.0,
        "population": 1077.3868,
        "people_affected": 15.0834,
        "facilities_hit": 0,
        "facilities_by_type": {},
        "road_cut_km": 0.0,
        "confidence": "Low",
        "confidence_score": 0.341,
        "reason": "Low: single-method detection (methods disagree); optical ML unavailable for zone",
        "conf_detail": {
          "agreement_ratio": 0.0,
          "terrain_penalty": 0.0,
          "time_penalty": 0.375,
          "margin_score": 0.582,
          "method_penalty": 0.15
        },
        "breakdown": {
          "severity": 0.006,
          "people": 0.0058,
          "facilities": 0.0,
          "roads": 0.0
        },
        "score": 0.0118,
        "rank": 522,
        "tier": "P3"
      },
      "geometry": {
        "type": "Polygon",
        "coordinates": [
          [
            [
              91.20690910322526,
              26.297252819851852
            ],
            [
              91.20677020171932,
              26.306277861424597
            ],
            [
              91.19675680185517,
              26.306152291618236
            ],
            [
              91.19689647796582,
              26.29712729961865
            ],
            [
              91.20690910322526,
              26.297252819851852
            ]
          ]
        ]
      }
    },
    {
      "id": "873",
      "type": "Feature",
      "properties": {
        "zone_id": "Grid-28-5",
        "name": "Grid-28-5",
        "flood_km2": 0.016,
        "flood_pct": 1.6,
        "zone_area_km2": 1.0,
        "population": 789.8914,
        "people_affected": 12.6383,
        "facilities_hit": 0,
        "facilities_by_type": {},
        "road_cut_km": 0.0,
        "confidence": "Low",
        "confidence_score": 0.32,
        "reason": "Low: single-method detection (methods disagree); optical ML unavailable for zone",
        "conf_detail": {
          "agreement_ratio": 0.0,
          "terrain_penalty": 0.0,
          "time_penalty": 0.375,
          "margin_score": 0.477,
          "method_penalty": 0.15
        },
        "breakdown": {
          "severity": 0.0068,
          "people": 0.0049,
          "facilities": 0.0,
          "roads": 0.0
        },
        "score": 0.0117,
        "rank": 523,
        "tier": "P3"
      },
      "geometry": {
        "type": "Polygon",
        "coordinates": [
          [
            [
              91.00989490808016,
              26.10510302013488
            ],
            [
              91.00974204869728,
              26.11412727327699
            ],
            [
              90.99974622174041,
              26.113988893183116
            ],
            [
              90.99989984759615,
              26.104964694951832
            ],
            [
              91.00989490808016,
              26.10510302013488
            ]
          ]
        ]
      }
    },
    {
      "id": "632",
      "type": "Feature",
      "properties": {
        "zone_id": "Grid-20-12",
        "name": "Grid-20-12",
        "flood_km2": 0.0168,
        "flood_pct": 1.68,
        "zone_area_km2": 1.0,
        "population": 635.3677,
        "people_affected": 10.6742,
        "facilities_hit": 0,
        "facilities_by_type": {},
        "road_cut_km": 0.0,
        "confidence": "Low",
        "confidence_score": 0.338,
        "reason": "Low: single-method detection (methods disagree); optical ML unavailable for zone",
        "conf_detail": {
          "agreement_ratio": 0.0,
          "terrain_penalty": 0.0,
          "time_penalty": 0.375,
          "margin_score": 0.567,
          "method_penalty": 0.15
        },
        "breakdown": {
          "severity": 0.0071,
          "people": 0.0041,
          "facilities": 0.0,
          "roads": 0.0
        },
        "score": 0.0113,
        "rank": 524,
        "tier": "P3"
      },
      "geometry": {
        "type": "Polygon",
        "coordinates": [
          [
            [
              91.07868043320822,
              26.178248618744934
            ],
            [
              91.07853237866456,
              26.187273151898363
            ],
            [
              91.06852990486713,
              26.187139194184653
            ],
            [
              91.06867872896488,
              26.17811471408315
            ],
            [
              91.07868043320822,
              26.178248618744934
            ]
          ]
        ]
      }
    },
    {
      "id": "811",
      "type": "Feature",
      "properties": {
        "zone_id": "Grid-26-5",
        "name": "Grid-26-5",
        "flood_km2": 0.018,
        "flood_pct": 1.8,
        "zone_area_km2": 1.0,
        "population": 517.056,
        "people_affected": 9.307,
        "facilities_hit": 0,
        "facilities_by_type": {},
        "road_cut_km": 0.0,
        "confidence": "Low",
        "confidence_score": 0.348,
        "reason": "Low: single-method detection (methods disagree); optical ML unavailable for zone",
        "conf_detail": {
          "agreement_ratio": 0.0,
          "terrain_penalty": 0.0,
          "time_penalty": 0.375,
          "margin_score": 0.613,
          "method_penalty": 0.15
        },
        "breakdown": {
          "severity": 0.0077,
          "people": 0.0036,
          "facilities": 0.0,
          "roads": 0.0
        },
        "score": 0.0113,
        "rank": 525,
        "tier": "P3"
      },
      "geometry": {
        "type": "Polygon",
        "coordinates": [
          [
            [
              91.00958911670665,
              26.123151514289486
            ],
            [
              91.0094361120841,
              26.132175743169157
            ],
            [
              90.99943875109004,
              26.132037253229036
            ],
            [
              90.99959252291315,
              26.12301307927659
            ],
            [
              91.00958911670665,
              26.123151514289486
            ]
          ]
        ]
      }
    },
    {
      "id": "351",
      "type": "Feature",
      "properties": {
        "zone_id": "Grid-11-10",
        "name": "Grid-11-10",
        "flood_km2": 0.016,
        "flood_pct": 1.6,
        "zone_area_km2": 1.0,
        "population": 704.2786,
        "people_affected": 11.2685,
        "facilities_hit": 0,
        "facilities_by_type": {},
        "road_cut_km": 0.0,
        "confidence": "Low",
        "confidence_score": 0.344,
        "reason": "Low: single-method detection (methods disagree); optical ML unavailable for zone",
        "conf_detail": {
          "agreement_ratio": 0.0,
          "terrain_penalty": 0.0,
          "time_penalty": 0.375,
          "margin_score": 0.596,
          "method_penalty": 0.15
        },
        "breakdown": {
          "severity": 0.0068,
          "people": 0.0044,
          "facilities": 0.0,
          "roads": 0.0
        },
        "score": 0.0112,
        "rank": 526,
        "tier": "P3"
      },
      "geometry": {
        "type": "Polygon",
        "coordinates": [
          [
            [
              91.05732819546557,
              26.259199519653777
            ],
            [
              91.05717796218313,
              26.26822383728326
            ],
            [
              91.04716868798272,
              26.268088007563133
            ],
            [
              91.04731969405987,
              26.259063743607985
            ],
            [
              91.05732819546557,
              26.259199519653777
            ]
          ]
        ]
      }
    },
    {
      "id": "551",
      "type": "Feature",
      "properties": {
        "zone_id": "Grid-17-24",
        "name": "Grid-17-24",
        "flood_km2": 0.0208,
        "flood_pct": 2.08,
        "zone_area_km2": 1.0,
        "population": 262.9222,
        "people_affected": 5.4688,
        "facilities_hit": 0,
        "facilities_by_type": {},
        "road_cut_km": 0.0,
        "confidence": "Low",
        "confidence_score": 0.362,
        "reason": "Low: single-method detection (methods disagree); optical ML unavailable for zone",
        "conf_detail": {
          "agreement_ratio": 0.0,
          "terrain_penalty": 0.0,
          "time_penalty": 0.375,
          "margin_score": 0.687,
          "method_penalty": 0.15
        },
        "breakdown": {
          "severity": 0.0088,
          "people": 0.0021,
          "facilities": 0.0,
          "roads": 0.0
        },
        "score": 0.011,
        "rank": 527,
        "tier": "P3"
      },
      "geometry": {
        "type": "Polygon",
        "coordinates": [
          [
            [
              91.19828960538301,
              26.20687671773362
            ],
            [
              91.19815058961153,
              26.215901830030212
            ],
            [
              91.18814498525037,
              26.215776059934438
            ],
            [
              91.18828477194484,
              26.206750997411756
            ],
            [
              91.19828960538301,
              26.20687671773362
            ]
          ]
        ]
      }
    },
    {
      "id": "558",
      "type": "Feature",
      "properties": {
        "zone_id": "Grid-18-0",
        "name": "Grid-18-0",
        "flood_km2": 0.0244,
        "flood_pct": 2.44,
        "zone_area_km2": 1.0,
        "population": 46.5134,
        "people_affected": 1.1349,
        "facilities_hit": 0,
        "facilities_by_type": {},
        "road_cut_km": 0.0,
        "confidence": "Low",
        "confidence_score": 0.355,
        "reason": "Low: single-method detection (methods disagree); optical ML unavailable for zone",
        "conf_detail": {
          "agreement_ratio": 0.0,
          "terrain_penalty": 0.0,
          "time_penalty": 0.375,
          "margin_score": 0.652,
          "method_penalty": 0.15
        },
        "breakdown": {
          "severity": 0.0104,
          "people": 0.0004,
          "facilities": 0.0,
          "roads": 0.0
        },
        "score": 0.0108,
        "rank": 528,
        "tier": "P3"
      },
      "geometry": {
        "type": "Polygon",
        "coordinates": [
          [
            [
              90.95835007156688,
              26.194643684593405
            ],
            [
              90.95819263468105,
              26.203667538580667
            ],
            [
              90.94818949269383,
              26.203525133929432
            ],
            [
              90.94834769957234,
              26.194501336310076
            ],
            [
              90.95835007156688,
              26.194643684593405
            ]
          ]
        ]
      }
    },
    {
      "id": "660",
      "type": "Feature",
      "properties": {
        "zone_id": "Grid-21-9",
        "name": "Grid-21-9",
        "flood_km2": 0.0164,
        "flood_pct": 1.64,
        "zone_area_km2": 1.0,
        "population": 591.2487,
        "people_affected": 9.6965,
        "facilities_hit": 0,
        "facilities_by_type": {},
        "road_cut_km": 0.0,
        "confidence": "Low",
        "confidence_score": 0.342,
        "reason": "Low: single-method detection (methods disagree); optical ML unavailable for zone",
        "conf_detail": {
          "agreement_ratio": 0.0,
          "terrain_penalty": 0.0,
          "time_penalty": 0.375,
          "margin_score": 0.583,
          "method_penalty": 0.15
        },
        "breakdown": {
          "severity": 0.007,
          "people": 0.0038,
          "facilities": 0.0,
          "roads": 0.0
        },
        "score": 0.0107,
        "rank": 529,
        "tier": "P3"
      },
      "geometry": {
        "type": "Polygon",
        "coordinates": [
          [
            [
              91.04882582442714,
              26.168820436441557
            ],
            [
              91.04867553261076,
              26.17784482173373
            ],
            [
              91.03867404122943,
              26.17770883408395
            ],
            [
              91.03882510216413,
              26.16868450266054
            ],
            [
              91.04882582442714,
              26.168820436441557
            ]
          ]
        ]
      }
    },
    {
      "id": "44",
      "type": "Feature",
      "properties": {
        "zone_id": "Grid-1-13",
        "name": "Grid-1-13",
        "flood_km2": 0.0144,
        "flood_pct": 1.44,
        "zone_area_km2": 1.0,
        "population": 811.2798,
        "people_affected": 11.6824,
        "facilities_hit": 0,
        "facilities_by_type": {},
        "road_cut_km": 0.0,
        "confidence": "Low",
        "confidence_score": 0.334,
        "reason": "Low: single-method detection (methods disagree); optical ML unavailable for zone",
        "conf_detail": {
          "agreement_ratio": 0.0,
          "terrain_penalty": 0.0,
          "time_penalty": 0.375,
          "margin_score": 0.546,
          "method_penalty": 0.15
        },
        "breakdown": {
          "severity": 0.0061,
          "people": 0.0045,
          "facilities": 0.0,
          "roads": 0.0
        },
        "score": 0.0107,
        "rank": 530,
        "tier": "P3"
      },
      "geometry": {
        "type": "Polygon",
        "coordinates": [
          [
            [
              91.08587182062772,
              26.349846891151103
            ],
            [
              91.08572320387572,
              26.35887124681946
            ],
            [
              91.07570596839095,
              26.358736979477953
            ],
            [
              91.07585536167404,
              26.34971267673758
            ],
            [
              91.08587182062772,
              26.349846891151103
            ]
          ]
        ]
      }
    },
    {
      "id": "185",
      "type": "Feature",
      "properties": {
        "zone_id": "Grid-5-30",
        "name": "Grid-5-30",
        "flood_km2": 0.0088,
        "flood_pct": 2.0952,
        "zone_area_km2": 0.41200812744302673,
        "population": 178.6166,
        "people_affected": 3.7424,
        "facilities_hit": 0,
        "facilities_by_type": {},
        "road_cut_km": 0.0,
        "confidence": "Low",
        "confidence_score": 0.34,
        "reason": "Low: single-method detection (methods disagree); optical ML unavailable for zone",
        "conf_detail": {
          "agreement_ratio": 0.0,
          "terrain_penalty": 0.0,
          "time_penalty": 0.375,
          "margin_score": 0.576,
          "method_penalty": 0.15
        },
        "breakdown": {
          "severity": 0.0089,
          "people": 0.0015,
          "facilities": 0.0,
          "roads": 0.0
        },
        "score": 0.0104,
        "rank": 531,
        "tier": "P3"
      },
      "geometry": {
        "type": "Polygon",
        "coordinates": [
          [
            [
              91.25081463592072,
              26.315848782361428
            ],
            [
              91.25067902387488,
              26.324874015343767
            ],
            [
              91.24655265667569,
              26.324823594084148
            ],
            [
              91.24668858820954,
              26.31579838099788
            ],
            [
              91.25081463592072,
              26.315848782361428
            ]
          ]
        ]
      }
    },
    {
      "id": "790",
      "type": "Feature",
      "properties": {
        "zone_id": "Grid-25-15",
        "name": "Grid-25-15",
        "flood_km2": 0.0148,
        "flood_pct": 1.48,
        "zone_area_km2": 1.0,
        "population": 703.8591,
        "people_affected": 10.4171,
        "facilities_hit": 0,
        "facilities_by_type": {},
        "road_cut_km": 0.0,
        "confidence": "Low",
        "confidence_score": 0.342,
        "reason": "Low: single-method detection (methods disagree); optical ML unavailable for zone",
        "conf_detail": {
          "agreement_ratio": 0.0,
          "terrain_penalty": 0.0,
          "time_penalty": 0.375,
          "margin_score": 0.586,
          "method_penalty": 0.15
        },
        "breakdown": {
          "severity": 0.0063,
          "people": 0.004,
          "facilities": 0.0,
          "roads": 0.0
        },
        "score": 0.0103,
        "rank": 532,
        "tier": "P3"
      },
      "geometry": {
        "type": "Polygon",
        "coordinates": [
          [
            [
              91.10941365804005,
              26.13352253214151
            ],
            [
              91.10926825771945,
              26.142547283128774
            ],
            [
              91.09926941874646,
              26.14241567045372
            ],
            [
              91.09941558686843,
              26.13339097165433
            ],
            [
              91.10941365804005,
              26.13352253214151
            ]
          ]
        ]
      }
    },
    {
      "id": "816",
      "type": "Feature",
      "properties": {
        "zone_id": "Grid-26-10",
        "name": "Grid-26-10",
        "flood_km2": 0.0152,
        "flood_pct": 1.52,
        "zone_area_km2": 1.0,
        "population": 652.2281,
        "people_affected": 9.9139,
        "facilities_hit": 0,
        "facilities_by_type": {},
        "road_cut_km": 0.0,
        "confidence": "Low",
        "confidence_score": 0.344,
        "reason": "Low: single-method detection (methods disagree); optical ML unavailable for zone",
        "conf_detail": {
          "agreement_ratio": 0.0,
          "terrain_penalty": 0.0,
          "time_penalty": 0.375,
          "margin_score": 0.594,
          "method_penalty": 0.15
        },
        "breakdown": {
          "severity": 0.0065,
          "people": 0.0038,
          "facilities": 0.0,
          "roads": 0.0
        },
        "score": 0.0103,
        "rank": 533,
        "tier": "P3"
      },
      "geometry": {
        "type": "Polygon",
        "coordinates": [
          [
            [
              91.0595731678745,
              26.123833300196754
            ],
            [
              91.0594239996154,
              26.132857799592298
            ],
            [
              91.04942627898124,
              26.132722774141932
            ],
            [
              91.04957621456072,
              26.12369832830016
            ],
            [
              91.0595731678745,
              26.123833300196754
            ]
          ]
        ]
      }
    },
    {
      "id": "209",
      "type": "Feature",
      "properties": {
        "zone_id": "Grid-6-23",
        "name": "Grid-6-23",
        "flood_km2": 0.0104,
        "flood_pct": 1.04,
        "zone_area_km2": 1.0,
        "population": 1449.2186,
        "people_affected": 15.0719,
        "facilities_hit": 0,
        "facilities_by_type": {},
        "road_cut_km": 0.0,
        "confidence": "Low",
        "confidence_score": 0.36,
        "reason": "Low: single-method detection (methods disagree); optical ML unavailable for zone",
        "conf_detail": {
          "agreement_ratio": 0.0,
          "terrain_penalty": 0.0,
          "time_penalty": 0.375,
          "margin_score": 0.677,
          "method_penalty": 0.15
        },
        "breakdown": {
          "severity": 0.0044,
          "people": 0.0058,
          "facilities": 0.0,
          "roads": 0.0
        },
        "score": 0.0103,
        "rank": 534,
        "tier": "P3"
      },
      "geometry": {
        "type": "Polygon",
        "coordinates": [
          [
            [
              91.18674346814669,
              26.306026023371892
            ],
            [
              91.1866029509312,
              26.315050953468436
            ],
            [
              91.17658890881813,
              26.314923936667896
            ],
            [
              91.17673020096048,
              26.305899056703314
            ],
            [
              91.18674346814669,
              26.306026023371892
            ]
          ]
        ]
      }
    },
    {
      "id": "777",
      "type": "Feature",
      "properties": {
        "zone_id": "Grid-25-2",
        "name": "Grid-25-2",
        "flood_km2": 0.016,
        "flood_pct": 1.6,
        "zone_area_km2": 1.0,
        "population": 556.5375,
        "people_affected": 8.9046,
        "facilities_hit": 0,
        "facilities_by_type": {},
        "road_cut_km": 0.0,
        "confidence": "Low",
        "confidence_score": 0.336,
        "reason": "Low: single-method detection (methods disagree); optical ML unavailable for zone",
        "conf_detail": {
          "agreement_ratio": 0.0,
          "terrain_penalty": 0.0,
          "time_penalty": 0.375,
          "margin_score": 0.553,
          "method_penalty": 0.15
        },
        "breakdown": {
          "severity": 0.0068,
          "people": 0.0035,
          "facilities": 0.0,
          "roads": 0.0
        },
        "score": 0.0103,
        "rank": 535,
        "tier": "P3"
      },
      "geometry": {
        "type": "Polygon",
        "coordinates": [
          [
            [
              90.9794442485264,
              26.131758194848086
            ],
            [
              90.97928886862712,
              26.14078224596135
            ],
            [
              90.96929096029437,
              26.140641621800143
            ],
            [
              90.96944710768484,
              26.1316176264464
            ],
            [
              90.9794442485264,
              26.131758194848086
            ]
          ]
        ]
      }
    },
    {
      "id": "856",
      "type": "Feature",
      "properties": {
        "zone_id": "Grid-27-19",
        "name": "Grid-27-19",
        "flood_km2": 0.012,
        "flood_pct": 1.2,
        "zone_area_km2": 1.0,
        "population": 1100.9714,
        "people_affected": 13.2117,
        "facilities_hit": 0,
        "facilities_by_type": {},
        "road_cut_km": 0.0,
        "confidence": "Low",
        "confidence_score": 0.362,
        "reason": "Low: single-method detection (methods disagree); optical ML unavailable for zone",
        "conf_detail": {
          "agreement_ratio": 0.0,
          "terrain_penalty": 0.0,
          "time_penalty": 0.375,
          "margin_score": 0.685,
          "method_penalty": 0.15
        },
        "breakdown": {
          "severity": 0.0051,
          "people": 0.0051,
          "facilities": 0.0,
          "roads": 0.0
        },
        "score": 0.0102,
        "rank": 536,
        "tier": "P3"
      },
      "geometry": {
        "type": "Polygon",
        "coordinates": [
          [
            [
              91.14969108435531,
              26.11599189336913
            ],
            [
              91.14954889056278,
              26.12501687440733
            ],
            [
              91.13955131304479,
              26.124888137304396
            ],
            [
              91.13969427400164,
              26.115863207339522
            ],
            [
              91.14969108435531,
              26.11599189336913
            ]
          ]
        ]
      }
    },
    {
      "id": "785",
      "type": "Feature",
      "properties": {
        "zone_id": "Grid-25-10",
        "name": "Grid-25-10",
        "flood_km2": 0.014,
        "flood_pct": 1.4,
        "zone_area_km2": 1.0,
        "population": 752.9536,
        "people_affected": 10.5414,
        "facilities_hit": 0,
        "facilities_by_type": {},
        "road_cut_km": 0.0,
        "confidence": "Low",
        "confidence_score": 0.352,
        "reason": "Low: single-method detection (methods disagree); optical ML unavailable for zone",
        "conf_detail": {
          "agreement_ratio": 0.0,
          "terrain_penalty": 0.0,
          "time_penalty": 0.375,
          "margin_score": 0.637,
          "method_penalty": 0.15
        },
        "breakdown": {
          "severity": 0.006,
          "people": 0.0041,
          "facilities": 0.0,
          "roads": 0.0
        },
        "score": 0.01,
        "rank": 537,
        "tier": "P3"
      },
      "geometry": {
        "type": "Polygon",
        "coordinates": [
          [
            [
              91.0594239996154,
              26.132857799592298
            ],
            [
              91.05927476052054,
              26.141882286892276
            ],
            [
              91.0492762722019,
              26.141747207880133
            ],
            [
              91.04942627898124,
              26.132722774141932
            ],
            [
              91.0594239996154,
              26.132857799592298
            ]
          ]
        ]
      }
    },
    {
      "id": "381",
      "type": "Feature",
      "properties": {
        "zone_id": "Grid-12-9",
        "name": "Grid-12-9",
        "flood_km2": 0.014,
        "flood_pct": 1.4,
        "zone_area_km2": 1.0,
        "population": 712.744,
        "people_affected": 9.9784,
        "facilities_hit": 0,
        "facilities_by_type": {},
        "road_cut_km": 0.0,
        "confidence": "Low",
        "confidence_score": 0.346,
        "reason": "Low: single-method detection (methods disagree); optical ML unavailable for zone",
        "conf_detail": {
          "agreement_ratio": 0.0,
          "terrain_penalty": 0.0,
          "time_penalty": 0.375,
          "margin_score": 0.605,
          "method_penalty": 0.15
        },
        "breakdown": {
          "severity": 0.006,
          "people": 0.0039,
          "facilities": 0.0,
          "roads": 0.0
        },
        "score": 0.0098,
        "rank": 538,
        "tier": "P3"
      },
      "geometry": {
        "type": "Polygon",
        "coordinates": [
          [
            [
              91.04747062860338,
              26.250039467504877
            ],
            [
              91.04731969405987,
              26.259063743607985
            ],
            [
              91.03731126418778,
              26.25892727077571
            ],
            [
              91.03746297113625,
              26.249903048614154
            ],
            [
              91.04747062860338,
              26.250039467504877
            ]
          ]
        ]
      }
    },
    {
      "id": "697",
      "type": "Feature",
      "properties": {
        "zone_id": "Grid-22-15",
        "name": "Grid-22-15",
        "flood_km2": 0.0124,
        "flood_pct": 1.24,
        "zone_area_km2": 1.0,
        "population": 935.1926,
        "people_affected": 11.5964,
        "facilities_hit": 0,
        "facilities_by_type": {},
        "road_cut_km": 0.0,
        "confidence": "Low",
        "confidence_score": 0.332,
        "reason": "Low: single-method detection (methods disagree); optical ML unavailable for zone",
        "conf_detail": {
          "agreement_ratio": 0.0,
          "terrain_penalty": 0.0,
          "time_penalty": 0.375,
          "margin_score": 0.535,
          "method_penalty": 0.15
        },
        "breakdown": {
          "severity": 0.0053,
          "people": 0.0045,
          "facilities": 0.0,
          "roads": 0.0
        },
        "score": 0.0098,
        "rank": 539,
        "tier": "P3"
      },
      "geometry": {
        "type": "Polygon",
        "coordinates": [
          [
            [
              91.1089772499411,
              26.16059674892225
            ],
            [
              91.10883164243732,
              26.16962146372217
            ],
            [
              91.09883049787396,
              26.169489694436624
            ],
            [
              91.0989768742724,
              26.160465031848016
            ],
            [
              91.1089772499411,
              26.16059674892225
            ]
          ]
        ]
      }
    },
    {
      "id": "659",
      "type": "Feature",
      "properties": {
        "zone_id": "Grid-21-8",
        "name": "Grid-21-8",
        "flood_km2": 0.0148,
        "flood_pct": 1.48,
        "zone_area_km2": 1.0,
        "population": 604.8519,
        "people_affected": 8.9518,
        "facilities_hit": 0,
        "facilities_by_type": {},
        "road_cut_km": 0.0,
        "confidence": "Low",
        "confidence_score": 0.333,
        "reason": "Low: single-method detection (methods disagree); optical ML unavailable for zone",
        "conf_detail": {
          "agreement_ratio": 0.0,
          "terrain_penalty": 0.0,
          "time_penalty": 0.375,
          "margin_score": 0.542,
          "method_penalty": 0.15
        },
        "breakdown": {
          "severity": 0.0063,
          "people": 0.0035,
          "facilities": 0.0,
          "roads": 0.0
        },
        "score": 0.0098,
        "rank": 540,
        "tier": "P3"
      },
      "geometry": {
        "type": "Polygon",
        "coordinates": [
          [
            [
              91.03882510216413,
              26.16868450266054
            ],
            [
              91.03867404122943,
              26.17770883408395
            ],
            [
              91.0286726215315,
              26.177572152142876
            ],
            [
              91.0288244515606,
              26.168547874863133
            ],
            [
              91.03882510216413,
              26.16868450266054
            ]
          ]
        ]
      }
    },
    {
      "id": "844",
      "type": "Feature",
      "properties": {
        "zone_id": "Grid-27-7",
        "name": "Grid-27-7",
        "flood_km2": 0.0136,
        "flood_pct": 1.36,
        "zone_area_km2": 1.0,
        "population": 752.8948,
        "people_affected": 10.2394,
        "facilities_hit": 0,
        "facilities_by_type": {},
        "road_cut_km": 0.0,
        "confidence": "Low",
        "confidence_score": 0.299,
        "reason": "Low: single-method detection (methods disagree); optical ML unavailable for zone",
        "conf_detail": {
          "agreement_ratio": 0.0,
          "terrain_penalty": 0.0,
          "time_penalty": 0.375,
          "margin_score": 0.37,
          "method_penalty": 0.15
        },
        "breakdown": {
          "severity": 0.0058,
          "people": 0.004,
          "facilities": 0.0,
          "roads": 0.0
        },
        "score": 0.0098,
        "rank": 541,
        "tier": "P3"
      },
      "geometry": {
        "type": "Polygon",
        "coordinates": [
          [
            [
              91.02973392007043,
              26.114401956514854
            ],
            [
              91.02958252182556,
              26.12342630654148
            ],
            [
              91.0195857831321,
              26.123289256717555
            ],
            [
              91.01973794826189,
              26.11426496106067
            ],
            [
              91.02973392007043,
              26.114401956514854
            ]
          ]
        ]
      }
    },
    {
      "id": "722",
      "type": "Feature",
      "properties": {
        "zone_id": "Grid-23-9",
        "name": "Grid-23-9",
        "flood_km2": 0.016,
        "flood_pct": 1.6,
        "zone_area_km2": 1.0,
        "population": 458.4344,
        "people_affected": 7.335,
        "facilities_hit": 0,
        "facilities_by_type": {},
        "road_cut_km": 0.0,
        "confidence": "Low",
        "confidence_score": 0.328,
        "reason": "Low: single-method detection (methods disagree); optical ML unavailable for zone",
        "conf_detail": {
          "agreement_ratio": 0.0,
          "terrain_penalty": 0.0,
          "time_penalty": 0.375,
          "margin_score": 0.516,
          "method_penalty": 0.15
        },
        "breakdown": {
          "severity": 0.0068,
          "people": 0.0028,
          "facilities": 0.0,
          "roads": 0.0
        },
        "score": 0.0097,
        "rank": 542,
        "tier": "P3"
      },
      "geometry": {
        "type": "Polygon",
        "coordinates": [
          [
            [
              91.04912619419893,
              26.150771629511592
            ],
            [
              91.04897604494862,
              26.159796039033125
            ],
            [
              91.03897609143932,
              26.159660159112804
            ],
            [
              91.03912700907894,
              26.150635803443905
            ],
            [
              91.04912619419893,
              26.150771629511592
            ]
          ]
        ]
      }
    },
    {
      "id": "675",
      "type": "Feature",
      "properties": {
        "zone_id": "Grid-21-24",
        "name": "Grid-21-24",
        "flood_km2": 0.022,
        "flood_pct": 2.2,
        "zone_area_km2": 1.0,
        "population": 8.5708,
        "people_affected": 0.1886,
        "facilities_hit": 0,
        "facilities_by_type": {},
        "road_cut_km": 0.0,
        "confidence": "Low",
        "confidence_score": 0.364,
        "reason": "Low: single-method detection (methods disagree); optical ML unavailable for zone",
        "conf_detail": {
          "agreement_ratio": 0.0,
          "terrain_penalty": 0.0,
          "time_penalty": 0.375,
          "margin_score": 0.695,
          "method_penalty": 0.15
        },
        "breakdown": {
          "severity": 0.0094,
          "people": 0.0001,
          "facilities": 0.0,
          "roads": 0.0
        },
        "score": 0.0094,
        "rank": 543,
        "tier": "P3"
      },
      "geometry": {
        "type": "Polygon",
        "coordinates": [
          [
            [
              91.19884500956427,
              26.170776148451832
            ],
            [
              91.19870625731065,
              26.179801308780384
            ],
            [
              91.18870373445019,
              26.179675737735447
            ],
            [
              91.18884325616638,
              26.170650627150962
            ],
            [
              91.19884500956427,
              26.170776148451832
            ]
          ]
        ]
      }
    },
    {
      "id": "792",
      "type": "Feature",
      "properties": {
        "zone_id": "Grid-25-17",
        "name": "Grid-25-17",
        "flood_km2": 0.0132,
        "flood_pct": 1.32,
        "zone_area_km2": 1.0,
        "population": 736.7996,
        "people_affected": 9.7258,
        "facilities_hit": 0,
        "facilities_by_type": {},
        "road_cut_km": 0.0,
        "confidence": "Low",
        "confidence_score": 0.359,
        "reason": "Low: single-method detection (methods disagree); optical ML unavailable for zone",
        "conf_detail": {
          "agreement_ratio": 0.0,
          "terrain_penalty": 0.0,
          "time_penalty": 0.375,
          "margin_score": 0.671,
          "method_penalty": 0.15
        },
        "breakdown": {
          "severity": 0.0056,
          "people": 0.0038,
          "facilities": 0.0,
          "roads": 0.0
        },
        "score": 0.0094,
        "rank": 544,
        "tier": "P3"
      },
      "geometry": {
        "type": "Polygon",
        "coordinates": [
          [
            [
              91.12941000706417,
              26.133783573952353
            ],
            [
              91.12926614241516,
              26.14280842849095
            ],
            [
              91.11926716573046,
              26.142678202480642
            ],
            [
              91.11941179822671,
              26.133653399580304
            ],
            [
              91.12941000706417,
              26.133783573952353
            ]
          ]
        ]
      }
    },
    {
      "id": "370",
      "type": "Feature",
      "properties": {
        "zone_id": "Grid-11-29",
        "name": "Grid-11-29",
        "flood_km2": 0.0128,
        "flood_pct": 1.28,
        "zone_area_km2": 1.0,
        "population": 789.5202,
        "people_affected": 10.1059,
        "facilities_hit": 0,
        "facilities_by_type": {},
        "road_cut_km": 0.0,
        "confidence": "Low",
        "confidence_score": 0.344,
        "reason": "Low: single-method detection (methods disagree); optical ML unavailable for zone",
        "conf_detail": {
          "agreement_ratio": 0.0,
          "terrain_penalty": 0.0,
          "time_penalty": 0.375,
          "margin_score": 0.597,
          "method_penalty": 0.15
        },
        "breakdown": {
          "severity": 0.0054,
          "people": 0.0039,
          "facilities": 0.0,
          "roads": 0.0
        },
        "score": 0.0094,
        "rank": 545,
        "tier": "P3"
      },
      "geometry": {
        "type": "Polygon",
        "coordinates": [
          [
            [
              91.2475028269459,
              26.261646850317597
            ],
            [
              91.24736728115192,
              26.27067213543497
            ],
            [
              91.2373567169016,
              26.270549553402493
            ],
            [
              91.23749303592223,
              26.2615243167265
            ],
            [
              91.2475028269459,
              26.261646850317597
            ]
          ]
        ]
      }
    },
    {
      "id": "243",
      "type": "Feature",
      "properties": {
        "zone_id": "Grid-7-26",
        "name": "Grid-7-26",
        "flood_km2": 0.0136,
        "flood_pct": 1.36,
        "zone_area_km2": 1.0,
        "population": 650.4735,
        "people_affected": 8.8464,
        "facilities_hit": 0,
        "facilities_by_type": {},
        "road_cut_km": 0.0,
        "confidence": "Low",
        "confidence_score": 0.342,
        "reason": "Low: single-method detection (methods disagree); optical ML unavailable for zone",
        "conf_detail": {
          "agreement_ratio": 0.0,
          "terrain_penalty": 0.0,
          "time_penalty": 0.375,
          "margin_score": 0.583,
          "method_penalty": 0.15
        },
        "breakdown": {
          "severity": 0.0058,
          "people": 0.0034,
          "facilities": 0.0,
          "roads": 0.0
        },
        "score": 0.0092,
        "rank": 546,
        "tier": "P3"
      },
      "geometry": {
        "type": "Polygon",
        "coordinates": [
          [
            [
              91.21692179425165,
              26.29737764190306
            ],
            [
              91.21678366737251,
              26.30640273277333
            ],
            [
              91.20677020171932,
              26.306277861424597
            ],
            [
              91.20690910322526,
              26.297252819851852
            ],
            [
              91.21692179425165,
              26.29737764190306
            ]
          ]
        ]
      }
    },
    {
      "id": "369",
      "type": "Feature",
      "properties": {
        "zone_id": "Grid-11-28",
        "name": "Grid-11-28",
        "flood_km2": 0.0128,
        "flood_pct": 1.28,
        "zone_area_km2": 1.0,
        "population": 742.3231,
        "people_affected": 9.5017,
        "facilities_hit": 0,
        "facilities_by_type": {},
        "road_cut_km": 0.0,
        "confidence": "Low",
        "confidence_score": 0.346,
        "reason": "Low: single-method detection (methods disagree); optical ML unavailable for zone",
        "conf_detail": {
          "agreement_ratio": 0.0,
          "terrain_penalty": 0.0,
          "time_penalty": 0.375,
          "margin_score": 0.603,
          "method_penalty": 0.15
        },
        "breakdown": {
          "severity": 0.0054,
          "people": 0.0037,
          "facilities": 0.0,
          "roads": 0.0
        },
        "score": 0.0091,
        "rank": 547,
        "tier": "P3"
      },
      "geometry": {
        "type": "Polygon",
        "coordinates": [
          [
            [
              91.23749303592223,
              26.2615243167265
            ],
            [
              91.2373567169016,
              26.270549553402493
            ],
            [
              91.2273462172536,
              26.270426273962432
            ],
            [
              91.22748330947924,
              26.26140108600332
            ],
            [
              91.23749303592223,
              26.2615243167265
            ]
          ]
        ]
      }
    },
    {
      "id": "45",
      "type": "Feature",
      "properties": {
        "zone_id": "Grid-1-14",
        "name": "Grid-1-14",
        "flood_km2": 0.012,
        "flood_pct": 1.2,
        "zone_area_km2": 1.0,
        "population": 837.3438,
        "people_affected": 10.0481,
        "facilities_hit": 0,
        "facilities_by_type": {},
        "road_cut_km": 0.0,
        "confidence": "Low",
        "confidence_score": 0.327,
        "reason": "Low: single-method detection (methods disagree); optical ML unavailable for zone",
        "conf_detail": {
          "agreement_ratio": 0.0,
          "terrain_penalty": 0.0,
          "time_penalty": 0.375,
          "margin_score": 0.512,
          "method_penalty": 0.15
        },
        "breakdown": {
          "severity": 0.0051,
          "people": 0.0039,
          "facilities": 0.0,
          "roads": 0.0
        },
        "score": 0.009,
        "rank": 548,
        "tier": "P3"
      },
      "geometry": {
        "type": "Polygon",
        "coordinates": [
          [
            [
              91.09588834988703,
              26.349980405946965
            ],
            [
              91.09574050968979,
              26.359004814267525
            ],
            [
              91.08572320387572,
              26.35887124681946
            ],
            [
              91.08587182062772,
              26.349846891151103
            ],
            [
              91.09588834988703,
              26.349980405946965
            ]
          ]
        ]
      }
    },
    {
      "id": "725",
      "type": "Feature",
      "properties": {
        "zone_id": "Grid-23-12",
        "name": "Grid-23-12",
        "flood_km2": 0.0152,
        "flood_pct": 1.52,
        "zone_area_km2": 1.0,
        "population": 428.5931,
        "people_affected": 6.5146,
        "facilities_hit": 0,
        "facilities_by_type": {},
        "road_cut_km": 0.0,
        "confidence": "Low",
        "confidence_score": 0.343,
        "reason": "Low: single-method detection (methods disagree); optical ML unavailable for zone",
        "conf_detail": {
          "agreement_ratio": 0.0,
          "terrain_penalty": 0.0,
          "time_penalty": 0.375,
          "margin_score": 0.588,
          "method_penalty": 0.15
        },
        "breakdown": {
          "severity": 0.0065,
          "people": 0.0025,
          "facilities": 0.0,
          "roads": 0.0
        },
        "score": 0.009,
        "rank": 549,
        "tier": "P3"
      },
      "geometry": {
        "type": "Polygon",
        "coordinates": [
          [
            [
              91.07912417558568,
              26.151174946724375
            ],
            [
              91.07897633164535,
              26.160199516154773
            ],
            [
              91.0689761654161,
              26.160065717573023
            ],
            [
              91.06912477781667,
              26.151041201170734
            ],
            [
              91.07912417558568,
              26.151174946724375
            ]
          ]
        ]
      }
    },
    {
      "id": "411",
      "type": "Feature",
      "properties": {
        "zone_id": "Grid-13-8",
        "name": "Grid-13-8",
        "flood_km2": 0.012,
        "flood_pct": 1.2,
        "zone_area_km2": 1.0,
        "population": 723.5984,
        "people_affected": 8.6832,
        "facilities_hit": 0,
        "facilities_by_type": {},
        "road_cut_km": 0.0,
        "confidence": "Low",
        "confidence_score": 0.325,
        "reason": "Low: single-method detection (methods disagree); optical ML unavailable for zone",
        "conf_detail": {
          "agreement_ratio": 0.0,
          "terrain_penalty": 0.0,
          "time_penalty": 0.375,
          "margin_score": 0.498,
          "method_penalty": 0.15
        },
        "breakdown": {
          "severity": 0.0051,
          "people": 0.0034,
          "facilities": 0.0,
          "roads": 0.0
        },
        "score": 0.0085,
        "rank": 550,
        "tier": "P3"
      },
      "geometry": {
        "type": "Polygon",
        "coordinates": [
          [
            [
              91.03761460620939,
              26.240878814299705
            ],
            [
              91.03746297113625,
              26.249903048614154
            ],
            [
              91.02745538554447,
              26.24976593323141
            ],
            [
              91.02760779263284,
              26.240741753125633
            ],
            [
              91.03761460620939,
              26.240878814299705
            ]
          ]
        ]
      }
    },
    {
      "id": "706",
      "type": "Feature",
      "properties": {
        "zone_id": "Grid-22-24",
        "name": "Grid-22-24",
        "flood_km2": 0.0176,
        "flood_pct": 1.76,
        "zone_area_km2": 1.0,
        "population": 124.8328,
        "people_affected": 2.1971,
        "facilities_hit": 0,
        "facilities_by_type": {},
        "road_cut_km": 0.0,
        "confidence": "Low",
        "confidence_score": 0.356,
        "reason": "Low: single-method detection (methods disagree); optical ML unavailable for zone",
        "conf_detail": {
          "agreement_ratio": 0.0,
          "terrain_penalty": 0.0,
          "time_penalty": 0.375,
          "margin_score": 0.653,
          "method_penalty": 0.15
        },
        "breakdown": {
          "severity": 0.0075,
          "people": 0.0009,
          "facilities": 0.0,
          "roads": 0.0
        },
        "score": 0.0083,
        "rank": 551,
        "tier": "P3"
      },
      "geometry": {
        "type": "Polygon",
        "coordinates": [
          [
            [
              91.19898369599342,
              26.16175097612306
            ],
            [
              91.19884500956427,
              26.170776148451832
            ],
            [
              91.18884325616638,
              26.170650627150962
            ],
            [
              91.18898271169328,
              26.161625504558803
            ],
            [
              91.19898369599342,
              26.16175097612306
            ]
          ]
        ]
      }
    },
    {
      "id": "511",
      "type": "Feature",
      "properties": {
        "zone_id": "Grid-16-15",
        "name": "Grid-16-15",
        "flood_km2": 0.0156,
        "flood_pct": 1.56,
        "zone_area_km2": 1.0,
        "population": 268.0441,
        "people_affected": 4.1815,
        "facilities_hit": 0,
        "facilities_by_type": {},
        "road_cut_km": 0.0,
        "confidence": "Low",
        "confidence_score": 0.363,
        "reason": "Low: single-method detection (methods disagree); optical ML unavailable for zone",
        "conf_detail": {
          "agreement_ratio": 0.0,
          "terrain_penalty": 0.0,
          "time_penalty": 0.375,
          "margin_score": 0.689,
          "method_penalty": 0.15
        },
        "breakdown": {
          "severity": 0.0066,
          "people": 0.0016,
          "facilities": 0.0,
          "roads": 0.0
        },
        "score": 0.0083,
        "rank": 552,
        "tier": "P3"
      },
      "geometry": {
        "type": "Polygon",
        "coordinates": [
          [
            [
              91.10810256784954,
              26.214744856627703
            ],
            [
              91.10795654535649,
              26.223769498968007
            ],
            [
              91.0979507797631,
              26.223637416250263
            ],
            [
              91.09809757334061,
              26.21461282616825
            ],
            [
              91.10810256784954,
              26.214744856627703
            ]
          ]
        ]
      }
    },
    {
      "id": "840",
      "type": "Feature",
      "properties": {
        "zone_id": "Grid-27-3",
        "name": "Grid-27-3",
        "flood_km2": 0.0128,
        "flood_pct": 1.28,
        "zone_area_km2": 1.0,
        "population": 552.4825,
        "people_affected": 7.0718,
        "facilities_hit": 0,
        "facilities_by_type": {},
        "road_cut_km": 0.0,
        "confidence": "Low",
        "confidence_score": 0.35,
        "reason": "Low: single-method detection (methods disagree); optical ML unavailable for zone",
        "conf_detail": {
          "agreement_ratio": 0.0,
          "terrain_penalty": 0.0,
          "time_penalty": 0.375,
          "margin_score": 0.624,
          "method_penalty": 0.15
        },
        "breakdown": {
          "severity": 0.0054,
          "people": 0.0027,
          "facilities": 0.0,
          "roads": 0.0
        },
        "score": 0.0082,
        "rank": 553,
        "tier": "P3"
      },
      "geometry": {
        "type": "Polygon",
        "coordinates": [
          [
            [
              90.98975046775507,
              26.113849820798457
            ],
            [
              90.98959600211548,
              26.122873951698285
            ],
            [
              90.9795995546775,
              26.12273413157408
            ],
            [
              90.97975478710502,
              26.113710056142512
            ],
            [
              90.98975046775507,
              26.113849820798457
            ]
          ]
        ]
      }
    },
    {
      "id": "455",
      "type": "Feature",
      "properties": {
        "zone_id": "Grid-14-21",
        "name": "Grid-14-21",
        "flood_km2": 0.0124,
        "flood_pct": 1.24,
        "zone_area_km2": 1.0,
        "population": 603.4359,
        "people_affected": 7.4826,
        "facilities_hit": 0,
        "facilities_by_type": {},
        "road_cut_km": 0.0,
        "confidence": "Low",
        "confidence_score": 0.335,
        "reason": "Low: single-method detection (methods disagree); optical ML unavailable for zone",
        "conf_detail": {
          "agreement_ratio": 0.0,
          "terrain_penalty": 0.0,
          "time_penalty": 0.375,
          "margin_score": 0.548,
          "method_penalty": 0.15
        },
        "breakdown": {
          "severity": 0.0053,
          "people": 0.0029,
          "facilities": 0.0,
          "roads": 0.0
        },
        "score": 0.0082,
        "rank": 554,
        "tier": "P3"
      },
      "geometry": {
        "type": "Polygon",
        "coordinates": [
          [
            [
              91.16785111773108,
              26.23357232093753
            ],
            [
              91.16770958809788,
              26.2425972469626
            ],
            [
              91.15770186897159,
              26.24246923807243
            ],
            [
              91.15784417055735,
              26.233444362669644
            ],
            [
              91.16785111773108,
              26.23357232093753
            ]
          ]
        ]
      }
    },
    {
      "id": "91",
      "type": "Feature",
      "properties": {
        "zone_id": "Grid-2-29",
        "name": "Grid-2-29",
        "flood_km2": 0.0132,
        "flood_pct": 1.32,
        "zone_area_km2": 1.0,
        "population": 492.9594,
        "people_affected": 6.5071,
        "facilities_hit": 0,
        "facilities_by_type": {},
        "road_cut_km": 0.0,
        "confidence": "Low",
        "confidence_score": 0.35,
        "reason": "Low: single-method detection (methods disagree); optical ML unavailable for zone",
        "conf_detail": {
          "agreement_ratio": 0.0,
          "terrain_penalty": 0.0,
          "time_penalty": 0.375,
          "margin_score": 0.627,
          "method_penalty": 0.15
        },
        "breakdown": {
          "severity": 0.0056,
          "people": 0.0025,
          "facilities": 0.0,
          "roads": 0.0
        },
        "score": 0.0081,
        "rank": 555,
        "tier": "P3"
      },
      "geometry": {
        "type": "Polygon",
        "coordinates": [
          [
            [
              91.24628060048997,
              26.342873984205788
            ],
            [
              91.24614447579486,
              26.351899161235014
            ],
            [
              91.23612693601055,
              26.351776142901617
            ],
            [
              91.23626383723261,
              26.34275101437951
            ],
            [
              91.24628060048997,
              26.342873984205788
            ]
          ]
        ]
      }
    },
    {
      "id": "190",
      "type": "Feature",
      "properties": {
        "zone_id": "Grid-6-4",
        "name": "Grid-6-4",
        "flood_km2": 0.0104,
        "flood_pct": 1.04,
        "zone_area_km2": 1.0,
        "population": 880.8006,
        "people_affected": 9.1603,
        "facilities_hit": 0,
        "facilities_by_type": {},
        "road_cut_km": 0.0,
        "confidence": "Low",
        "confidence_score": 0.343,
        "reason": "Low: single-method detection (methods disagree); optical ML unavailable for zone",
        "conf_detail": {
          "agreement_ratio": 0.0,
          "terrain_penalty": 0.0,
          "time_penalty": 0.375,
          "margin_score": 0.592,
          "method_penalty": 0.15
        },
        "breakdown": {
          "severity": 0.0044,
          "people": 0.0036,
          "facilities": 0.0,
          "roads": 0.0
        },
        "score": 0.008,
        "rank": 556,
        "tier": "P3"
      },
      "geometry": {
        "type": "Polygon",
        "coordinates": [
          [
            [
              90.99650318479097,
              26.303494247282995
            ],
            [
              90.99634794792115,
              26.31251817774448
            ],
            [
              90.98633523981893,
              26.31237788918755
            ],
            [
              90.98649125116827,
              26.303354014093863
            ],
            [
              90.99650318479097,
              26.303494247282995
            ]
          ]
        ]
      }
    },
    {
      "id": "596",
      "type": "Feature",
      "properties": {
        "zone_id": "Grid-19-7",
        "name": "Grid-19-7",
        "flood_km2": 0.014,
        "flood_pct": 1.4,
        "zone_area_km2": 1.0,
        "population": 371.0186,
        "people_affected": 5.1943,
        "facilities_hit": 0,
        "facilities_by_type": {},
        "road_cut_km": 0.0,
        "confidence": "Low",
        "confidence_score": 0.347,
        "reason": "Low: single-method detection (methods disagree); optical ML unavailable for zone",
        "conf_detail": {
          "agreement_ratio": 0.0,
          "terrain_penalty": 0.0,
          "time_penalty": 0.375,
          "margin_score": 0.61,
          "method_penalty": 0.15
        },
        "breakdown": {
          "severity": 0.006,
          "people": 0.002,
          "facilities": 0.0,
          "roads": 0.0
        },
        "score": 0.008,
        "rank": 557,
        "tier": "P3"
      },
      "geometry": {
        "type": "Polygon",
        "coordinates": [
          [
            [
              91.02852071945432,
              26.186596417286992
            ],
            [
              91.02836874530499,
              26.195620670292307
            ],
            [
              91.01836585842034,
              26.195483185217533
            ],
            [
              91.01851860236948,
              26.186458986647086
            ],
            [
              91.02852071945432,
              26.186596417286992
            ]
          ]
        ]
      }
    },
    {
      "id": "778",
      "type": "Feature",
      "properties": {
        "zone_id": "Grid-25-3",
        "name": "Grid-25-3",
        "flood_km2": 0.0124,
        "flood_pct": 1.24,
        "zone_area_km2": 1.0,
        "population": 529.6603,
        "people_affected": 6.5678,
        "facilities_hit": 0,
        "facilities_by_type": {},
        "road_cut_km": 0.0,
        "confidence": "Low",
        "confidence_score": 0.327,
        "reason": "Low: single-method detection (methods disagree); optical ML unavailable for zone",
        "conf_detail": {
          "agreement_ratio": 0.0,
          "terrain_penalty": 0.0,
          "time_penalty": 0.375,
          "margin_score": 0.511,
          "method_penalty": 0.15
        },
        "breakdown": {
          "severity": 0.0053,
          "people": 0.0025,
          "facilities": 0.0,
          "roads": 0.0
        },
        "score": 0.0078,
        "rank": 558,
        "tier": "P3"
      },
      "geometry": {
        "type": "Polygon",
        "coordinates": [
          [
            [
              90.98944146311614,
              26.13189807044884
            ],
            [
              90.98928685073263,
              26.14092217704694
            ],
            [
              90.97928886862712,
              26.14078224596135
            ],
            [
              90.9794442485264,
              26.131758194848086
            ],
            [
              90.98944146311614,
              26.13189807044884
            ]
          ]
        ]
      }
    },
    {
      "id": "690",
      "type": "Feature",
      "properties": {
        "zone_id": "Grid-22-8",
        "name": "Grid-22-8",
        "flood_km2": 0.012,
        "flood_pct": 1.2,
        "zone_area_km2": 1.0,
        "population": 580.8677,
        "people_affected": 6.9704,
        "facilities_hit": 0,
        "facilities_by_type": {},
        "road_cut_km": 0.0,
        "confidence": "Low",
        "confidence_score": 0.343,
        "reason": "Low: single-method detection (methods disagree); optical ML unavailable for zone",
        "conf_detail": {
          "agreement_ratio": 0.0,
          "terrain_penalty": 0.0,
          "time_penalty": 0.375,
          "margin_score": 0.588,
          "method_penalty": 0.15
        },
        "breakdown": {
          "severity": 0.0051,
          "people": 0.0027,
          "facilities": 0.0,
          "roads": 0.0
        },
        "score": 0.0078,
        "rank": 559,
        "tier": "P3"
      },
      "geometry": {
        "type": "Polygon",
        "coordinates": [
          [
            [
              91.03897609143932,
              26.159660159112804
            ],
            [
              91.03882510216413,
              26.16868450266054
            ],
            [
              91.0288244515606,
              26.168547874863133
            ],
            [
              91.02897620956563,
              26.15952358545095
            ],
            [
              91.03897609143932,
              26.159660159112804
            ]
          ]
        ]
      }
    },
    {
      "id": "213",
      "type": "Feature",
      "properties": {
        "zone_id": "Grid-6-27",
        "name": "Grid-6-27",
        "flood_km2": 0.0108,
        "flood_pct": 1.08,
        "zone_area_km2": 1.0,
        "population": 756.1124,
        "people_affected": 8.166,
        "facilities_hit": 0,
        "facilities_by_type": {},
        "road_cut_km": 0.0,
        "confidence": "Low",
        "confidence_score": 0.349,
        "reason": "Low: single-method detection (methods disagree); optical ML unavailable for zone",
        "conf_detail": {
          "agreement_ratio": 0.0,
          "terrain_penalty": 0.0,
          "time_penalty": 0.375,
          "margin_score": 0.619,
          "method_penalty": 0.15
        },
        "breakdown": {
          "severity": 0.0046,
          "people": 0.0032,
          "facilities": 0.0,
          "roads": 0.0
        },
        "score": 0.0078,
        "rank": 560,
        "tier": "P3"
      },
      "geometry": {
        "type": "Polygon",
        "coordinates": [
          [
            [
              91.22679719844804,
              26.306526905646887
            ],
            [
              91.22665978116194,
              26.31555203351458
            ],
            [
              91.216645475071,
              26.315427811611762
            ],
            [
              91.21678366737251,
              26.30640273277333
            ],
            [
              91.22679719844804,
              26.306526905646887
            ]
          ]
        ]
      }
    },
    {
      "id": "821",
      "type": "Feature",
      "properties": {
        "zone_id": "Grid-26-15",
        "name": "Grid-26-15",
        "flood_km2": 0.0108,
        "flood_pct": 1.08,
        "zone_area_km2": 1.0,
        "population": 750.225,
        "people_affected": 8.1024,
        "facilities_hit": 0,
        "facilities_by_type": {},
        "road_cut_km": 0.0,
        "confidence": "Low",
        "confidence_score": 0.324,
        "reason": "Low: single-method detection (methods disagree); optical ML unavailable for zone",
        "conf_detail": {
          "agreement_ratio": 0.0,
          "terrain_penalty": 0.0,
          "time_penalty": 0.375,
          "margin_score": 0.495,
          "method_penalty": 0.15
        },
        "breakdown": {
          "severity": 0.0046,
          "people": 0.0031,
          "facilities": 0.0,
          "roads": 0.0
        },
        "score": 0.0077,
        "rank": 561,
        "tier": "P3"
      },
      "geometry": {
        "type": "Polygon",
        "coordinates": [
          [
            [
              91.10955898934567,
              26.1244977690981
            ],
            [
              91.10941365804005,
              26.13352253214151
            ],
            [
              91.09941558686843,
              26.13339097165433
            ],
            [
              91.0995616856112,
              26.124366260791
            ],
            [
              91.10955898934567,
              26.1244977690981
            ]
          ]
        ]
      }
    },
    {
      "id": "29",
      "type": "Feature",
      "properties": {
        "zone_id": "Grid-0-29",
        "name": "Grid-0-29",
        "flood_km2": 0.0124,
        "flood_pct": 1.24,
        "zone_area_km2": 1.0,
        "population": 483.9001,
        "people_affected": 6.0004,
        "facilities_hit": 0,
        "facilities_by_type": {},
        "road_cut_km": 0.0,
        "confidence": "Low",
        "confidence_score": 0.357,
        "reason": "Low: single-method detection (methods disagree); optical ML unavailable for zone",
        "conf_detail": {
          "agreement_ratio": 0.0,
          "terrain_penalty": 0.0,
          "time_penalty": 0.375,
          "margin_score": 0.661,
          "method_penalty": 0.15
        },
        "breakdown": {
          "severity": 0.0053,
          "people": 0.0023,
          "facilities": 0.0,
          "roads": 0.0
        },
        "score": 0.0076,
        "rank": 562,
        "tier": "P3"
      },
      "geometry": {
        "type": "Polygon",
        "coordinates": [
          [
            [
              91.24600828666941,
              26.360924326239097
            ],
            [
              91.24587203309197,
              26.369949479214956
            ],
            [
              91.23585293915167,
              26.369826363845327
            ],
            [
              91.23598996999083,
              26.360801259391245
            ],
            [
              91.24600828666941,
              26.360924326239097
            ]
          ]
        ]
      }
    },
    {
      "id": "150",
      "type": "Feature",
      "properties": {
        "zone_id": "Grid-4-26",
        "name": "Grid-4-26",
        "flood_km2": 0.0108,
        "flood_pct": 1.08,
        "zone_area_km2": 1.0,
        "population": 698.3519,
        "people_affected": 7.5422,
        "facilities_hit": 0,
        "facilities_by_type": {},
        "road_cut_km": 0.0,
        "confidence": "Low",
        "confidence_score": 0.341,
        "reason": "Low: single-method detection (methods disagree); optical ML unavailable for zone",
        "conf_detail": {
          "agreement_ratio": 0.0,
          "terrain_penalty": 0.0,
          "time_penalty": 0.375,
          "margin_score": 0.578,
          "method_penalty": 0.15
        },
        "breakdown": {
          "severity": 0.0046,
          "people": 0.0029,
          "facilities": 0.0,
          "roads": 0.0
        },
        "score": 0.0075,
        "rank": 563,
        "tier": "P3"
      },
      "geometry": {
        "type": "Polygon",
        "coordinates": [
          [
            [
              91.2165072173252,
              26.324452878415272
            ],
            [
              91.21636889411312,
              26.333477933180784
            ],
            [
              91.20635310237915,
              26.333352913894885
            ],
            [
              91.20649220131835,
              26.3243279084492
            ],
            [
              91.2165072173252,
              26.324452878415272
            ]
          ]
        ]
      }
    },
    {
      "id": "868",
      "type": "Feature",
      "properties": {
        "zone_id": "Grid-28-0",
        "name": "Grid-28-0",
        "flood_km2": 0.0116,
        "flood_pct": 1.16,
        "zone_area_km2": 1.0,
        "population": 556.9546,
        "people_affected": 6.4607,
        "facilities_hit": 0,
        "facilities_by_type": {},
        "road_cut_km": 0.0,
        "confidence": "Low",
        "confidence_score": 0.336,
        "reason": "Low: single-method detection (methods disagree); optical ML unavailable for zone",
        "conf_detail": {
          "agreement_ratio": 0.0,
          "terrain_penalty": 0.0,
          "time_penalty": 0.375,
          "margin_score": 0.556,
          "method_penalty": 0.15
        },
        "breakdown": {
          "severity": 0.0049,
          "people": 0.0025,
          "facilities": 0.0,
          "roads": 0.0
        },
        "score": 0.0074,
        "rank": 564,
        "tier": "P3"
      },
      "geometry": {
        "type": "Polygon",
        "coordinates": [
          [
            [
              90.95992033876882,
              26.104404474252938
            ],
            [
              90.95976364726582,
              26.11342845009523
            ],
            [
              90.9497681888041,
              26.113286608743376
            ],
            [
              90.9499256466573,
              26.10426268918472
            ],
            [
              90.95992033876882,
              26.104404474252938
            ]
          ]
        ]
      }
    },
    {
      "id": "925",
      "type": "Feature",
      "properties": {
        "zone_id": "Grid-29-26",
        "name": "Grid-29-26",
        "flood_km2": 0.0048,
        "flood_pct": 1.0435,
        "zone_area_km2": 0.47237621329026297,
        "population": 733.6121,
        "people_affected": 7.6551,
        "facilities_hit": 0,
        "facilities_by_type": {},
        "road_cut_km": 0.0,
        "confidence": "Low",
        "confidence_score": 0.356,
        "reason": "Low: single-method detection (methods disagree); optical ML unavailable for zone",
        "conf_detail": {
          "agreement_ratio": 0.0,
          "terrain_penalty": 0.0,
          "time_penalty": 0.375,
          "margin_score": 0.656,
          "method_penalty": 0.15
        },
        "breakdown": {
          "severity": 0.0044,
          "people": 0.003,
          "facilities": 0.0,
          "roads": 0.0
        },
        "score": 0.0074,
        "rank": 565,
        "tier": "P3"
      },
      "geometry": {
        "type": "Polygon",
        "coordinates": [
          [
            [
              91.21987196353332,
              26.10358459831915
            ],
            [
              91.21980738486722,
              26.10784795974691
            ],
            [
              91.20981087652162,
              26.107724171234967
            ],
            [
              91.20987581735253,
              26.10346083301839
            ],
            [
              91.21987196353332,
              26.10358459831915
            ]
          ]
        ]
      }
    },
    {
      "id": "379",
      "type": "Feature",
      "properties": {
        "zone_id": "Grid-12-7",
        "name": "Grid-12-7",
        "flood_km2": 0.0104,
        "flood_pct": 1.04,
        "zone_area_km2": 1.0,
        "population": 700.7188,
        "people_affected": 7.2875,
        "facilities_hit": 0,
        "facilities_by_type": {},
        "road_cut_km": 0.0,
        "confidence": "Low",
        "confidence_score": 0.341,
        "reason": "Low: single-method detection (methods disagree); optical ML unavailable for zone",
        "conf_detail": {
          "agreement_ratio": 0.0,
          "terrain_penalty": 0.0,
          "time_penalty": 0.375,
          "margin_score": 0.581,
          "method_penalty": 0.15
        },
        "breakdown": {
          "severity": 0.0044,
          "people": 0.0028,
          "facilities": 0.0,
          "roads": 0.0
        },
        "score": 0.0073,
        "rank": 566,
        "tier": "P3"
      },
      "geometry": {
        "type": "Polygon",
        "coordinates": [
          [
            [
              91.02745538554447,
              26.24976593323141
            ],
            [
              91.0273029062151,
              26.258790101176146
            ],
            [
              91.0172946205076,
              26.258652234828542
            ],
            [
              91.0174478721937,
              26.249628121375892
            ],
            [
              91.02745538554447,
              26.24976593323141
            ]
          ]
        ]
      }
    },
    {
      "id": "309",
      "type": "Feature",
      "properties": {
        "zone_id": "Grid-9-30",
        "name": "Grid-9-30",
        "flood_km2": 0.0056,
        "flood_pct": 1.3333,
        "zone_area_km2": 0.41200812744302673,
        "population": 291.6456,
        "people_affected": 3.8886,
        "facilities_hit": 0,
        "facilities_by_type": {},
        "road_cut_km": 0.0,
        "confidence": "Low",
        "confidence_score": 0.333,
        "reason": "Low: single-method detection (methods disagree); optical ML unavailable for zone",
        "conf_detail": {
          "agreement_ratio": 0.0,
          "terrain_penalty": 0.0,
          "time_penalty": 0.375,
          "margin_score": 0.539,
          "method_penalty": 0.15
        },
        "breakdown": {
          "severity": 0.0057,
          "people": 0.0015,
          "facilities": 0.0,
          "roads": 0.0
        },
        "score": 0.0072,
        "rank": 567,
        "tier": "P3"
      },
      "geometry": {
        "type": "Polygon",
        "coordinates": [
          [
            [
              91.25135644239191,
              26.27974773036408
            ],
            [
              91.25122108698791,
              26.288773011367468
            ],
            [
              91.24709599683408,
              26.28872266967416
            ],
            [
              91.24723167112182,
              26.279697408554856
            ],
            [
              91.25135644239191,
              26.27974773036408
            ]
          ]
        ]
      }
    },
    {
      "id": "781",
      "type": "Feature",
      "properties": {
        "zone_id": "Grid-25-6",
        "name": "Grid-25-6",
        "flood_km2": 0.0112,
        "flood_pct": 1.12,
        "zone_area_km2": 1.0,
        "population": 527.9754,
        "people_affected": 5.9133,
        "facilities_hit": 0,
        "facilities_by_type": {},
        "road_cut_km": 0.0,
        "confidence": "Low",
        "confidence_score": 0.349,
        "reason": "Low: single-method detection (methods disagree); optical ML unavailable for zone",
        "conf_detail": {
          "agreement_ratio": 0.0,
          "terrain_penalty": 0.0,
          "time_penalty": 0.375,
          "margin_score": 0.622,
          "method_penalty": 0.15
        },
        "breakdown": {
          "severity": 0.0048,
          "people": 0.0023,
          "facilities": 0.0,
          "roads": 0.0
        },
        "score": 0.0071,
        "rank": 568,
        "tier": "P3"
      },
      "geometry": {
        "type": "Polygon",
        "coordinates": [
          [
            [
              91.01943354573432,
              26.132313540249786
            ],
            [
              91.01928123604442,
              26.14133781165419
            ],
            [
              91.00928303480542,
              26.14119995991284
            ],
            [
              91.0094361120841,
              26.132175743169157
            ],
            [
              91.01943354573432,
              26.132313540249786
            ]
          ]
        ]
      }
    },
    {
      "id": "494",
      "type": "Feature",
      "properties": {
        "zone_id": "Grid-15-29",
        "name": "Grid-15-29",
        "flood_km2": 0.014,
        "flood_pct": 1.4,
        "zone_area_km2": 1.0,
        "population": 159.5547,
        "people_affected": 2.2338,
        "facilities_hit": 0,
        "facilities_by_type": {},
        "road_cut_km": 0.0,
        "confidence": "Low",
        "confidence_score": 0.335,
        "reason": "Low: single-method detection (methods disagree); optical ML unavailable for zone",
        "conf_detail": {
          "agreement_ratio": 0.0,
          "terrain_penalty": 0.0,
          "time_penalty": 0.375,
          "margin_score": 0.552,
          "method_penalty": 0.15
        },
        "breakdown": {
          "severity": 0.006,
          "people": 0.0009,
          "facilities": 0.0,
          "roads": 0.0
        },
        "score": 0.0068,
        "rank": 569,
        "tier": "P3"
      },
      "geometry": {
        "type": "Polygon",
        "coordinates": [
          [
            [
              91.24804436819063,
              26.22554558993468
            ],
            [
              91.24790907912617,
              26.23457092301126
            ],
            [
              91.23790160558636,
              26.23444853470063
            ],
            [
              91.23803766641385,
              26.225423250036314
            ],
            [
              91.24804436819063,
              26.22554558993468
            ]
          ]
        ]
      }
    },
    {
      "id": "212",
      "type": "Feature",
      "properties": {
        "zone_id": "Grid-6-26",
        "name": "Grid-6-26",
        "flood_km2": 0.01,
        "flood_pct": 1.0,
        "zone_area_km2": 1.0,
        "population": 661.7717,
        "people_affected": 6.6177,
        "facilities_hit": 0,
        "facilities_by_type": {},
        "road_cut_km": 0.0,
        "confidence": "Low",
        "confidence_score": 0.356,
        "reason": "Low: single-method detection (methods disagree); optical ML unavailable for zone",
        "conf_detail": {
          "agreement_ratio": 0.0,
          "terrain_penalty": 0.0,
          "time_penalty": 0.375,
          "margin_score": 0.657,
          "method_penalty": 0.15
        },
        "breakdown": {
          "severity": 0.0043,
          "people": 0.0026,
          "facilities": 0.0,
          "roads": 0.0
        },
        "score": 0.0068,
        "rank": 570,
        "tier": "P3"
      },
      "geometry": {
        "type": "Polygon",
        "coordinates": [
          [
            [
              91.21678366737251,
              26.30640273277333
            ],
            [
              91.216645475071,
              26.315427811611762
            ],
            [
              91.20663123442439,
              26.31530289095807
            ],
            [
              91.20677020171932,
              26.306277861424597
            ],
            [
              91.21678366737251,
              26.30640273277333
            ]
          ]
        ]
      }
    },
    {
      "id": "684",
      "type": "Feature",
      "properties": {
        "zone_id": "Grid-22-2",
        "name": "Grid-22-2",
        "flood_km2": 0.0108,
        "flood_pct": 1.08,
        "zone_area_km2": 1.0,
        "population": 504.0455,
        "people_affected": 5.4437,
        "facilities_hit": 0,
        "facilities_by_type": {},
        "road_cut_km": 0.0,
        "confidence": "Low",
        "confidence_score": 0.36,
        "reason": "Low: single-method detection (methods disagree); optical ML unavailable for zone",
        "conf_detail": {
          "agreement_ratio": 0.0,
          "terrain_penalty": 0.0,
          "time_penalty": 0.375,
          "margin_score": 0.673,
          "method_penalty": 0.15
        },
        "breakdown": {
          "severity": 0.0046,
          "people": 0.0021,
          "facilities": 0.0,
          "roads": 0.0
        },
        "score": 0.0067,
        "rank": 571,
        "tier": "P3"
      },
      "geometry": {
        "type": "Polygon",
        "coordinates": [
          [
            [
              90.97897788748568,
              26.15883031169276
            ],
            [
              90.97882228619432,
              26.167854326304507
            ],
            [
              90.96882207320292,
              26.16771353481468
            ],
            [
              90.96897844307814,
              26.158689575987488
            ],
            [
              90.97897788748568,
              26.15883031169276
            ]
          ]
        ]
      }
    },
    {
      "id": "562",
      "type": "Feature",
      "properties": {
        "zone_id": "Grid-18-4",
        "name": "Grid-18-4",
        "flood_km2": 0.0152,
        "flood_pct": 1.52,
        "zone_area_km2": 1.0,
        "population": 34.6895,
        "people_affected": 0.5273,
        "facilities_hit": 0,
        "facilities_by_type": {},
        "road_cut_km": 0.0,
        "confidence": "Low",
        "confidence_score": 0.372,
        "reason": "Low: single-method detection (methods disagree); optical ML unavailable for zone",
        "conf_detail": {
          "agreement_ratio": 0.0,
          "terrain_penalty": 0.0,
          "time_penalty": 0.375,
          "margin_score": 0.736,
          "method_penalty": 0.15
        },
        "breakdown": {
          "severity": 0.0065,
          "people": 0.0002,
          "facilities": 0.0,
          "roads": 0.0
        },
        "score": 0.0067,
        "rank": 572,
        "tier": "P3"
      },
      "geometry": {
        "type": "Polygon",
        "coordinates": [
          [
            [
              90.99836030239932,
              26.19520613067914
            ],
            [
              90.9982059457324,
              26.20423020738837
            ],
            [
              90.98820250723409,
              26.204090582695606
            ],
            [
              90.98835763399273,
              26.19506656125441
            ],
            [
              90.99836030239932,
              26.19520613067914
            ]
          ]
        ]
      }
    },
    {
      "id": "579",
      "type": "Feature",
      "properties": {
        "zone_id": "Grid-18-21",
        "name": "Grid-18-21",
        "flood_km2": 0.012,
        "flood_pct": 1.2,
        "zone_area_km2": 1.0,
        "population": 297.3007,
        "people_affected": 3.5676,
        "facilities_hit": 0,
        "facilities_by_type": {},
        "road_cut_km": 0.0,
        "confidence": "Low",
        "confidence_score": 0.336,
        "reason": "Low: single-method detection (methods disagree); optical ML unavailable for zone",
        "conf_detail": {
          "agreement_ratio": 0.0,
          "terrain_penalty": 0.0,
          "time_penalty": 0.375,
          "margin_score": 0.555,
          "method_penalty": 0.15
        },
        "breakdown": {
          "severity": 0.0051,
          "people": 0.0014,
          "facilities": 0.0,
          "roads": 0.0
        },
        "score": 0.0065,
        "rank": 573,
        "tier": "P3"
      },
      "geometry": {
        "type": "Polygon",
        "coordinates": [
          [
            [
              91.16841656573258,
              26.19747249642325
            ],
            [
              91.16827530426706,
              26.206497470607683
            ],
            [
              91.15827067075797,
              26.206369664161084
            ],
            [
              91.1584127027144,
              26.197344740568553
            ],
            [
              91.16841656573258,
              26.19747249642325
            ]
          ]
        ]
      }
    },
    {
      "id": "678",
      "type": "Feature",
      "properties": {
        "zone_id": "Grid-21-27",
        "name": "Grid-21-27",
        "flood_km2": 0.014,
        "flood_pct": 1.4,
        "zone_area_km2": 1.0,
        "population": 91.0826,
        "people_affected": 1.2752,
        "facilities_hit": 0,
        "facilities_by_type": {},
        "road_cut_km": 0.0,
        "confidence": "Low",
        "confidence_score": 0.367,
        "reason": "Low: single-method detection (methods disagree); optical ML unavailable for zone",
        "conf_detail": {
          "agreement_ratio": 0.0,
          "terrain_penalty": 0.0,
          "time_penalty": 0.375,
          "margin_score": 0.711,
          "method_penalty": 0.15
        },
        "breakdown": {
          "severity": 0.006,
          "people": 0.0005,
          "facilities": 0.0,
          "roads": 0.0
        },
        "score": 0.0065,
        "rank": 574,
        "tier": "P3"
      },
      "geometry": {
        "type": "Polygon",
        "coordinates": [
          [
            [
              91.2288506632456,
              26.171148546425144
            ],
            [
              91.22871421951105,
              26.180173854335546
            ],
            [
              91.21871150020603,
              26.18005036709791
            ],
            [
              91.2188487134687,
              26.17102510810639
            ],
            [
              91.2288506632456,
              26.171148546425144
            ]
          ]
        ]
      }
    },
    {
      "id": "252",
      "type": "Feature",
      "properties": {
        "zone_id": "Grid-8-4",
        "name": "Grid-8-4",
        "flood_km2": 0.0108,
        "flood_pct": 1.08,
        "zone_area_km2": 1.0,
        "population": 434.7097,
        "people_affected": 4.6949,
        "facilities_hit": 0,
        "facilities_by_type": {},
        "road_cut_km": 0.0,
        "confidence": "Low",
        "confidence_score": 0.312,
        "reason": "Low: single-method detection (methods disagree); optical ML unavailable for zone",
        "conf_detail": {
          "agreement_ratio": 0.0,
          "terrain_penalty": 0.0,
          "time_penalty": 0.375,
          "margin_score": 0.434,
          "method_penalty": 0.15
        },
        "breakdown": {
          "severity": 0.0046,
          "people": 0.0018,
          "facilities": 0.0,
          "roads": 0.0
        },
        "score": 0.0064,
        "rank": 575,
        "tier": "P3"
      },
      "geometry": {
        "type": "Polygon",
        "coordinates": [
          [
            [
              90.996813438099,
              26.285446349748707
            ],
            [
              90.99665834817537,
              26.294470304616674
            ],
            [
              90.98664718866588,
              26.294330126787003
            ],
            [
              90.98680305233651,
              26.28530622727015
            ],
            [
              90.996813438099,
              26.285446349748707
            ]
          ]
        ]
      }
    },
    {
      "id": "641",
      "type": "Feature",
      "properties": {
        "zone_id": "Grid-20-21",
        "name": "Grid-20-21",
        "flood_km2": 0.0108,
        "flood_pct": 1.08,
        "zone_area_km2": 1.0,
        "population": 433.2978,
        "people_affected": 4.6796,
        "facilities_hit": 0,
        "facilities_by_type": {},
        "road_cut_km": 0.0,
        "confidence": "Low",
        "confidence_score": 0.353,
        "reason": "Low: single-method detection (methods disagree); optical ML unavailable for zone",
        "conf_detail": {
          "agreement_ratio": 0.0,
          "terrain_penalty": 0.0,
          "time_penalty": 0.375,
          "margin_score": 0.641,
          "method_penalty": 0.15
        },
        "breakdown": {
          "severity": 0.0046,
          "people": 0.0018,
          "facilities": 0.0,
          "roads": 0.0
        },
        "score": 0.0064,
        "rank": 576,
        "tier": "P3"
      },
      "geometry": {
        "type": "Polygon",
        "coordinates": [
          [
            [
              91.1686988877283,
              26.17942251196134
            ],
            [
              91.16855776021221,
              26.18844751020676
            ],
            [
              91.1585546673198,
              26.18831980493639
            ],
            [
              91.15869656459667,
              26.179294857267717
            ],
            [
              91.1686988877283,
              26.17942251196134
            ]
          ]
        ]
      }
    },
    {
      "id": "581",
      "type": "Feature",
      "properties": {
        "zone_id": "Grid-18-23",
        "name": "Grid-18-23",
        "flood_km2": 0.0144,
        "flood_pct": 1.44,
        "zone_area_km2": 1.0,
        "population": 47.6858,
        "people_affected": 0.6867,
        "facilities_hit": 0,
        "facilities_by_type": {},
        "road_cut_km": 0.0,
        "confidence": "Low",
        "confidence_score": 0.358,
        "reason": "Low: single-method detection (methods disagree); optical ML unavailable for zone",
        "conf_detail": {
          "agreement_ratio": 0.0,
          "terrain_penalty": 0.0,
          "time_penalty": 0.375,
          "margin_score": 0.666,
          "method_penalty": 0.15
        },
        "breakdown": {
          "severity": 0.0061,
          "people": 0.0003,
          "facilities": 0.0,
          "roads": 0.0
        },
        "score": 0.0064,
        "rank": 577,
        "tier": "P3"
      },
      "geometry": {
        "type": "Polygon",
        "coordinates": [
          [
            [
              91.18842449236153,
              26.197725922868948
            ],
            [
              91.18828477194484,
              26.206750997411756
            ],
            [
              91.17828000478443,
              26.20662458169719
            ],
            [
              91.17842049573667,
              26.197599557195996
            ],
            [
              91.18842449236153,
              26.197725922868948
            ]
          ]
        ]
      }
    },
    {
      "id": "566",
      "type": "Feature",
      "properties": {
        "zone_id": "Grid-18-8",
        "name": "Grid-18-8",
        "flood_km2": 0.0124,
        "flood_pct": 1.24,
        "zone_area_km2": 1.0,
        "population": 202.9531,
        "people_affected": 2.5166,
        "facilities_hit": 0,
        "facilities_by_type": {},
        "road_cut_km": 0.0,
        "confidence": "Low",
        "confidence_score": 0.346,
        "reason": "Low: single-method detection (methods disagree); optical ML unavailable for zone",
        "conf_detail": {
          "agreement_ratio": 0.0,
          "terrain_penalty": 0.0,
          "time_penalty": 0.375,
          "margin_score": 0.604,
          "method_penalty": 0.15
        },
        "breakdown": {
          "severity": 0.0053,
          "people": 0.001,
          "facilities": 0.0,
          "roads": 0.0
        },
        "score": 0.0063,
        "rank": 578,
        "tier": "P3"
      },
      "geometry": {
        "type": "Polygon",
        "coordinates": [
          [
            [
              91.03837170428586,
              26.195757460545057
            ],
            [
              91.0382204282291,
              26.204781755576395
            ],
            [
              91.02821669905943,
              26.20464491115565
            ],
            [
              91.02836874530499,
              26.195620670292307
            ],
            [
              91.03837170428586,
              26.195757460545057
            ]
          ]
        ]
      }
    },
    {
      "id": "466",
      "type": "Feature",
      "properties": {
        "zone_id": "Grid-15-1",
        "name": "Grid-15-1",
        "flood_km2": 0.0108,
        "flood_pct": 1.08,
        "zone_area_km2": 1.0,
        "population": 380.9757,
        "people_affected": 4.1145,
        "facilities_hit": 0,
        "facilities_by_type": {},
        "road_cut_km": 0.0,
        "confidence": "Low",
        "confidence_score": 0.333,
        "reason": "Low: single-method detection (methods disagree); optical ML unavailable for zone",
        "conf_detail": {
          "agreement_ratio": 0.0,
          "terrain_penalty": 0.0,
          "time_penalty": 0.375,
          "margin_score": 0.538,
          "method_penalty": 0.15
        },
        "breakdown": {
          "severity": 0.0046,
          "people": 0.0016,
          "facilities": 0.0,
          "roads": 0.0
        },
        "score": 0.0062,
        "rank": 579,
        "tier": "P3"
      },
      "geometry": {
        "type": "Polygon",
        "coordinates": [
          [
            [
              90.96788229465143,
              26.221857031844923
            ],
            [
              90.96772540477792,
              26.230880905331215
            ],
            [
              90.95771987587258,
              26.23073902731055
            ],
            [
              90.95787753685887,
              26.22171520994244
            ],
            [
              90.96788229465143,
              26.221857031844923
            ]
          ]
        ]
      }
    },
    {
      "id": "595",
      "type": "Feature",
      "properties": {
        "zone_id": "Grid-19-6",
        "name": "Grid-19-6",
        "flood_km2": 0.0116,
        "flood_pct": 1.16,
        "zone_area_km2": 1.0,
        "population": 269.7647,
        "people_affected": 3.1293,
        "facilities_hit": 0,
        "facilities_by_type": {},
        "road_cut_km": 0.0,
        "confidence": "Low",
        "confidence_score": 0.354,
        "reason": "Low: single-method detection (methods disagree); optical ML unavailable for zone",
        "conf_detail": {
          "agreement_ratio": 0.0,
          "terrain_penalty": 0.0,
          "time_penalty": 0.375,
          "margin_score": 0.646,
          "method_penalty": 0.15
        },
        "breakdown": {
          "severity": 0.0049,
          "people": 0.0012,
          "facilities": 0.0,
          "roads": 0.0
        },
        "score": 0.0061,
        "rank": 580,
        "tier": "P3"
      },
      "geometry": {
        "type": "Polygon",
        "coordinates": [
          [
            [
              91.01851860236948,
              26.186458986647086
            ],
            [
              91.01836585842034,
              26.195483185217533
            ],
            [
              91.00836304399682,
              26.195345005340013
            ],
            [
              91.00851655772156,
              26.186320861479405
            ],
            [
              91.01851860236948,
              26.186458986647086
            ]
          ]
        ]
      }
    },
    {
      "id": "525",
      "type": "Feature",
      "properties": {
        "zone_id": "Grid-16-29",
        "name": "Grid-16-29",
        "flood_km2": 0.0128,
        "flood_pct": 1.28,
        "zone_area_km2": 1.0,
        "population": 110.0884,
        "people_affected": 1.4091,
        "facilities_hit": 0,
        "facilities_by_type": {},
        "road_cut_km": 0.0,
        "confidence": "Low",
        "confidence_score": 0.39,
        "reason": "Low: single-method detection (methods disagree); optical ML unavailable for zone",
        "conf_detail": {
          "agreement_ratio": 0.0,
          "terrain_penalty": 0.0,
          "time_penalty": 0.375,
          "margin_score": 0.826,
          "method_penalty": 0.15
        },
        "breakdown": {
          "severity": 0.0054,
          "people": 0.0005,
          "facilities": 0.0,
          "roads": 0.0
        },
        "score": 0.006,
        "rank": 581,
        "tier": "P3"
      },
      "geometry": {
        "type": "Polygon",
        "coordinates": [
          [
            [
              91.2481795931264,
              26.216520244875987
            ],
            [
              91.24804436819063,
              26.22554558993468
            ],
            [
              91.23803766641385,
              26.225423250036314
            ],
            [
              91.23817366274703,
              26.21639795338263
            ],
            [
              91.2481795931264,
              26.216520244875987
            ]
          ]
        ]
      }
    },
    {
      "id": "842",
      "type": "Feature",
      "properties": {
        "zone_id": "Grid-27-5",
        "name": "Grid-27-5",
        "flood_km2": 0.01,
        "flood_pct": 1.0,
        "zone_area_km2": 1.0,
        "population": 418.6679,
        "people_affected": 4.1867,
        "facilities_hit": 0,
        "facilities_by_type": {},
        "road_cut_km": 0.0,
        "confidence": "Low",
        "confidence_score": 0.364,
        "reason": "Low: single-method detection (methods disagree); optical ML unavailable for zone",
        "conf_detail": {
          "agreement_ratio": 0.0,
          "terrain_penalty": 0.0,
          "time_penalty": 0.375,
          "margin_score": 0.694,
          "method_penalty": 0.15
        },
        "breakdown": {
          "severity": 0.0043,
          "people": 0.0016,
          "facilities": 0.0,
          "roads": 0.0
        },
        "score": 0.0059,
        "rank": 582,
        "tier": "P3"
      },
      "geometry": {
        "type": "Polygon",
        "coordinates": [
          [
            [
              91.00974204869728,
              26.11412727327699
            ],
            [
              91.00958911670665,
              26.123151514289486
            ],
            [
              90.99959252291315,
              26.12301307927659
            ],
            [
              90.99974622174041,
              26.113988893183116
            ],
            [
              91.00974204869728,
              26.11412727327699
            ]
          ]
        ]
      }
    },
    {
      "id": "443",
      "type": "Feature",
      "properties": {
        "zone_id": "Grid-14-9",
        "name": "Grid-14-9",
        "flood_km2": 0.0108,
        "flood_pct": 1.08,
        "zone_area_km2": 1.0,
        "population": 128.0008,
        "people_affected": 1.3824,
        "facilities_hit": 0,
        "facilities_by_type": {},
        "road_cut_km": 0.0,
        "confidence": "Low",
        "confidence_score": 0.358,
        "reason": "Low: single-method detection (methods disagree); optical ML unavailable for zone",
        "conf_detail": {
          "agreement_ratio": 0.0,
          "terrain_penalty": 0.0,
          "time_penalty": 0.375,
          "margin_score": 0.663,
          "method_penalty": 0.15
        },
        "breakdown": {
          "severity": 0.0046,
          "people": 0.0005,
          "facilities": 0.0,
          "roads": 0.0
        },
        "score": 0.0051,
        "rank": 583,
        "tier": "P3"
      },
      "geometry": {
        "type": "Polygon",
        "coordinates": [
          [
            [
              91.04777228318531,
              26.23199087886748
            ],
            [
              91.04762149163722,
              26.241015179256987
            ],
            [
              91.03761460620939,
              26.240878814299705
            ],
            [
              91.03776616943121,
              26.231854567835537
            ],
            [
              91.04777228318531,
              26.23199087886748
            ]
          ]
        ]
      }
    },
    {
      "id": "680",
      "type": "Feature",
      "properties": {
        "zone_id": "Grid-21-29",
        "name": "Grid-21-29",
        "flood_km2": 0.0104,
        "flood_pct": 1.04,
        "zone_area_km2": 1.0,
        "population": 166.9415,
        "people_affected": 1.7362,
        "facilities_hit": 0,
        "facilities_by_type": {},
        "road_cut_km": 0.0,
        "confidence": "Low",
        "confidence_score": 0.338,
        "reason": "Low: single-method detection (methods disagree); optical ML unavailable for zone",
        "conf_detail": {
          "agreement_ratio": 0.0,
          "terrain_penalty": 0.0,
          "time_penalty": 0.375,
          "margin_score": 0.565,
          "method_penalty": 0.15
        },
        "breakdown": {
          "severity": 0.0044,
          "people": 0.0007,
          "facilities": 0.0,
          "roads": 0.0
        },
        "score": 0.0051,
        "rank": 584,
        "tier": "P3"
      },
      "geometry": {
        "type": "Polygon",
        "coordinates": [
          [
            [
              91.2488547566245,
              26.17139333995896
            ],
            [
              91.24871985201095,
              26.180418744881898
            ],
            [
              91.2387170035677,
              26.180296646935954
            ],
            [
              91.23885267775248,
              26.17127129038174
            ],
            [
              91.2488547566245,
              26.17139333995896
            ]
          ]
        ]
      }
    },
    {
      "id": "510",
      "type": "Feature",
      "properties": {
        "zone_id": "Grid-16-14",
        "name": "Grid-16-14",
        "flood_km2": 0.01,
        "flood_pct": 1.0,
        "zone_area_km2": 1.0,
        "population": 162.3678,
        "people_affected": 1.6237,
        "facilities_hit": 0,
        "facilities_by_type": {},
        "road_cut_km": 0.0,
        "confidence": "Low",
        "confidence_score": 0.336,
        "reason": "Low: single-method detection (methods disagree); optical ML unavailable for zone",
        "conf_detail": {
          "agreement_ratio": 0.0,
          "terrain_penalty": 0.0,
          "time_penalty": 0.375,
          "margin_score": 0.557,
          "method_penalty": 0.15
        },
        "breakdown": {
          "severity": 0.0043,
          "people": 0.0006,
          "facilities": 0.0,
          "roads": 0.0
        },
        "score": 0.0049,
        "rank": 585,
        "tier": "P3"
      },
      "geometry": {
        "type": "Polygon",
        "coordinates": [
          [
            [
              91.09809757334061,
              26.21461282616825
            ],
            [
              91.0979507797631,
              26.223637416250263
            ],
            [
              91.08794508378091,
              26.223504637752765
            ],
            [
              91.0880926484196,
              26.21448010020421
            ],
            [
              91.09809757334061,
              26.21461282616825
            ]
          ]
        ]
      }
    }
  ]
}
